rid,org_id,flag,flag_reason,resp_sec,sex,age,edu,marital,tenure_yr,career_yr,n_prev_job,n_try_move,rank,firm_size,emp_type,job_fn,wage_10k,org_size,org_industry,SC_SK_01,SC_SK_02,SC_SK_03,SC_SK_04,SC_SJ_01R,SC_SJ_02R,SC_SJ_03R,SC_SJ_04R,SC_CH_01,SC_CH_02,SC_CH_03,SC_CH_04,SC_IS_01R,SC_IS_02R,SC_IS_03R,SC_IS_04R,SC_MI_01,SC_MI_02,SC_MI_03,SC_MI_04,SC_OI_01R,SC_OI_02R,SC_OI_03R,SC_OI_04R,PC_EF_01,PC_EF_02,PC_EF_03,PC_EF_04,PC_EF_05,PC_HO_01,PC_HO_02,PC_HO_03,PC_HO_04,PC_HO_05,PC_RE_01,PC_RE_02,PC_RE_03,PC_RE_04,PC_RE_05R,PC_OP_01,PC_OP_02,PC_OP_03,PC_OP_04,PC_OP_05,CM_CE_01,CM_CE_02,CM_CE_03,CM_CE_04,CM_NW_01,CM_NW_02,CM_NW_03,CM_NW_04,CM_SP_01,CM_SP_02,CM_SP_03,CM_SP_04,CM_MB_01,CM_MB_02,CM_MB_03,CM_MB_04,WE_VI_01,WE_VI_02,WE_VI_03,WE_VI_04,WE_DE_01,WE_DE_02,WE_DE_03,WE_DE_04,WE_AB_01,WE_AB_02,WE_AB_03,WE_AB_04,PA_PA_01,PA_PA_02,PA_PA_03,PA_PA_04,PA_PA_05,PA_PA_06R,PA_PA_07,PA_PA_08,LS_LS_01,LS_LS_02,LS_LS_03,LS_LS_04,LS_LS_05,TI_TI_01,TI_TI_02,TI_TI_03,JP_JP_01,JP_JP_02,JP_JP_03,JP_JP_04,EX_EX_01,EX_EX_02,EX_EX_03,EX_EX_04,W1_SC_p1,W1_SC_p2,W1_SC_p3,W1_WE_p1,W1_WE_p2,W1_WE_p3,W1_TI_p1,W1_TI_p2,W1_TI_p3,W2_SC_p1,W2_SC_p2,W2_SC_p3,W2_WE_p1,W2_WE_p2,W2_WE_p3,W2_TI_p1,W2_TI_p2,W2_TI_p3,W3_SC_p1,W3_SC_p2,W3_SC_p3,W3_WE_p1,W3_WE_p2,W3_WE_p3,W3_TI_p1,W3_TI_p2,W3_TI_p3,left_12m,time_months,event,SK_m,SJ_m,CH_m,IS_m,MI_m,OI_m,SC_TOT,EF_m,HO_m,RE_m,OP_m,PC_TOT,CE_m,NW_m,SP_m,MB_m,CM_TOT,VI_m,DE_m,AB_m,WE_TOT,PA_m,PA_TOT,LS_m,LS_TOT,TI_m,TI_TOT,JP_m,JP_TOT,EX_m,EX_TOT
R0001,ORG01,0,,666,2,31,3,2,1.9,6.6,3,3.0,1,1,2,4,251.0,1256,4,3.0,2.0,1.0,2.0,3.0,3.0,4.0,4.0,2.0,2.0,2.0,2.0,3.0,3.0,4.0,5.0,3.0,2.0,1.0,3.0,3.0,2.0,5.0,4.0,2.0,3.0,3.0,2.0,2.0,2.0,3.0,3.0,4.0,3.0,2.0,3.0,2.0,3.0,4.0,3.0,3.0,3.0,3.0,4.0,2.0,1.0,3.0,3.0,2.0,3.0,1.0,2.0,3.0,3.0,3.0,3.0,3.0,3.0,3.0,1.0,2.0,3.0,4.0,4.0,4.0,4.0,4.0,3.0,3.0,2.0,4.0,2.0,4.0,4.0,5.0,3.0,4.0,2.0,4.0,4.0,3.0,2.0,1.0,2.0,2.0,4.0,3.0,3.0,3.0,3.0,2.0,2.0,3.0,3.0,3.0,2.0,3.0,3.0,3.0,2.0,3.0,3.0,3.0,3.0,3.0,,,,,,,,,,,,,,,,,,,1.0,3.6,1.0,2.0,2.5,2.0,2.25,2.25,2.5,2.25,2.4,3.0,2.4,3.2,2.75,2.25,2.0,3.0,2.5,2.4375,3.25,3.75,2.75,3.25,4.0,4.0,2.0,2.0,3.3333333333333335,3.3333333333333335,2.5,2.5,2.75,2.75
R0002,ORG01,0,,1448,1,32,3,2,0.8,4.3,1,0.0,1,3,1,3,147.0,1256,4,4.0,4.0,4.0,4.0,4.0,4.0,4.0,4.0,4.0,4.0,4.0,4.0,4.0,4.0,4.0,4.0,4.0,4.0,4.0,4.0,4.0,4.0,4.0,4.0,4.0,4.0,4.0,4.0,4.0,4.0,4.0,4.0,4.0,4.0,4.0,4.0,4.0,4.0,4.0,4.0,4.0,4.0,4.0,4.0,4.0,4.0,4.0,4.0,4.0,4.0,4.0,4.0,4.0,4.0,4.0,4.0,4.0,4.0,4.0,4.0,4.0,4.0,4.0,4.0,4.0,4.0,4.0,4.0,4.0,4.0,4.0,4.0,4.0,4.0,4.0,4.0,4.0,4.0,4.0,4.0,4.0,4.0,4.0,4.0,4.0,4.0,4.0,4.0,4.0,4.0,4.0,4.0,4.0,4.0,4.0,4.0,4.0,5.0,5.0,4.0,5.0,4.0,2.0,1.0,2.0,4.0,4.0,5.0,4.0,3.0,4.0,3.0,2.0,3.0,4.0,5.0,5.0,3.0,4.0,4.0,1.0,2.0,1.0,1.0,22.8,0.0,4.0,2.0,4.0,2.0,4.0,2.0,3.0,4.0,4.0,3.6,4.0,3.9,4.0,4.0,4.0,4.0,4.0,4.0,4.0,4.0,4.0,3.75,3.75,4.0,4.0,4.0,4.0,4.0,4.0,4.0,4.0
R0003,ORG01,0,,1199,2,35,1,1,4.2,7.7,2,0.0,1,1,1,3,203.0,1256,4,5.0,3.0,5.0,3.0,3.0,4.0,3.0,3.0,4.0,4.0,4.0,4.0,2.0,3.0,2.0,3.0,3.0,3.0,2.0,3.0,3.0,3.0,3.0,4.0,4.0,3.0,4.0,4.0,4.0,3.0,4.0,5.0,5.0,4.0,5.0,5.0,4.0,5.0,1.0,3.0,4.0,2.0,3.0,2.0,3.0,4.0,2.0,4.0,5.0,4.0,3.0,4.0,4.0,3.0,4.0,4.0,4.0,5.0,4.0,4.0,4.0,4.0,4.0,4.0,4.0,3.0,5.0,3.0,3.0,2.0,3.0,2.0,4.0,3.0,3.0,4.0,3.0,4.0,3.0,3.0,4.0,4.0,3.0,3.0,3.0,2.0,1.0,3.0,4.0,3.0,4.0,3.0,5.0,4.0,4.0,4.0,5.0,4.0,3.0,4.0,4.0,3.0,4.0,3.0,2.0,3.0,3.0,4.0,4.0,5.0,4.0,2.0,3.0,2.0,,,,,,,,,,0.0,17.0,0.0,4.0,2.75,4.0,3.5,2.75,2.75,3.2916666666666665,3.8,4.2,4.8,2.8,3.9,3.25,4.0,3.75,4.25,3.8125,4.0,3.75,2.5,3.4166666666666665,3.125,3.125,3.4,3.4,2.0,2.0,3.5,3.5,4.25,4.25
R0004,ORG01,0,,806,1,34,1,1,4.7,6.8,1,0.0,1,2,1,1,356.0,1256,4,5.0,4.0,4.0,4.0,3.0,2.0,2.0,3.0,4.0,3.0,3.0,3.0,4.0,4.0,3.0,4.0,3.0,2.0,4.0,2.0,2.0,3.0,2.0,3.0,4.0,5.0,5.0,4.0,4.0,3.0,2.0,3.0,3.0,4.0,5.0,5.0,4.0,4.0,3.0,4.0,3.0,3.0,3.0,2.0,4.0,5.0,4.0,3.0,5.0,5.0,3.0,4.0,3.0,3.0,4.0,4.0,3.0,4.0,4.0,3.0,3.0,3.0,2.0,2.0,3.0,4.0,4.0,2.0,3.0,2.0,4.0,2.0,5.0,4.0,5.0,5.0,3.0,1.0,4.0,3.0,2.0,2.0,3.0,4.0,2.0,3.0,4.0,2.0,4.0,3.0,3.0,4.0,3.0,2.0,3.0,2.0,4.0,3.0,3.0,2.0,1.0,3.0,2.0,3.0,2.0,4.0,3.0,3.0,3.0,2.0,2.0,3.0,3.0,4.0,2.0,2.0,2.0,3.0,2.0,4.0,4.0,2.0,3.0,1.0,2.2,1.0,4.25,3.5,3.25,2.25,2.75,3.5,3.25,4.4,3.0,4.2,3.0,3.65,4.0,4.25,3.5,3.5,3.8125,2.5,3.25,2.75,2.8333333333333335,4.25,4.25,2.6,2.6,3.0,3.0,3.5,3.5,2.5,2.5
R0005,ORG01,0,,435,2,28,3,1,4.2,6.7,0,19.0,1,1,1,10,211.0,1256,4,3.0,3.0,3.0,3.0,2.0,3.0,2.0,3.0,3.0,3.0,3.0,3.0,2.0,2.0,4.0,4.0,4.0,4.0,4.0,3.0,2.0,2.0,3.0,3.0,4.0,3.0,4.0,4.0,3.0,3.0,4.0,4.0,3.0,4.0,4.0,4.0,5.0,4.0,2.0,4.0,4.0,3.0,4.0,3.0,4.0,3.0,4.0,4.0,5.0,4.0,5.0,5.0,4.0,4.0,4.0,4.0,4.0,5.0,5.0,5.0,4.0,5.0,5.0,4.0,4.0,3.0,5.0,4.0,4.0,5.0,4.0,3.0,4.0,3.0,5.0,4.0,5.0,1.0,4.0,3.0,2.0,2.0,3.0,3.0,2.0,3.0,4.0,3.0,5.0,5.0,5.0,5.0,4.0,3.0,2.0,3.0,3.0,3.0,4.0,5.0,5.0,3.0,4.0,3.0,3.0,3.0,4.0,4.0,3.0,3.0,4.0,3.0,2.0,3.0,5.0,3.0,4.0,3.0,4.0,4.0,4.0,3.0,2.0,0.0,14.3,0.0,3.0,3.5,3.0,3.0,3.75,3.5,3.2916666666666665,3.6,3.6,4.2,3.6,3.75,3.75,4.75,4.0,4.75,4.3125,4.5,4.0,4.0,4.166666666666667,4.125,4.125,2.4,2.4,3.3333333333333335,3.3333333333333335,5.0,5.0,3.0,3.0
R0006,ORG01,0,,876,1,38,3,1,4.9,5.4,1,0.0,3,3,1,1,,1256,4,4.0,5.0,5.0,4.0,3.0,3.0,3.0,4.0,4.0,3.0,4.0,4.0,3.0,4.0,4.0,3.0,,3.0,3.0,3.0,3.0,4.0,3.0,3.0,5.0,4.0,4.0,4.0,4.0,5.0,3.0,5.0,4.0,5.0,3.0,3.0,3.0,3.0,3.0,3.0,4.0,4.0,3.0,3.0,2.0,2.0,3.0,4.0,2.0,5.0,4.0,3.0,3.0,3.0,3.0,2.0,4.0,4.0,3.0,3.0,3.0,3.0,4.0,3.0,4.0,3.0,3.0,4.0,4.0,4.0,4.0,3.0,4.0,1.0,3.0,3.0,4.0,3.0,2.0,3.0,5.0,5.0,3.0,4.0,2.0,3.0,4.0,3.0,3.0,3.0,3.0,4.0,3.0,2.0,2.0,2.0,4.0,4.0,2.0,4.0,3.0,3.0,2.0,3.0,3.0,3.0,4.0,4.0,4.0,3.0,3.0,2.0,3.0,3.0,4.0,4.0,3.0,3.0,4.0,4.0,3.0,3.0,4.0,1.0,3.6,1.0,4.5,2.75,3.75,2.5,3.0,2.75,3.217391304347826,4.2,4.4,3.0,3.4,3.75,2.75,3.5,2.75,3.5,3.125,3.25,3.5,3.75,3.5,2.875,2.875,3.8,3.8000000000000003,3.3333333333333335,3.3333333333333335,3.25,3.25,2.25,2.25
R0007,ORG01,0,,733,1,35,1,2,0.7,2.9,1,0.0,1,1,1,4,273.0,1256,4,5.0,4.0,5.0,5.0,2.0,2.0,3.0,4.0,4.0,5.0,5.0,4.0,3.0,1.0,3.0,3.0,4.0,5.0,3.0,5.0,2.0,1.0,2.0,2.0,4.0,5.0,2.0,4.0,4.0,4.0,4.0,5.0,5.0,4.0,4.0,4.0,4.0,4.0,3.0,4.0,3.0,3.0,4.0,3.0,5.0,4.0,3.0,4.0,4.0,4.0,3.0,4.0,4.0,4.0,4.0,4.0,4.0,3.0,2.0,3.0,,4.0,5.0,4.0,3.0,3.0,4.0,4.0,5.0,4.0,5.0,5.0,4.0,3.0,3.0,4.0,3.0,3.0,3.0,2.0,3.0,3.0,4.0,5.0,4.0,3.0,3.0,3.0,4.0,5.0,4.0,4.0,2.0,3.0,2.0,2.0,4.0,4.0,4.0,4.0,4.0,4.0,3.0,4.0,3.0,4.0,5.0,5.0,3.0,2.0,4.0,4.0,3.0,3.0,4.0,4.0,4.0,3.0,3.0,3.0,3.0,2.0,1.0,0.0,10.4,1.0,4.75,3.25,4.5,3.5,4.25,4.25,4.083333333333333,3.8,4.4,3.8,3.4,3.85,4.0,3.75,4.0,3.0,3.6875,4.333333333333333,3.5,4.75,4.181818181818182,3.125,3.125,3.8,3.8000000000000003,3.0,3.0,4.25,4.25,2.25,2.25
R0008,ORG01,0,,879,2,34,3,2,4.4,5.2,1,2.0,1,3,1,5,240.0,1256,4,2.0,3.0,3.0,4.0,3.0,3.0,3.0,3.0,2.0,4.0,2.0,2.0,4.0,4.0,3.0,3.0,3.0,2.0,2.0,3.0,2.0,3.0,3.0,3.0,5.0,5.0,5.0,5.0,5.0,5.0,5.0,5.0,5.0,4.0,5.0,5.0,4.0,5.0,1.0,4.0,4.0,3.0,5.0,4.0,4.0,4.0,4.0,4.0,4.0,4.0,4.0,4.0,4.0,3.0,4.0,5.0,2.0,3.0,3.0,2.0,4.0,5.0,4.0,4.0,3.0,5.0,3.0,5.0,4.0,4.0,3.0,4.0,5.0,3.0,4.0,3.0,3.0,3.0,3.0,4.0,3.0,2.0,2.0,3.0,3.0,2.0,3.0,2.0,4.0,4.0,5.0,4.0,4.0,4.0,3.0,3.0,4.0,4.0,5.0,4.0,4.0,4.0,2.0,3.0,3.0,4.0,5.0,4.0,3.0,3.0,4.0,3.0,4.0,3.0,3.0,2.0,4.0,4.0,3.0,5.0,3.0,3.0,3.0,0.0,32.7,0.0,3.0,3.0,2.5,2.5,2.5,3.25,2.7916666666666665,5.0,4.8,4.8,4.0,4.65,4.0,4.0,4.0,2.5,3.625,4.25,4.0,3.75,4.0,3.5,3.5,2.6,2.6,2.3333333333333335,2.3333333333333335,4.25,4.25,3.5,3.5
R0009,ORG02,0,,421,2,27,2,2,3.4,7.4,2,1.0,3,1,1,10,323.0,378,3,3.0,2.0,2.0,2.0,3.0,2.0,4.0,4.0,3.0,3.0,2.0,3.0,4.0,2.0,4.0,4.0,3.0,4.0,3.0,3.0,4.0,3.0,4.0,4.0,3.0,2.0,3.0,4.0,2.0,2.0,3.0,2.0,2.0,3.0,5.0,4.0,3.0,3.0,3.0,4.0,2.0,3.0,3.0,3.0,2.0,2.0,2.0,3.0,2.0,3.0,2.0,1.0,3.0,3.0,4.0,4.0,3.0,3.0,2.0,2.0,2.0,1.0,2.0,2.0,3.0,4.0,3.0,2.0,2.0,2.0,3.0,2.0,4.0,3.0,4.0,4.0,4.0,1.0,5.0,4.0,4.0,3.0,2.0,3.0,3.0,5.0,4.0,4.0,3.0,2.0,4.0,3.0,4.0,4.0,2.0,5.0,1.0,2.0,2.0,1.0,1.0,2.0,4.0,5.0,4.0,,,,,,,,,,,,,,,,,,,1.0,3.8,1.0,2.25,2.75,2.75,2.5,3.25,2.25,2.625,2.8,2.4,3.6,3.0,2.95,2.25,2.0,3.5,2.5,2.5625,1.75,3.0,2.25,2.3333333333333335,4.125,4.125,3.0,3.0,4.333333333333333,4.333333333333333,3.0,3.0,3.75,3.75
R0010,ORG02,0,,1268,1,33,3,1,4.3,7.0,3,1.0,3,1,2,4,193.0,378,3,4.0,4.0,3.0,4.0,3.0,2.0,3.0,4.0,3.0,3.0,4.0,2.0,3.0,2.0,2.0,2.0,4.0,3.0,4.0,2.0,2.0,3.0,3.0,3.0,3.0,5.0,3.0,4.0,3.0,4.0,3.0,3.0,3.0,3.0,4.0,5.0,5.0,4.0,2.0,4.0,5.0,4.0,5.0,3.0,3.0,4.0,3.0,4.0,2.0,2.0,2.0,3.0,5.0,5.0,5.0,4.0,5.0,4.0,5.0,4.0,5.0,4.0,4.0,4.0,4.0,4.0,3.0,4.0,4.0,4.0,4.0,4.0,3.0,4.0,4.0,4.0,4.0,3.0,5.0,3.0,4.0,4.0,5.0,3.0,3.0,3.0,2.0,2.0,4.0,4.0,5.0,4.0,4.0,3.0,2.0,3.0,3.0,4.0,3.0,4.0,4.0,4.0,1.0,2.0,1.0,,,,,,,,,,,,,,,,,,,0.0,20.8,0.0,3.75,3.0,3.0,3.75,3.25,3.25,3.3333333333333335,3.6,3.2,4.4,4.2,3.85,3.5,2.25,4.75,4.5,3.75,4.25,3.75,4.0,4.0,3.75,3.75,3.8,3.8000000000000003,2.3333333333333335,2.3333333333333335,4.25,4.25,3.0,3.0
R0011,ORG02,0,,995,1,23,4,1,5.0,7.0,1,1.0,6,1,1,3,237.0,378,3,4.0,3.0,2.0,4.0,4.0,5.0,4.0,4.0,2.0,2.0,3.0,4.0,4.0,4.0,4.0,3.0,4.0,4.0,3.0,4.0,3.0,3.0,3.0,2.0,4.0,2.0,3.0,3.0,2.0,4.0,2.0,3.0,3.0,3.0,2.0,2.0,1.0,2.0,5.0,3.0,4.0,3.0,4.0,3.0,2.0,2.0,3.0,2.0,3.0,1.0,2.0,2.0,2.0,3.0,3.0,3.0,3.0,3.0,3.0,2.0,3.0,3.0,3.0,3.0,3.0,3.0,2.0,3.0,2.0,3.0,3.0,2.0,2.0,2.0,3.0,2.0,2.0,4.0,1.0,3.0,2.0,3.0,2.0,2.0,3.0,5.0,4.0,4.0,2.0,1.0,1.0,2.0,3.0,5.0,4.0,3.0,3.0,3.0,3.0,3.0,4.0,3.0,3.0,4.0,4.0,,,,,,,,,,,,,,,,,,,1.0,5.6,1.0,3.25,1.75,2.75,2.25,3.75,3.25,2.8333333333333335,2.8,3.0,1.6,3.4,2.7,2.25,2.0,2.75,2.75,2.4375,3.0,2.75,2.5,2.75,2.125,2.125,2.4,2.4,4.333333333333333,4.333333333333333,1.5,1.5,3.75,3.75
R0012,ORG02,0,,1135,2,34,3,1,5.8,9.5,0,0.0,2,3,1,5,336.0,378,3,3.0,3.0,3.0,3.0,3.0,3.0,3.0,3.0,3.0,3.0,3.0,3.0,3.0,3.0,3.0,3.0,3.0,3.0,3.0,3.0,3.0,3.0,3.0,3.0,3.0,3.0,3.0,3.0,3.0,3.0,3.0,3.0,3.0,3.0,3.0,3.0,3.0,3.0,3.0,3.0,3.0,3.0,3.0,3.0,3.0,3.0,3.0,3.0,3.0,3.0,3.0,3.0,3.0,3.0,3.0,3.0,3.0,3.0,3.0,3.0,3.0,3.0,3.0,3.0,3.0,3.0,3.0,3.0,3.0,3.0,3.0,3.0,3.0,3.0,3.0,3.0,3.0,3.0,3.0,3.0,3.0,3.0,3.0,3.0,3.0,3.0,3.0,3.0,3.0,3.0,3.0,3.0,3.0,3.0,3.0,3.0,3.0,3.0,3.0,4.0,3.0,4.0,3.0,3.0,5.0,,,,,,,,,,,,,,,,,,,0.0,13.5,0.0,3.0,3.0,3.0,3.0,3.0,3.0,3.0,3.0,3.0,3.0,3.0,3.0,3.0,3.0,3.0,3.0,3.0,3.0,3.0,3.0,3.0,3.0,3.0,3.0,3.0,3.0,3.0,3.0,3.0,3.0,3.0
R0013,ORG02,0,,1146,2,32,3,1,8.0,12.3,2,1.0,2,2,1,5,,378,3,4.0,5.0,4.0,4.0,2.0,2.0,3.0,3.0,4.0,5.0,5.0,5.0,2.0,3.0,4.0,4.0,2.0,3.0,3.0,3.0,3.0,3.0,3.0,3.0,4.0,3.0,3.0,3.0,3.0,4.0,3.0,4.0,3.0,5.0,4.0,4.0,5.0,4.0,3.0,4.0,4.0,3.0,4.0,2.0,2.0,2.0,2.0,2.0,2.0,2.0,2.0,3.0,2.0,2.0,4.0,3.0,3.0,2.0,2.0,1.0,5.0,3.0,3.0,3.0,4.0,3.0,4.0,3.0,2.0,2.0,2.0,2.0,2.0,2.0,3.0,3.0,4.0,4.0,1.0,1.0,3.0,5.0,4.0,5.0,4.0,4.0,4.0,4.0,4.0,3.0,3.0,3.0,3.0,3.0,3.0,3.0,2.0,3.0,3.0,3.0,4.0,3.0,4.0,2.0,5.0,2.0,2.0,3.0,4.0,5.0,3.0,3.0,3.0,2.0,2.0,2.0,2.0,2.0,3.0,1.0,2.0,3.0,4.0,0.0,9.8,0.0,4.25,3.5,4.75,2.75,2.75,3.0,3.5,3.2,3.8,4.0,3.4,3.6,2.0,2.25,2.75,2.0,2.25,3.5,3.5,2.0,3.0,2.25,2.25,4.2,4.2,4.0,4.0,3.25,3.25,3.0,3.0
R0014,ORG02,0,,753,2,31,1,1,4.8,7.9,2,0.0,2,1,1,7,366.0,378,3,5.0,4.0,3.0,4.0,3.0,4.0,3.0,3.0,3.0,3.0,3.0,4.0,3.0,3.0,3.0,4.0,3.0,3.0,2.0,3.0,4.0,4.0,3.0,4.0,4.0,5.0,4.0,5.0,3.0,3.0,3.0,5.0,3.0,3.0,4.0,4.0,2.0,2.0,3.0,3.0,3.0,3.0,3.0,2.0,3.0,5.0,4.0,4.0,4.0,4.0,4.0,3.0,4.0,4.0,5.0,5.0,3.0,3.0,2.0,3.0,3.0,4.0,3.0,3.0,4.0,3.0,4.0,4.0,4.0,5.0,5.0,5.0,1.0,2.0,2.0,3.0,1.0,4.0,2.0,3.0,4.0,4.0,5.0,5.0,5.0,2.0,2.0,3.0,5.0,4.0,5.0,4.0,4.0,2.0,4.0,3.0,3.0,3.0,4.0,4.0,3.0,4.0,1.0,2.0,1.0,3.0,5.0,5.0,3.0,2.0,4.0,2.0,4.0,3.0,2.0,3.0,3.0,3.0,3.0,4.0,3.0,3.0,3.0,0.0,30.2,0.0,4.0,2.75,3.25,2.75,2.75,2.25,2.9583333333333335,4.2,3.4,3.0,2.8,3.35,4.0,3.75,4.5,2.75,3.75,3.25,3.75,4.75,3.9166666666666665,2.0,2.0,4.6,4.6000000000000005,2.3333333333333335,2.3333333333333335,4.5,4.5,3.25,3.25
R0015,ORG02,0,,1325,1,36,3,2,3.9,5.3,4,0.0,1,2,1,10,509.0,378,3,4.0,3.0,2.0,2.0,2.0,2.0,2.0,2.0,3.0,3.0,3.0,3.0,4.0,4.0,4.0,4.0,4.0,3.0,3.0,3.0,3.0,3.0,3.0,3.0,4.0,4.0,5.0,5.0,4.0,3.0,3.0,4.0,4.0,4.0,4.0,4.0,4.0,2.0,2.0,1.0,3.0,3.0,3.0,3.0,4.0,4.0,4.0,5.0,3.0,3.0,4.0,3.0,5.0,5.0,5.0,5.0,5.0,5.0,5.0,5.0,3.0,4.0,3.0,4.0,4.0,5.0,4.0,4.0,2.0,3.0,4.0,2.0,2.0,2.0,2.0,2.0,4.0,3.0,2.0,3.0,4.0,5.0,5.0,4.0,5.0,4.0,5.0,5.0,4.0,4.0,4.0,4.0,3.0,3.0,5.0,2.0,3.0,3.0,3.0,3.0,4.0,4.0,3.0,3.0,4.0,3.0,2.0,3.0,4.0,5.0,4.0,4.0,3.0,4.0,4.0,3.0,2.0,4.0,4.0,4.0,3.0,2.0,3.0,0.0,5.9,1.0,2.75,4.0,3.0,2.0,3.25,3.0,3.0,4.4,3.6,3.6,2.6,3.55,4.25,3.25,5.0,5.0,4.375,3.5,4.25,2.75,3.5,2.5,2.5,4.6,4.6000000000000005,4.666666666666667,4.666666666666667,4.0,4.0,3.25,3.25
R0016,ORG02,0,,1226,1,39,3,1,5.9,8.0,2,2.0,2,1,1,3,320.0,378,3,4.0,3.0,4.0,4.0,3.0,3.0,2.0,4.0,4.0,3.0,3.0,3.0,3.0,3.0,3.0,3.0,3.0,3.0,4.0,2.0,4.0,3.0,3.0,3.0,3.0,5.0,2.0,3.0,3.0,2.0,3.0,2.0,3.0,3.0,3.0,3.0,4.0,4.0,3.0,4.0,3.0,4.0,3.0,3.0,4.0,4.0,3.0,3.0,4.0,3.0,4.0,3.0,4.0,4.0,4.0,4.0,4.0,3.0,5.0,4.0,4.0,2.0,4.0,4.0,3.0,2.0,2.0,3.0,3.0,3.0,3.0,4.0,4.0,4.0,2.0,3.0,4.0,2.0,3.0,2.0,3.0,3.0,3.0,2.0,2.0,4.0,4.0,3.0,4.0,5.0,3.0,3.0,2.0,5.0,5.0,5.0,3.0,4.0,3.0,3.0,3.0,3.0,3.0,4.0,3.0,3.0,2.0,2.0,2.0,4.0,4.0,2.0,2.0,2.0,1.0,3.0,2.0,2.0,2.0,3.0,4.0,4.0,3.0,1.0,12.0,0.0,3.75,3.0,3.25,3.0,3.0,2.75,3.125,3.2,2.6,3.4,3.4,3.15,3.5,3.5,4.0,4.0,3.75,3.5,2.5,3.25,3.0833333333333335,3.25,3.25,2.6,2.6,3.6666666666666665,3.6666666666666665,3.75,3.75,4.25,4.25
R0017,ORG02,0,,403,1,27,3,2,5.2,6.7,1,4.0,2,1,1,6,424.0,378,3,4.0,3.0,4.0,3.0,3.0,3.0,3.0,3.0,4.0,3.0,4.0,4.0,5.0,5.0,4.0,3.0,4.0,2.0,2.0,2.0,2.0,3.0,3.0,4.0,4.0,3.0,3.0,4.0,5.0,4.0,4.0,3.0,4.0,3.0,5.0,4.0,4.0,3.0,3.0,5.0,5.0,4.0,5.0,4.0,3.0,2.0,3.0,3.0,5.0,4.0,3.0,4.0,3.0,3.0,4.0,4.0,4.0,3.0,2.0,4.0,3.0,2.0,2.0,2.0,4.0,2.0,3.0,4.0,3.0,5.0,3.0,5.0,3.0,3.0,4.0,2.0,2.0,4.0,4.0,4.0,5.0,5.0,5.0,5.0,3.0,4.0,3.0,2.0,2.0,2.0,2.0,2.0,4.0,2.0,2.0,2.0,3.0,3.0,3.0,3.0,2.0,3.0,4.0,3.0,4.0,3.0,2.0,4.0,4.0,3.0,3.0,3.0,5.0,4.0,4.0,4.0,5.0,4.0,5.0,4.0,4.0,3.0,4.0,1.0,12.4,0.0,3.5,3.0,3.75,1.75,2.5,3.0,2.9166666666666665,3.8,3.6,3.8,4.6,3.95,2.75,4.0,3.5,3.25,3.375,2.25,3.25,4.0,3.1666666666666665,3.0,3.0,4.6,4.6000000000000005,3.0,3.0,2.0,2.0,2.5,2.5
R0018,ORG03,0,,445,1,30,3,1,1.6,3.2,1,1.0,2,2,1,5,279.0,2689,1,4.0,3.0,4.0,4.0,2.0,1.0,4.0,3.0,5.0,4.0,3.0,4.0,3.0,3.0,3.0,2.0,3.0,3.0,3.0,3.0,4.0,2.0,3.0,4.0,4.0,5.0,4.0,4.0,4.0,3.0,4.0,4.0,4.0,3.0,4.0,4.0,3.0,4.0,2.0,5.0,4.0,4.0,4.0,4.0,4.0,4.0,4.0,3.0,4.0,3.0,2.0,3.0,5.0,4.0,5.0,4.0,5.0,4.0,5.0,5.0,4.0,4.0,4.0,4.0,4.0,4.0,3.0,4.0,3.0,4.0,4.0,3.0,4.0,4.0,4.0,1.0,4.0,4.0,3.0,3.0,2.0,2.0,3.0,3.0,2.0,3.0,4.0,3.0,3.0,3.0,4.0,3.0,5.0,2.0,5.0,4.0,5.0,4.0,4.0,5.0,4.0,3.0,3.0,3.0,3.0,4.0,4.0,4.0,5.0,3.0,4.0,3.0,3.0,5.0,3.0,4.0,4.0,3.0,3.0,3.0,3.0,4.0,3.0,0.0,29.9,0.0,3.75,3.5,4.0,3.25,3.0,2.75,3.375,4.2,3.6,3.8,4.2,3.95,3.75,3.0,4.5,4.75,4.0,4.0,3.75,3.5,3.75,3.125,3.125,2.4,2.4,3.3333333333333335,3.3333333333333335,3.25,3.25,4.0,4.0
R0019,ORG03,0,,647,2,30,3,1,5.6,5.8,0,0.0,1,3,1,10,233.0,2689,1,4.0,2.0,3.0,3.0,2.0,2.0,3.0,3.0,3.0,3.0,4.0,4.0,2.0,1.0,2.0,2.0,2.0,4.0,3.0,4.0,3.0,2.0,3.0,4.0,2.0,3.0,1.0,2.0,2.0,2.0,3.0,3.0,3.0,4.0,4.0,4.0,3.0,3.0,3.0,1.0,3.0,2.0,1.0,3.0,3.0,4.0,4.0,2.0,4.0,5.0,4.0,3.0,3.0,3.0,2.0,4.0,3.0,4.0,3.0,2.0,2.0,2.0,3.0,3.0,4.0,4.0,3.0,4.0,3.0,1.0,2.0,3.0,2.0,4.0,4.0,4.0,3.0,3.0,3.0,4.0,2.0,2.0,3.0,3.0,3.0,4.0,4.0,4.0,4.0,4.0,5.0,5.0,4.0,2.0,3.0,2.0,3.0,3.0,2.0,3.0,2.0,3.0,4.0,4.0,2.0,3.0,3.0,3.0,3.0,3.0,3.0,3.0,5.0,3.0,3.0,3.0,2.0,2.0,3.0,3.0,3.0,3.0,3.0,0.0,6.1,1.0,3.0,3.5,3.5,4.25,3.25,3.0,3.4166666666666665,2.0,3.0,3.4,2.0,2.6,3.25,4.0,3.0,3.0,3.3125,2.5,3.75,2.25,2.8333333333333335,3.375,3.375,2.6,2.6,4.0,4.0,4.5,4.5,2.75,2.75
R0020,ORG03,0,,577,1,24,3,1,4.3,5.0,0,4.0,2,2,1,5,,2689,1,3.0,4.0,3.0,3.0,3.0,4.0,2.0,4.0,5.0,4.0,3.0,4.0,1.0,1.0,1.0,3.0,4.0,4.0,3.0,3.0,2.0,2.0,3.0,2.0,2.0,2.0,3.0,4.0,3.0,4.0,4.0,3.0,4.0,4.0,4.0,3.0,3.0,3.0,4.0,3.0,4.0,3.0,3.0,2.0,4.0,3.0,4.0,3.0,3.0,4.0,4.0,4.0,3.0,3.0,4.0,3.0,3.0,3.0,3.0,2.0,4.0,5.0,4.0,5.0,4.0,4.0,4.0,4.0,3.0,3.0,2.0,4.0,4.0,4.0,3.0,2.0,3.0,3.0,2.0,3.0,4.0,2.0,3.0,2.0,3.0,2.0,3.0,3.0,4.0,5.0,4.0,4.0,4.0,3.0,4.0,3.0,3.0,4.0,4.0,3.0,3.0,3.0,3.0,3.0,3.0,4.0,3.0,3.0,3.0,3.0,3.0,2.0,4.0,4.0,4.0,4.0,4.0,4.0,5.0,4.0,3.0,3.0,2.0,0.0,14.4,0.0,3.25,2.75,4.0,4.5,3.5,3.75,3.625,2.8,3.8,3.0,3.0,3.15,3.5,3.75,3.25,2.75,3.3125,4.5,4.0,3.0,3.8333333333333335,3.0,3.0,2.8,2.8000000000000003,2.6666666666666665,2.6666666666666665,4.25,4.25,3.5,3.5
R0021,ORG03,0,,1053,2,26,3,1,1.5,4.6,0,1.0,2,3,1,5,,2689,1,3.0,4.0,4.0,4.0,3.0,3.0,3.0,3.0,4.0,5.0,4.0,3.0,2.0,2.0,2.0,2.0,4.0,5.0,4.0,4.0,2.0,3.0,2.0,3.0,4.0,5.0,4.0,4.0,4.0,4.0,5.0,4.0,4.0,3.0,2.0,3.0,3.0,4.0,4.0,3.0,3.0,3.0,3.0,3.0,4.0,2.0,5.0,4.0,3.0,3.0,3.0,3.0,3.0,3.0,3.0,3.0,5.0,4.0,5.0,5.0,5.0,4.0,4.0,5.0,5.0,2.0,3.0,4.0,4.0,4.0,5.0,3.0,5.0,4.0,5.0,3.0,5.0,2.0,3.0,4.0,4.0,2.0,2.0,4.0,3.0,3.0,4.0,2.0,4.0,3.0,5.0,4.0,4.0,3.0,3.0,2.0,3.0,4.0,3.0,4.0,5.0,4.0,3.0,4.0,2.0,3.0,4.0,3.0,5.0,5.0,4.0,2.0,4.0,2.0,3.0,5.0,5.0,4.0,4.0,4.0,3.0,1.0,2.0,0.0,13.2,0.0,3.75,3.0,4.0,4.0,4.25,3.5,3.75,4.2,4.0,2.8,3.0,3.5,3.75,3.0,3.0,4.75,3.625,4.5,3.5,4.0,4.0,4.125,4.125,3.0,3.0,3.0,3.0,4.0,4.0,3.0,3.0
R0022,ORG03,0,,652,2,39,3,1,3.4,5.4,1,0.0,1,3,1,2,219.0,2689,1,4.0,5.0,5.0,5.0,3.0,3.0,3.0,3.0,4.0,3.0,3.0,3.0,3.0,3.0,5.0,2.0,4.0,4.0,5.0,3.0,3.0,3.0,3.0,3.0,3.0,3.0,2.0,3.0,3.0,3.0,2.0,1.0,3.0,1.0,3.0,2.0,3.0,4.0,3.0,4.0,5.0,4.0,3.0,4.0,2.0,1.0,4.0,4.0,2.0,3.0,3.0,2.0,3.0,3.0,3.0,3.0,4.0,3.0,3.0,3.0,4.0,3.0,4.0,5.0,3.0,4.0,3.0,3.0,1.0,2.0,3.0,3.0,4.0,2.0,3.0,2.0,3.0,3.0,3.0,3.0,4.0,4.0,4.0,3.0,3.0,3.0,2.0,3.0,3.0,3.0,3.0,2.0,3.0,4.0,4.0,3.0,5.0,5.0,5.0,3.0,4.0,4.0,2.0,2.0,2.0,,,,,,,,,,,,,,,,,,,0.0,12.1,0.0,4.75,3.0,3.25,2.75,4.0,3.0,3.4583333333333335,2.8,2.0,3.0,4.0,2.95,2.75,2.5,3.0,3.25,2.875,4.0,3.25,2.25,3.1666666666666665,2.875,2.875,3.6,3.6,2.6666666666666665,2.6666666666666665,2.75,2.75,3.5,3.5
R0023,ORG03,0,,1164,1,38,3,1,1.0,3.5,1,0.0,1,1,1,9,263.0,2689,1,4.0,5.0,5.0,4.0,3.0,3.0,2.0,2.0,3.0,3.0,2.0,2.0,4.0,4.0,3.0,3.0,3.0,3.0,4.0,3.0,2.0,3.0,4.0,2.0,4.0,3.0,3.0,3.0,4.0,2.0,2.0,4.0,3.0,3.0,3.0,2.0,4.0,3.0,5.0,2.0,4.0,1.0,3.0,2.0,4.0,4.0,3.0,3.0,4.0,4.0,3.0,3.0,3.0,2.0,3.0,4.0,3.0,2.0,2.0,2.0,2.0,5.0,4.0,4.0,3.0,3.0,3.0,3.0,3.0,3.0,4.0,2.0,5.0,4.0,5.0,4.0,5.0,3.0,4.0,5.0,1.0,,3.0,3.0,3.0,3.0,4.0,3.0,3.0,2.0,4.0,3.0,3.0,2.0,3.0,4.0,4.0,4.0,3.0,2.0,3.0,4.0,4.0,3.0,3.0,,,,,,,,,,,,,,,,,,,1.0,12.2,0.0,4.5,3.5,2.5,2.5,3.25,3.25,3.25,3.4,2.8,2.6,2.4,2.8,3.5,3.5,3.0,2.25,3.0625,3.75,3.0,3.0,3.25,4.375,4.375,2.5,2.5,3.3333333333333335,3.3333333333333335,3.0,3.0,3.0,3.0
R0024,ORG03,0,,780,1,29,2,1,3.8,4.9,1,3.0,4,1,1,1,268.0,2689,1,4.0,4.0,5.0,4.0,2.0,1.0,3.0,1.0,4.0,4.0,3.0,2.0,2.0,2.0,4.0,4.0,5.0,5.0,4.0,3.0,2.0,3.0,3.0,3.0,4.0,3.0,3.0,3.0,4.0,4.0,3.0,4.0,3.0,5.0,4.0,3.0,4.0,5.0,2.0,5.0,5.0,3.0,4.0,3.0,4.0,4.0,2.0,3.0,3.0,3.0,2.0,3.0,2.0,3.0,4.0,4.0,4.0,4.0,2.0,3.0,2.0,3.0,4.0,4.0,3.0,3.0,2.0,4.0,3.0,3.0,3.0,3.0,5.0,4.0,5.0,3.0,3.0,3.0,4.0,2.0,2.0,3.0,4.0,4.0,4.0,3.0,4.0,3.0,4.0,4.0,4.0,3.0,3.0,4.0,4.0,4.0,3.0,4.0,4.0,4.0,3.0,3.0,4.0,3.0,3.0,4.0,4.0,3.0,4.0,4.0,4.0,2.0,3.0,3.0,4.0,4.0,3.0,3.0,3.0,4.0,2.0,4.0,4.0,1.0,17.3,1.0,4.25,4.25,3.25,3.0,4.25,3.25,3.7083333333333335,3.4,3.8,4.0,4.0,3.8,3.25,2.75,3.25,3.25,3.125,3.25,3.0,3.0,3.0833333333333335,3.625,3.625,3.4,3.4,3.3333333333333335,3.3333333333333335,3.75,3.75,3.75,3.75
R0025,ORG03,0,,1088,1,36,3,2,4.0,5.0,2,2.0,1,3,1,9,274.0,2689,1,3.0,4.0,4.0,4.0,3.0,3.0,4.0,3.0,4.0,4.0,3.0,3.0,3.0,2.0,4.0,3.0,3.0,4.0,3.0,4.0,3.0,3.0,3.0,3.0,3.0,3.0,3.0,4.0,3.0,2.0,3.0,2.0,3.0,1.0,2.0,4.0,1.0,2.0,4.0,3.0,4.0,3.0,4.0,2.0,3.0,3.0,2.0,3.0,2.0,3.0,2.0,2.0,3.0,3.0,3.0,3.0,4.0,2.0,3.0,4.0,4.0,4.0,4.0,4.0,3.0,3.0,2.0,3.0,4.0,3.0,3.0,2.0,3.0,2.0,3.0,1.0,3.0,4.0,3.0,2.0,4.0,4.0,2.0,4.0,4.0,4.0,4.0,5.0,3.0,2.0,3.0,3.0,3.0,3.0,3.0,2.0,3.0,2.0,3.0,3.0,4.0,3.0,5.0,4.0,5.0,2.0,3.0,2.0,3.0,3.0,3.0,4.0,3.0,3.0,2.0,4.0,3.0,2.0,2.0,3.0,4.0,3.0,4.0,1.0,8.6,1.0,3.75,2.75,3.5,3.0,3.5,3.0,3.25,3.2,2.2,2.2,3.2,2.7,2.75,2.25,3.0,3.25,2.8125,4.0,2.75,3.0,3.25,2.375,2.375,3.6,3.6,4.333333333333333,4.333333333333333,2.75,2.75,2.75,2.75
R0026,ORG03,0,,868,1,36,3,1,2.5,3.4,1,2.0,2,2,1,5,324.0,2689,1,2.0,2.0,2.0,3.0,2.0,4.0,3.0,3.0,2.0,4.0,2.0,2.0,2.0,4.0,4.0,4.0,3.0,4.0,3.0,3.0,3.0,3.0,4.0,3.0,3.0,2.0,2.0,2.0,2.0,1.0,1.0,1.0,2.0,1.0,2.0,1.0,1.0,1.0,5.0,3.0,2.0,4.0,2.0,2.0,2.0,1.0,2.0,2.0,3.0,2.0,2.0,2.0,2.0,1.0,2.0,2.0,2.0,2.0,2.0,2.0,4.0,4.0,3.0,2.0,3.0,4.0,3.0,3.0,3.0,2.0,3.0,3.0,1.0,1.0,1.0,2.0,1.0,5.0,1.0,2.0,1.0,3.0,3.0,2.0,3.0,5.0,5.0,5.0,2.0,1.0,3.0,3.0,4.0,5.0,5.0,4.0,2.0,3.0,3.0,1.0,3.0,3.0,5.0,5.0,5.0,1.0,2.0,1.0,2.0,3.0,3.0,4.0,4.0,4.0,3.0,2.0,2.0,3.0,2.0,3.0,4.0,3.0,4.0,1.0,4.0,1.0,2.25,3.0,2.5,2.5,3.25,2.75,2.7083333333333335,2.2,1.2,1.2,2.6,1.8,1.75,2.25,1.75,2.0,1.9375,3.25,3.25,2.75,3.0833333333333335,1.25,1.25,2.4,2.4,5.0,5.0,2.25,2.25,4.5,4.5
R0027,ORG03,0,,1188,1,37,3,1,0.9,3.9,1,1.0,2,3,1,4,220.0,2689,1,4.0,5.0,4.0,4.0,1.0,2.0,4.0,4.0,5.0,5.0,3.0,4.0,2.0,3.0,2.0,4.0,5.0,5.0,5.0,4.0,2.0,1.0,1.0,1.0,4.0,5.0,4.0,4.0,5.0,5.0,5.0,5.0,5.0,5.0,5.0,4.0,5.0,5.0,1.0,5.0,5.0,5.0,5.0,5.0,5.0,5.0,4.0,5.0,3.0,4.0,3.0,4.0,4.0,4.0,4.0,5.0,4.0,4.0,3.0,2.0,4.0,5.0,4.0,4.0,4.0,3.0,4.0,5.0,5.0,4.0,4.0,5.0,4.0,3.0,4.0,3.0,4.0,3.0,3.0,4.0,5.0,4.0,4.0,5.0,4.0,1.0,2.0,2.0,4.0,3.0,3.0,4.0,2.0,2.0,2.0,3.0,4.0,5.0,5.0,4.0,4.0,5.0,1.0,1.0,3.0,5.0,5.0,4.0,4.0,5.0,4.0,2.0,2.0,2.0,,,,,,,,,,0.0,26.3,0.0,4.25,3.25,4.25,3.25,4.75,4.75,4.083333333333333,4.4,5.0,4.8,5.0,4.8,4.75,3.5,4.25,3.25,3.9375,4.25,4.0,4.5,4.25,3.5,3.5,4.4,4.3999999999999995,1.6666666666666667,1.6666666666666667,3.5,3.5,2.25,2.25
R0028,ORG03,0,,635,2,40,2,2,1.1,3.1,1,15.0,1,3,1,7,164.0,2689,1,4.0,5.0,3.0,4.0,3.0,2.0,4.0,3.0,3.0,3.0,3.0,4.0,4.0,3.0,4.0,4.0,4.0,3.0,3.0,4.0,2.0,3.0,3.0,3.0,2.0,3.0,3.0,2.0,3.0,2.0,3.0,3.0,2.0,3.0,3.0,2.0,2.0,2.0,3.0,1.0,3.0,2.0,2.0,2.0,2.0,2.0,3.0,2.0,3.0,3.0,3.0,3.0,2.0,3.0,2.0,1.0,3.0,3.0,3.0,4.0,4.0,3.0,3.0,2.0,3.0,4.0,3.0,2.0,3.0,4.0,4.0,3.0,4.0,3.0,3.0,3.0,3.0,2.0,4.0,4.0,5.0,4.0,4.0,5.0,4.0,4.0,2.0,3.0,3.0,3.0,2.0,2.0,4.0,3.0,3.0,3.0,1.0,4.0,4.0,2.0,3.0,3.0,3.0,4.0,3.0,4.0,4.0,4.0,3.0,3.0,4.0,3.0,4.0,4.0,4.0,4.0,3.0,4.0,4.0,3.0,3.0,3.0,3.0,0.0,6.0,1.0,4.0,3.0,3.25,2.25,3.5,3.25,3.2083333333333335,2.6,2.6,2.4,2.0,2.4,2.25,3.0,2.0,3.25,2.625,3.0,3.0,3.5,3.1666666666666665,3.5,3.5,4.4,4.3999999999999995,3.0,3.0,2.5,2.5,3.25,3.25
R0030,ORG04,0,,1004,1,27,2,1,0.5,2.8,0,2.0,1,2,1,9,241.0,964,3,2.0,3.0,3.0,3.0,4.0,3.0,,3.0,2.0,3.0,3.0,2.0,3.0,4.0,,3.0,4.0,3.0,3.0,1.0,3.0,3.0,4.0,4.0,3.0,4.0,4.0,3.0,3.0,3.0,2.0,3.0,2.0,4.0,3.0,3.0,1.0,2.0,3.0,3.0,4.0,3.0,3.0,,2.0,1.0,3.0,1.0,2.0,2.0,2.0,2.0,4.0,3.0,3.0,2.0,4.0,3.0,3.0,4.0,2.0,3.0,2.0,2.0,3.0,2.0,2.0,3.0,3.0,3.0,2.0,4.0,4.0,5.0,4.0,3.0,4.0,4.0,4.0,4.0,4.0,3.0,3.0,3.0,3.0,3.0,3.0,3.0,4.0,2.0,4.0,3.0,3.0,1.0,3.0,2.0,3.0,2.0,3.0,3.0,2.0,3.0,3.0,3.0,3.0,4.0,2.0,3.0,3.0,3.0,2.0,4.0,3.0,3.0,4.0,4.0,3.0,2.0,3.0,3.0,5.0,3.0,3.0,1.0,11.8,1.0,2.75,2.6666666666666665,2.5,2.6666666666666665,2.75,2.5,2.6363636363636362,3.4,2.8,2.4,3.25,2.9473684210526314,1.75,2.0,3.0,3.5,2.5625,2.25,2.5,3.0,2.5833333333333335,3.75,3.75,3.2,3.1999999999999997,3.0,3.0,3.25,3.25,2.25,2.25
R0031,ORG04,0,,1182,2,26,3,1,5.8,13.9,5,0.0,1,1,1,10,182.0,964,3,3.0,1.0,2.0,3.0,3.0,3.0,4.0,4.0,3.0,3.0,2.0,3.0,4.0,3.0,3.0,4.0,3.0,2.0,2.0,1.0,5.0,4.0,5.0,5.0,3.0,2.0,3.0,2.0,,2.0,3.0,4.0,2.0,4.0,3.0,3.0,2.0,4.0,3.0,2.0,2.0,2.0,1.0,2.0,3.0,3.0,2.0,3.0,2.0,4.0,3.0,2.0,3.0,4.0,4.0,3.0,3.0,1.0,3.0,3.0,2.0,2.0,2.0,3.0,2.0,2.0,2.0,2.0,2.0,3.0,3.0,2.0,,2.0,2.0,2.0,3.0,4.0,1.0,2.0,3.0,3.0,4.0,4.0,3.0,5.0,5.0,5.0,2.0,2.0,2.0,2.0,5.0,5.0,3.0,3.0,2.0,2.0,1.0,2.0,2.0,2.0,5.0,5.0,5.0,3.0,3.0,3.0,2.0,4.0,2.0,5.0,5.0,5.0,4.0,3.0,2.0,2.0,2.0,3.0,5.0,4.0,4.0,1.0,0.4,1.0,2.25,2.5,2.75,2.5,2.0,1.25,2.2083333333333335,2.5,3.0,3.0,1.8,2.5789473684210527,2.75,2.75,3.5,2.5,2.875,2.25,2.0,2.5,2.25,2.0,2.0,3.4,3.4,5.0,5.0,2.0,2.0,4.0,4.0
R0032,ORG04,0,,773,2,34,3,2,1.1,2.9,2,1.0,1,1,1,9,235.0,964,3,3.0,3.0,3.0,3.0,3.0,3.0,3.0,3.0,3.0,3.0,3.0,3.0,3.0,3.0,3.0,3.0,3.0,3.0,3.0,3.0,3.0,3.0,3.0,3.0,3.0,3.0,3.0,3.0,3.0,3.0,3.0,3.0,3.0,3.0,3.0,3.0,3.0,3.0,3.0,3.0,3.0,3.0,3.0,3.0,3.0,3.0,3.0,3.0,3.0,3.0,3.0,3.0,3.0,3.0,3.0,3.0,3.0,3.0,3.0,3.0,3.0,3.0,3.0,3.0,3.0,3.0,3.0,3.0,3.0,3.0,3.0,3.0,3.0,3.0,3.0,3.0,3.0,3.0,3.0,3.0,3.0,3.0,3.0,3.0,3.0,3.0,3.0,3.0,3.0,3.0,3.0,3.0,3.0,3.0,3.0,3.0,3.0,4.0,4.0,4.0,3.0,3.0,2.0,2.0,1.0,4.0,4.0,3.0,4.0,3.0,4.0,2.0,3.0,3.0,4.0,3.0,3.0,2.0,3.0,3.0,3.0,4.0,4.0,0.0,35.7,0.0,3.0,3.0,3.0,3.0,3.0,3.0,3.0,3.0,3.0,3.0,3.0,3.0,3.0,3.0,3.0,3.0,3.0,3.0,3.0,3.0,3.0,3.0,3.0,3.0,3.0,3.0,3.0,3.0,3.0,3.0,3.0
R0033,ORG04,0,,854,2,27,1,1,1.7,9.4,0,2.0,1,1,1,1,284.0,964,3,3.0,4.0,1.0,4.0,4.0,4.0,4.0,3.0,3.0,4.0,3.0,4.0,3.0,2.0,2.0,2.0,4.0,4.0,3.0,4.0,3.0,3.0,3.0,3.0,3.0,3.0,3.0,4.0,3.0,4.0,4.0,5.0,3.0,3.0,5.0,4.0,3.0,5.0,1.0,2.0,2.0,2.0,3.0,2.0,4.0,2.0,3.0,3.0,2.0,3.0,3.0,3.0,4.0,3.0,3.0,4.0,5.0,4.0,3.0,4.0,2.0,3.0,3.0,3.0,3.0,3.0,4.0,3.0,2.0,2.0,3.0,2.0,3.0,4.0,3.0,4.0,4.0,2.0,2.0,3.0,3.0,2.0,2.0,3.0,2.0,3.0,4.0,4.0,3.0,3.0,3.0,3.0,3.0,4.0,1.0,4.0,4.0,3.0,3.0,3.0,3.0,3.0,3.0,3.0,5.0,4.0,4.0,3.0,3.0,3.0,3.0,3.0,3.0,3.0,4.0,4.0,4.0,3.0,3.0,2.0,3.0,2.0,2.0,0.0,9.4,0.0,3.0,2.25,3.5,3.75,3.75,3.0,3.2083333333333335,3.2,3.8,4.4,2.2,3.4,3.0,2.75,3.5,4.0,3.3125,2.75,3.25,2.25,2.75,3.375,3.375,2.4,2.4,3.6666666666666665,3.6666666666666665,3.0,3.0,3.0,3.0
R0034,ORG04,0,,1048,2,37,3,2,0.4,0.7,4,0.0,3,1,1,2,301.0,964,3,4.0,4.0,4.0,4.0,4.0,4.0,4.0,4.0,4.0,4.0,4.0,3.0,4.0,3.0,3.0,3.0,2.0,2.0,3.0,3.0,3.0,3.0,3.0,3.0,3.0,4.0,3.0,3.0,2.0,3.0,3.0,3.0,4.0,3.0,2.0,3.0,2.0,2.0,3.0,4.0,2.0,3.0,3.0,4.0,3.0,3.0,3.0,3.0,3.0,3.0,2.0,2.0,3.0,3.0,3.0,4.0,4.0,3.0,3.0,4.0,3.0,2.0,4.0,2.0,4.0,3.0,3.0,3.0,2.0,4.0,3.0,2.0,3.0,3.0,3.0,2.0,4.0,3.0,4.0,3.0,2.0,3.0,2.0,3.0,3.0,3.0,2.0,3.0,4.0,3.0,4.0,3.0,3.0,3.0,3.0,4.0,2.0,3.0,3.0,3.0,3.0,3.0,3.0,3.0,3.0,3.0,4.0,3.0,5.0,5.0,3.0,2.0,3.0,3.0,3.0,3.0,4.0,4.0,4.0,4.0,2.0,4.0,2.0,0.0,10.4,1.0,4.0,2.0,3.75,2.75,2.5,3.0,3.0,3.0,3.2,2.4,3.2,2.95,3.0,2.5,3.25,3.5,3.0625,2.75,3.25,2.75,2.9166666666666665,3.125,3.125,2.6,2.6,2.6666666666666665,2.6666666666666665,3.5,3.5,3.25,3.25
R0035,ORG04,0,,502,2,29,1,1,3.6,7.4,3,2.0,1,3,1,4,219.0,964,3,4.0,3.0,3.0,5.0,3.0,4.0,3.0,3.0,2.0,3.0,2.0,2.0,2.0,2.0,3.0,2.0,3.0,3.0,4.0,3.0,3.0,4.0,3.0,4.0,4.0,3.0,4.0,4.0,4.0,5.0,5.0,5.0,3.0,4.0,5.0,5.0,5.0,4.0,2.0,5.0,5.0,4.0,5.0,5.0,4.0,3.0,4.0,5.0,5.0,4.0,5.0,3.0,4.0,4.0,3.0,4.0,4.0,4.0,4.0,3.0,5.0,4.0,4.0,4.0,5.0,5.0,5.0,5.0,4.0,4.0,4.0,4.0,3.0,5.0,5.0,2.0,4.0,1.0,4.0,5.0,2.0,1.0,3.0,2.0,4.0,3.0,3.0,4.0,5.0,4.0,4.0,4.0,2.0,2.0,4.0,3.0,4.0,3.0,5.0,4.0,3.0,5.0,3.0,4.0,3.0,4.0,4.0,4.0,5.0,5.0,5.0,3.0,2.0,3.0,4.0,3.0,4.0,4.0,4.0,3.0,4.0,4.0,3.0,0.0,12.2,0.0,3.75,2.75,2.25,3.75,3.25,2.5,3.0416666666666665,3.8,4.4,4.6,4.8,4.4,4.0,4.25,3.75,3.75,3.9375,4.25,5.0,4.0,4.416666666666667,4.125,4.125,2.4,2.4,3.3333333333333335,3.3333333333333335,4.25,4.25,2.75,2.75
R0037,ORG04,0,,1567,2,26,3,1,7.1,8.9,0,2.0,2,1,1,4,,964,3,4.0,3.0,2.0,3.0,4.0,3.0,4.0,4.0,4.0,4.0,3.0,3.0,4.0,4.0,4.0,5.0,4.0,3.0,2.0,2.0,4.0,3.0,4.0,3.0,2.0,4.0,4.0,3.0,2.0,3.0,3.0,3.0,3.0,2.0,3.0,3.0,3.0,3.0,4.0,3.0,2.0,3.0,4.0,2.0,4.0,4.0,3.0,3.0,3.0,3.0,2.0,,3.0,2.0,2.0,2.0,5.0,4.0,5.0,5.0,2.0,2.0,3.0,2.0,4.0,3.0,2.0,4.0,4.0,3.0,4.0,2.0,4.0,3.0,5.0,4.0,4.0,2.0,,4.0,4.0,3.0,3.0,3.0,3.0,3.0,4.0,3.0,3.0,3.0,3.0,2.0,4.0,5.0,5.0,2.0,3.0,3.0,2.0,3.0,3.0,3.0,3.0,3.0,3.0,3.0,3.0,3.0,4.0,4.0,3.0,4.0,4.0,4.0,3.0,3.0,4.0,4.0,4.0,4.0,3.0,4.0,2.0,1.0,36.0,0.0,3.0,2.25,3.5,1.75,2.75,2.5,2.625,3.0,2.8,2.8,2.8,2.85,3.5,2.6666666666666665,2.25,4.75,3.3333333333333335,2.25,3.25,3.25,2.9166666666666665,4.0,4.0,3.2,3.1999999999999997,3.3333333333333335,3.3333333333333335,2.75,2.75,4.0,4.0
R0038,ORG04,0,,810,2,40,3,1,2.9,4.9,1,2.0,1,1,1,5,144.0,964,3,4.0,3.0,3.0,4.0,4.0,3.0,3.0,4.0,2.0,2.0,2.0,2.0,4.0,4.0,2.0,5.0,3.0,2.0,4.0,3.0,4.0,4.0,3.0,4.0,4.0,4.0,4.0,4.0,3.0,4.0,5.0,5.0,4.0,5.0,4.0,3.0,3.0,5.0,2.0,3.0,3.0,3.0,3.0,3.0,5.0,3.0,4.0,,4.0,3.0,3.0,3.0,3.0,4.0,4.0,3.0,3.0,3.0,4.0,3.0,3.0,3.0,4.0,4.0,4.0,5.0,4.0,4.0,4.0,3.0,5.0,4.0,2.0,2.0,2.0,3.0,3.0,3.0,1.0,3.0,3.0,3.0,4.0,3.0,4.0,2.0,3.0,2.0,5.0,5.0,3.0,5.0,4.0,3.0,4.0,3.0,5.0,2.0,2.0,3.0,4.0,4.0,2.0,2.0,1.0,3.0,3.0,2.0,4.0,5.0,5.0,1.0,1.0,2.0,4.0,4.0,4.0,4.0,3.0,3.0,2.0,2.0,3.0,0.0,27.4,0.0,3.5,2.5,2.0,2.25,3.0,2.25,2.5833333333333335,3.8,4.6,3.8,3.0,3.8,4.0,3.25,3.5,3.25,3.466666666666667,3.5,4.25,4.0,3.9166666666666665,2.375,2.375,3.4,3.4,2.3333333333333335,2.3333333333333335,4.5,4.5,3.5,3.5
R0039,ORG04,0,,764,1,33,2,1,4.2,6.9,0,2.0,1,1,1,10,259.0,964,3,3.0,3.0,3.0,3.0,3.0,5.0,5.0,5.0,5.0,3.0,3.0,4.0,3.0,3.0,1.0,3.0,3.0,3.0,4.0,3.0,4.0,3.0,3.0,4.0,4.0,4.0,3.0,4.0,5.0,3.0,3.0,3.0,3.0,3.0,4.0,5.0,5.0,3.0,3.0,3.0,4.0,3.0,4.0,3.0,3.0,2.0,3.0,1.0,3.0,2.0,3.0,3.0,2.0,2.0,2.0,3.0,4.0,3.0,5.0,3.0,5.0,3.0,3.0,5.0,4.0,4.0,3.0,4.0,4.0,4.0,3.0,2.0,2.0,3.0,1.0,3.0,2.0,4.0,2.0,1.0,4.0,4.0,4.0,3.0,3.0,4.0,4.0,4.0,3.0,3.0,4.0,4.0,4.0,5.0,4.0,4.0,3.0,2.0,3.0,4.0,4.0,4.0,4.0,4.0,3.0,4.0,3.0,4.0,3.0,3.0,3.0,4.0,3.0,4.0,2.0,3.0,4.0,2.0,3.0,3.0,3.0,4.0,4.0,0.0,14.5,0.0,3.0,1.5,3.75,3.5,3.25,2.5,2.9166666666666665,4.0,3.0,4.0,3.4,3.6,2.25,2.75,2.25,3.75,2.75,4.0,3.75,3.25,3.6666666666666665,2.0,2.0,3.6,3.6,4.0,4.0,3.5,3.5,4.25,4.25
R0040,ORG04,0,,957,1,30,5,1,1.2,4.4,4,2.0,2,1,1,4,245.0,964,3,2.0,1.0,1.0,1.0,4.0,4.0,5.0,5.0,2.0,3.0,3.0,2.0,4.0,4.0,4.0,3.0,2.0,2.0,3.0,2.0,5.0,4.0,5.0,4.0,2.0,3.0,4.0,3.0,2.0,1.0,1.0,1.0,1.0,1.0,3.0,3.0,4.0,3.0,3.0,2.0,2.0,3.0,3.0,1.0,3.0,3.0,4.0,4.0,3.0,2.0,2.0,3.0,2.0,3.0,3.0,2.0,2.0,2.0,2.0,3.0,4.0,4.0,3.0,4.0,3.0,2.0,3.0,3.0,3.0,3.0,3.0,4.0,3.0,2.0,3.0,3.0,2.0,2.0,2.0,2.0,2.0,2.0,2.0,2.0,2.0,4.0,4.0,4.0,1.0,1.0,2.0,1.0,4.0,4.0,5.0,5.0,2.0,2.0,2.0,2.0,3.0,3.0,5.0,4.0,4.0,3.0,2.0,3.0,2.0,3.0,3.0,3.0,3.0,2.0,3.0,2.0,3.0,3.0,2.0,2.0,5.0,4.0,4.0,0.0,7.7,1.0,1.25,1.5,2.5,2.25,2.25,1.5,1.875,2.8,1.0,3.2,2.2,2.3,3.5,2.5,2.5,2.25,2.6875,3.75,2.75,3.25,3.25,2.625,2.625,2.0,2.0,4.0,4.0,1.25,1.25,4.5,4.5
R0041,ORG04,0,,958,1,28,3,2,1.6,3.8,1,0.0,2,3,1,7,262.0,964,3,3.0,3.0,3.0,3.0,3.0,4.0,4.0,3.0,3.0,3.0,2.0,3.0,3.0,3.0,4.0,3.0,3.0,3.0,3.0,3.0,3.0,3.0,4.0,2.0,2.0,1.0,2.0,1.0,2.0,2.0,1.0,2.0,2.0,2.0,2.0,2.0,3.0,2.0,4.0,1.0,2.0,2.0,2.0,1.0,2.0,3.0,4.0,3.0,3.0,3.0,3.0,4.0,2.0,2.0,3.0,4.0,1.0,1.0,1.0,3.0,1.0,1.0,2.0,2.0,3.0,2.0,4.0,2.0,2.0,2.0,2.0,3.0,,3.0,2.0,3.0,3.0,4.0,1.0,1.0,3.0,4.0,4.0,3.0,3.0,4.0,3.0,4.0,3.0,3.0,3.0,2.0,3.0,3.0,3.0,4.0,3.0,3.0,2.0,2.0,2.0,2.0,5.0,4.0,5.0,1.0,2.0,3.0,3.0,3.0,3.0,3.0,4.0,4.0,2.0,3.0,3.0,3.0,3.0,3.0,4.0,3.0,3.0,1.0,1.1,1.0,3.0,2.5,2.75,2.75,3.0,3.0,2.8333333333333335,1.6,1.8,2.2,1.6,1.8,3.0,3.25,2.75,1.5,2.625,1.5,2.75,2.25,2.1666666666666665,2.142857142857143,2.142857142857143,3.4,3.4,3.6666666666666665,3.6666666666666665,2.75,2.75,3.25,3.25
R0042,ORG04,0,,1029,2,35,4,2,2.5,10.1,1,1.0,4,1,1,10,233.0,964,3,3.0,3.0,3.0,3.0,3.0,3.0,3.0,3.0,3.0,3.0,3.0,3.0,3.0,3.0,3.0,3.0,3.0,3.0,3.0,3.0,3.0,3.0,3.0,3.0,3.0,3.0,3.0,3.0,3.0,3.0,3.0,3.0,3.0,3.0,3.0,3.0,3.0,3.0,3.0,3.0,3.0,3.0,3.0,3.0,3.0,3.0,3.0,3.0,3.0,3.0,3.0,3.0,3.0,3.0,3.0,3.0,3.0,3.0,3.0,3.0,3.0,3.0,3.0,3.0,3.0,3.0,3.0,3.0,3.0,3.0,3.0,3.0,3.0,3.0,3.0,3.0,3.0,3.0,3.0,3.0,3.0,3.0,3.0,3.0,3.0,3.0,3.0,3.0,3.0,3.0,3.0,3.0,3.0,3.0,3.0,3.0,3.0,4.0,3.0,4.0,4.0,3.0,3.0,2.0,4.0,4.0,5.0,5.0,3.0,3.0,4.0,4.0,2.0,4.0,3.0,4.0,4.0,4.0,4.0,3.0,3.0,4.0,4.0,0.0,10.2,0.0,3.0,3.0,3.0,3.0,3.0,3.0,3.0,3.0,3.0,3.0,3.0,3.0,3.0,3.0,3.0,3.0,3.0,3.0,3.0,3.0,3.0,3.0,3.0,3.0,3.0,3.0,3.0,3.0,3.0,3.0,3.0
R0043,ORG04,0,,592,1,29,4,1,0.3,4.2,1,0.0,1,1,1,10,370.0,964,3,3.0,3.0,4.0,4.0,3.0,3.0,3.0,3.0,2.0,3.0,4.0,3.0,4.0,5.0,4.0,4.0,3.0,4.0,3.0,4.0,3.0,3.0,3.0,3.0,2.0,3.0,3.0,3.0,2.0,2.0,2.0,2.0,3.0,2.0,4.0,4.0,,4.0,3.0,4.0,3.0,4.0,3.0,3.0,4.0,3.0,4.0,3.0,4.0,3.0,4.0,4.0,3.0,4.0,3.0,4.0,3.0,3.0,4.0,2.0,3.0,3.0,,3.0,2.0,1.0,2.0,2.0,3.0,3.0,3.0,3.0,3.0,4.0,3.0,4.0,4.0,1.0,3.0,4.0,3.0,2.0,2.0,3.0,3.0,4.0,3.0,3.0,4.0,2.0,3.0,2.0,3.0,3.0,2.0,3.0,3.0,4.0,4.0,3.0,2.0,2.0,4.0,3.0,3.0,3.0,3.0,4.0,3.0,2.0,3.0,4.0,3.0,4.0,3.0,5.0,4.0,2.0,3.0,3.0,4.0,5.0,4.0,1.0,28.6,1.0,3.5,3.0,3.0,1.75,3.5,3.0,2.9583333333333335,2.6,2.2,3.75,3.4,2.9473684210526314,3.5,3.75,3.5,3.0,3.4375,3.0,1.75,3.0,2.5454545454545454,3.75,3.75,2.6,2.6,3.3333333333333335,3.3333333333333335,2.75,2.75,2.75,2.75
R0044,ORG04,0,,494,2,39,3,1,9.5,12.8,1,0.0,3,1,1,3,,964,3,4.0,5.0,3.0,4.0,2.0,3.0,3.0,3.0,4.0,4.0,4.0,4.0,3.0,2.0,3.0,3.0,5.0,4.0,4.0,4.0,2.0,2.0,2.0,4.0,4.0,3.0,2.0,3.0,4.0,4.0,4.0,,3.0,4.0,4.0,3.0,4.0,3.0,4.0,4.0,4.0,3.0,5.0,5.0,4.0,3.0,3.0,3.0,3.0,3.0,3.0,1.0,3.0,2.0,3.0,3.0,4.0,3.0,4.0,2.0,4.0,4.0,4.0,4.0,4.0,5.0,4.0,4.0,4.0,4.0,5.0,5.0,4.0,2.0,3.0,3.0,3.0,3.0,3.0,4.0,2.0,2.0,1.0,3.0,1.0,4.0,4.0,4.0,3.0,3.0,4.0,4.0,3.0,2.0,3.0,2.0,4.0,4.0,3.0,4.0,3.0,4.0,3.0,4.0,4.0,4.0,3.0,3.0,5.0,3.0,5.0,4.0,3.0,5.0,3.0,3.0,3.0,4.0,4.0,4.0,4.0,3.0,4.0,0.0,35.1,0.0,4.0,3.25,4.0,3.25,4.25,3.5,3.7083333333333335,3.2,3.75,3.2,4.2,3.5789473684210527,3.25,2.5,2.75,3.25,2.9375,4.0,4.25,4.5,4.25,3.125,3.125,1.8,1.8,4.0,4.0,3.5,3.5,2.5,2.5
R0045,ORG05,0,,578,2,36,3,1,1.5,4.7,3,1.0,1,1,1,6,195.0,313,3,3.0,3.0,2.0,2.0,3.0,4.0,3.0,3.0,2.0,3.0,3.0,3.0,4.0,4.0,5.0,5.0,4.0,4.0,3.0,3.0,4.0,4.0,5.0,3.0,4.0,5.0,3.0,3.0,4.0,5.0,4.0,5.0,5.0,4.0,5.0,4.0,5.0,3.0,3.0,5.0,5.0,4.0,4.0,4.0,3.0,2.0,1.0,3.0,4.0,3.0,2.0,3.0,3.0,4.0,4.0,4.0,4.0,4.0,3.0,4.0,2.0,5.0,3.0,4.0,2.0,3.0,4.0,2.0,3.0,3.0,3.0,2.0,4.0,5.0,4.0,4.0,3.0,3.0,4.0,4.0,2.0,2.0,3.0,3.0,3.0,5.0,4.0,4.0,4.0,3.0,2.0,3.0,4.0,3.0,2.0,3.0,4.0,4.0,4.0,2.0,3.0,3.0,4.0,4.0,4.0,4.0,3.0,5.0,3.0,2.0,3.0,4.0,5.0,4.0,3.0,4.0,3.0,4.0,3.0,4.0,4.0,4.0,4.0,1.0,6.6,1.0,2.5,2.75,2.75,1.5,3.5,2.0,2.5,3.8,4.6,4.0,4.4,4.2,2.25,3.0,3.75,3.75,3.1875,3.5,2.75,2.75,3.0,3.875,3.875,2.6,2.6,4.333333333333333,4.333333333333333,3.0,3.0,3.0,3.0
R0046,ORG05,0,,1662,1,20,3,1,1.5,4.7,3,,1,2,1,9,139.0,313,3,1.0,1.0,2.0,2.0,4.0,4.0,3.0,4.0,2.0,2.0,2.0,2.0,3.0,3.0,3.0,5.0,3.0,3.0,3.0,3.0,3.0,3.0,4.0,4.0,2.0,4.0,1.0,3.0,2.0,3.0,3.0,4.0,3.0,3.0,3.0,3.0,3.0,3.0,4.0,3.0,4.0,2.0,1.0,1.0,2.0,3.0,2.0,3.0,3.0,4.0,3.0,2.0,3.0,4.0,3.0,3.0,4.0,2.0,3.0,3.0,5.0,4.0,4.0,4.0,4.0,4.0,5.0,5.0,3.0,2.0,3.0,2.0,2.0,1.0,2.0,2.0,3.0,3.0,2.0,3.0,4.0,4.0,5.0,4.0,3.0,5.0,5.0,5.0,4.0,2.0,3.0,3.0,4.0,5.0,5.0,4.0,2.0,2.0,2.0,4.0,4.0,5.0,5.0,5.0,5.0,2.0,1.0,2.0,3.0,4.0,4.0,4.0,4.0,3.0,,,,,,,,,,1.0,6.6,1.0,1.5,2.25,2.0,2.5,3.0,2.5,2.2916666666666665,2.4,3.2,2.8,2.2,2.65,2.5,3.0,3.25,3.0,2.9375,4.25,4.5,2.5,3.75,2.25,2.25,4.0,4.0,5.0,5.0,3.0,3.0,4.5,4.5
R0047,ORG05,0,,581,1,38,2,1,8.5,14.2,3,3.0,1,1,1,5,170.0,313,3,3.0,3.0,3.0,3.0,3.0,3.0,3.0,3.0,3.0,3.0,3.0,3.0,3.0,3.0,3.0,3.0,3.0,3.0,3.0,3.0,3.0,3.0,3.0,3.0,3.0,3.0,3.0,3.0,3.0,3.0,3.0,3.0,3.0,3.0,3.0,3.0,3.0,3.0,3.0,3.0,3.0,3.0,3.0,3.0,3.0,3.0,3.0,3.0,3.0,3.0,3.0,3.0,3.0,3.0,3.0,3.0,3.0,3.0,3.0,3.0,3.0,3.0,3.0,3.0,3.0,3.0,3.0,3.0,3.0,3.0,3.0,3.0,3.0,3.0,3.0,3.0,3.0,3.0,3.0,3.0,3.0,3.0,3.0,3.0,3.0,3.0,3.0,3.0,3.0,3.0,3.0,3.0,3.0,3.0,3.0,3.0,4.0,3.0,4.0,3.0,3.0,3.0,4.0,4.0,3.0,4.0,4.0,3.0,4.0,3.0,3.0,3.0,2.0,2.0,4.0,3.0,4.0,4.0,5.0,4.0,3.0,3.0,2.0,0.0,1.5,1.0,3.0,3.0,3.0,3.0,3.0,3.0,3.0,3.0,3.0,3.0,3.0,3.0,3.0,3.0,3.0,3.0,3.0,3.0,3.0,3.0,3.0,3.0,3.0,3.0,3.0,3.0,3.0,3.0,3.0,3.0,3.0
R0048,ORG05,0,,793,2,31,2,1,3.9,4.6,2,1.0,2,2,2,7,,313,3,3.0,3.0,3.0,4.0,4.0,2.0,3.0,4.0,2.0,4.0,4.0,3.0,3.0,4.0,3.0,4.0,3.0,3.0,3.0,2.0,3.0,3.0,3.0,4.0,2.0,3.0,3.0,2.0,1.0,2.0,2.0,3.0,3.0,2.0,2.0,2.0,1.0,1.0,3.0,3.0,4.0,3.0,2.0,3.0,4.0,2.0,3.0,3.0,4.0,3.0,5.0,4.0,5.0,5.0,4.0,5.0,4.0,3.0,3.0,4.0,4.0,2.0,4.0,3.0,3.0,3.0,3.0,4.0,,5.0,3.0,3.0,,5.0,5.0,5.0,4.0,3.0,4.0,4.0,2.0,2.0,4.0,3.0,3.0,4.0,3.0,3.0,2.0,1.0,3.0,3.0,3.0,3.0,3.0,4.0,3.0,3.0,2.0,3.0,2.0,3.0,3.0,3.0,3.0,3.0,3.0,2.0,2.0,3.0,3.0,3.0,4.0,4.0,3.0,2.0,3.0,2.0,2.0,3.0,5.0,3.0,3.0,0.0,11.2,0.0,3.25,2.75,3.25,2.5,2.75,2.75,2.875,2.2,2.4,1.8,3.0,2.35,3.0,4.0,4.75,3.5,3.8125,3.25,3.25,3.6666666666666665,3.3636363636363638,4.285714285714286,4.285714285714286,2.8,2.8000000000000003,3.3333333333333335,3.3333333333333335,2.25,2.25,3.25,3.25
R0049,ORG05,0,,867,1,26,3,2,3.7,5.1,2,2.0,4,3,1,9,,313,3,3.0,3.0,3.0,3.0,3.0,3.0,3.0,3.0,3.0,3.0,3.0,3.0,3.0,3.0,3.0,3.0,3.0,3.0,3.0,3.0,3.0,3.0,3.0,3.0,3.0,3.0,3.0,3.0,3.0,3.0,3.0,3.0,3.0,3.0,3.0,3.0,3.0,3.0,3.0,3.0,3.0,3.0,3.0,3.0,3.0,3.0,3.0,3.0,3.0,3.0,3.0,3.0,3.0,3.0,3.0,3.0,3.0,3.0,3.0,3.0,3.0,3.0,3.0,3.0,3.0,3.0,3.0,3.0,3.0,3.0,3.0,3.0,3.0,3.0,3.0,3.0,3.0,3.0,3.0,3.0,3.0,3.0,3.0,3.0,3.0,3.0,3.0,3.0,3.0,3.0,3.0,3.0,3.0,3.0,3.0,3.0,4.0,3.0,2.0,2.0,4.0,3.0,4.0,3.0,3.0,2.0,2.0,2.0,3.0,3.0,4.0,3.0,3.0,3.0,2.0,2.0,3.0,4.0,3.0,4.0,2.0,2.0,2.0,1.0,9.3,1.0,3.0,3.0,3.0,3.0,3.0,3.0,3.0,3.0,3.0,3.0,3.0,3.0,3.0,3.0,3.0,3.0,3.0,3.0,3.0,3.0,3.0,3.0,3.0,3.0,3.0,3.0,3.0,3.0,3.0,3.0,3.0
R0050,ORG05,0,,722,1,28,3,1,0.5,1.4,1,1.0,1,3,1,2,233.0,313,3,2.0,4.0,3.0,4.0,3.0,3.0,4.0,4.0,3.0,3.0,3.0,3.0,3.0,3.0,3.0,3.0,4.0,3.0,4.0,4.0,3.0,3.0,4.0,3.0,3.0,3.0,2.0,3.0,4.0,2.0,3.0,3.0,3.0,1.0,3.0,2.0,3.0,2.0,4.0,3.0,3.0,3.0,3.0,2.0,3.0,3.0,3.0,3.0,3.0,3.0,2.0,3.0,3.0,4.0,4.0,3.0,4.0,3.0,4.0,3.0,1.0,3.0,3.0,1.0,2.0,2.0,1.0,2.0,2.0,,3.0,4.0,3.0,3.0,3.0,4.0,4.0,4.0,3.0,4.0,2.0,2.0,2.0,4.0,4.0,3.0,3.0,3.0,2.0,3.0,4.0,3.0,2.0,3.0,4.0,3.0,3.0,4.0,4.0,3.0,2.0,3.0,3.0,3.0,3.0,4.0,4.0,4.0,2.0,2.0,3.0,3.0,3.0,4.0,3.0,3.0,3.0,2.0,4.0,3.0,2.0,4.0,3.0,0.0,13.7,1.0,3.25,2.5,3.0,3.0,3.75,2.75,3.0416666666666665,3.0,2.4,2.4,2.8,2.65,3.0,2.75,3.5,3.5,3.1875,2.0,1.75,3.0,2.1818181818181817,3.25,3.25,2.8,2.8000000000000003,3.0,3.0,3.0,3.0,3.0,3.0
R0051,ORG05,0,,1904,2,30,3,1,4.7,9.4,1,3.0,1,1,1,5,132.0,313,3,5.0,4.0,3.0,3.0,3.0,5.0,3.0,3.0,4.0,3.0,5.0,3.0,4.0,5.0,4.0,5.0,4.0,3.0,3.0,4.0,4.0,4.0,4.0,4.0,2.0,3.0,3.0,3.0,3.0,3.0,2.0,1.0,2.0,4.0,5.0,4.0,2.0,3.0,3.0,2.0,2.0,2.0,2.0,1.0,2.0,3.0,2.0,3.0,3.0,3.0,2.0,2.0,5.0,5.0,4.0,3.0,4.0,3.0,3.0,2.0,3.0,4.0,4.0,4.0,2.0,2.0,1.0,3.0,3.0,3.0,3.0,4.0,3.0,2.0,2.0,1.0,1.0,4.0,2.0,3.0,2.0,3.0,3.0,3.0,5.0,5.0,4.0,5.0,2.0,3.0,4.0,3.0,3.0,2.0,4.0,5.0,3.0,2.0,3.0,3.0,3.0,4.0,5.0,4.0,3.0,,,,,,,,,,,,,,,,,,,1.0,2.8,1.0,3.75,2.5,3.75,1.5,3.5,2.0,2.8333333333333335,2.8,2.4,3.4,1.8,2.6,2.5,2.5,4.25,3.0,3.0625,3.75,2.0,3.25,3.0,2.0,2.0,3.2,3.1999999999999997,4.666666666666667,4.666666666666667,3.0,3.0,3.5,3.5
R0052,ORG05,0,,708,1,32,3,2,2.4,4.5,2,0.0,2,2,1,6,294.0,313,3,2.0,3.0,2.0,3.0,4.0,3.0,4.0,3.0,3.0,4.0,3.0,3.0,4.0,3.0,5.0,2.0,2.0,2.0,2.0,2.0,3.0,3.0,2.0,3.0,3.0,3.0,3.0,3.0,3.0,3.0,3.0,3.0,4.0,3.0,2.0,3.0,2.0,2.0,5.0,4.0,3.0,4.0,4.0,3.0,4.0,3.0,3.0,4.0,3.0,4.0,4.0,2.0,5.0,3.0,3.0,4.0,4.0,4.0,5.0,3.0,4.0,3.0,3.0,2.0,2.0,3.0,3.0,2.0,3.0,3.0,1.0,3.0,3.0,2.0,3.0,2.0,3.0,2.0,4.0,4.0,3.0,2.0,3.0,3.0,3.0,4.0,4.0,5.0,2.0,3.0,4.0,2.0,4.0,3.0,4.0,3.0,2.0,2.0,3.0,2.0,1.0,3.0,4.0,4.0,4.0,3.0,2.0,2.0,3.0,5.0,3.0,4.0,4.0,3.0,4.0,3.0,3.0,3.0,2.0,3.0,5.0,5.0,5.0,1.0,0.8,1.0,2.5,2.5,3.25,2.5,2.0,3.25,2.6666666666666665,3.0,3.2,2.0,3.6,2.95,3.5,3.25,3.75,4.0,3.625,3.0,2.5,2.5,2.6666666666666665,3.125,3.125,2.8,2.8000000000000003,4.333333333333333,4.333333333333333,2.75,2.75,3.5,3.5
R0053,ORG05,0,,840,2,30,2,2,7.1,12.6,0,1.0,1,1,1,6,225.0,313,3,4.0,2.0,3.0,4.0,3.0,3.0,4.0,3.0,3.0,,3.0,2.0,3.0,3.0,3.0,2.0,3.0,3.0,2.0,3.0,4.0,3.0,4.0,4.0,2.0,2.0,3.0,3.0,2.0,3.0,4.0,3.0,4.0,4.0,5.0,3.0,3.0,3.0,2.0,3.0,3.0,3.0,3.0,2.0,4.0,4.0,3.0,2.0,3.0,3.0,4.0,4.0,4.0,3.0,3.0,4.0,4.0,4.0,4.0,4.0,2.0,2.0,4.0,1.0,3.0,4.0,3.0,4.0,3.0,4.0,4.0,3.0,3.0,2.0,4.0,4.0,3.0,3.0,4.0,4.0,2.0,3.0,3.0,4.0,4.0,3.0,4.0,3.0,2.0,2.0,2.0,2.0,3.0,2.0,3.0,4.0,4.0,2.0,3.0,3.0,3.0,2.0,4.0,4.0,3.0,4.0,3.0,3.0,3.0,4.0,2.0,3.0,3.0,4.0,2.0,2.0,2.0,3.0,3.0,4.0,2.0,3.0,3.0,1.0,1.3,1.0,3.25,2.75,2.6666666666666665,3.25,2.75,2.25,2.8260869565217392,2.4,3.6,3.6,2.8,3.1,3.25,3.5,3.5,4.0,3.5625,2.25,3.5,3.5,3.0833333333333335,3.375,3.375,3.2,3.1999999999999997,3.3333333333333335,3.3333333333333335,2.0,2.0,3.0,3.0
R0054,ORG05,0,,588,2,24,3,2,9.5,12.2,2,3.0,2,1,1,3,220.0,313,3,3.0,3.0,3.0,3.0,3.0,3.0,3.0,3.0,3.0,3.0,3.0,3.0,3.0,3.0,3.0,3.0,3.0,3.0,3.0,3.0,3.0,3.0,3.0,3.0,3.0,3.0,3.0,3.0,3.0,3.0,3.0,3.0,3.0,3.0,3.0,3.0,3.0,3.0,3.0,3.0,3.0,3.0,3.0,3.0,3.0,3.0,3.0,3.0,3.0,3.0,3.0,3.0,3.0,3.0,3.0,3.0,3.0,3.0,3.0,3.0,3.0,3.0,3.0,3.0,3.0,3.0,3.0,3.0,3.0,3.0,3.0,3.0,3.0,3.0,3.0,3.0,3.0,3.0,3.0,3.0,3.0,3.0,3.0,3.0,3.0,3.0,3.0,3.0,3.0,3.0,3.0,3.0,3.0,3.0,3.0,3.0,3.0,4.0,2.0,2.0,4.0,3.0,3.0,3.0,3.0,3.0,3.0,2.0,3.0,3.0,4.0,5.0,2.0,2.0,4.0,2.0,3.0,5.0,3.0,4.0,4.0,2.0,4.0,1.0,30.0,0.0,3.0,3.0,3.0,3.0,3.0,3.0,3.0,3.0,3.0,3.0,3.0,3.0,3.0,3.0,3.0,3.0,3.0,3.0,3.0,3.0,3.0,3.0,3.0,3.0,3.0,3.0,3.0,3.0,3.0,3.0,3.0
R0055,ORG05,0,,702,1,27,2,1,2.9,3.9,0,0.0,1,1,1,7,255.0,313,3,3.0,4.0,4.0,4.0,3.0,3.0,4.0,4.0,3.0,4.0,3.0,3.0,4.0,4.0,4.0,3.0,2.0,3.0,2.0,3.0,2.0,2.0,2.0,3.0,1.0,3.0,2.0,2.0,1.0,1.0,2.0,2.0,1.0,2.0,2.0,2.0,3.0,2.0,4.0,1.0,2.0,2.0,1.0,1.0,4.0,4.0,4.0,2.0,5.0,2.0,3.0,3.0,2.0,4.0,3.0,4.0,2.0,2.0,3.0,3.0,2.0,2.0,2.0,2.0,2.0,2.0,1.0,1.0,2.0,3.0,1.0,1.0,5.0,3.0,3.0,4.0,4.0,3.0,4.0,3.0,2.0,1.0,2.0,2.0,2.0,4.0,3.0,5.0,2.0,2.0,3.0,2.0,3.0,3.0,4.0,2.0,4.0,3.0,4.0,3.0,1.0,2.0,4.0,4.0,4.0,3.0,2.0,3.0,3.0,4.0,2.0,4.0,4.0,4.0,,,,,,,,,,1.0,9.4,1.0,3.75,2.5,3.25,2.25,2.5,3.75,3.0,1.8,1.6,2.2,1.4,1.75,3.5,3.25,3.25,2.5,3.125,2.0,1.5,1.75,1.75,3.625,3.625,1.8,1.8,4.0,4.0,2.25,2.25,3.0,3.0
R0056,ORG05,0,,1533,1,24,3,2,1.8,4.7,2,0.0,2,1,1,10,260.0,313,3,3.0,2.0,2.0,3.0,3.0,2.0,3.0,3.0,2.0,2.0,3.0,2.0,4.0,4.0,4.0,4.0,1.0,2.0,2.0,1.0,3.0,3.0,4.0,2.0,2.0,4.0,3.0,3.0,3.0,2.0,3.0,2.0,4.0,3.0,3.0,3.0,3.0,3.0,4.0,4.0,3.0,3.0,3.0,2.0,3.0,3.0,4.0,3.0,3.0,3.0,3.0,4.0,3.0,3.0,3.0,3.0,4.0,3.0,5.0,3.0,3.0,2.0,3.0,2.0,3.0,4.0,2.0,4.0,3.0,3.0,3.0,2.0,2.0,3.0,3.0,3.0,2.0,4.0,2.0,4.0,4.0,2.0,3.0,3.0,3.0,4.0,5.0,5.0,2.0,1.0,3.0,2.0,4.0,4.0,4.0,4.0,2.0,2.0,3.0,2.0,3.0,2.0,4.0,5.0,4.0,2.0,2.0,3.0,2.0,3.0,2.0,4.0,3.0,4.0,,,,,,,,,,1.0,4.8,1.0,2.5,3.25,2.25,2.0,1.5,3.0,2.4166666666666665,3.0,2.8,2.8,3.0,2.9,3.25,3.25,3.0,3.75,3.3125,2.5,3.25,2.75,2.8333333333333335,2.625,2.625,3.0,3.0,4.666666666666667,4.666666666666667,2.0,2.0,4.0,4.0
R0057,ORG05,0,,529,1,30,3,2,2.8,6.7,1,2.0,1,1,1,7,266.0,313,3,3.0,3.0,2.0,3.0,2.0,2.0,2.0,3.0,2.0,2.0,2.0,1.0,3.0,3.0,2.0,5.0,3.0,3.0,4.0,2.0,4.0,3.0,3.0,3.0,3.0,4.0,3.0,3.0,3.0,2.0,1.0,2.0,1.0,2.0,3.0,3.0,3.0,3.0,3.0,3.0,3.0,3.0,2.0,1.0,5.0,2.0,4.0,3.0,4.0,3.0,3.0,3.0,3.0,3.0,1.0,2.0,3.0,2.0,3.0,1.0,3.0,3.0,2.0,2.0,3.0,1.0,2.0,2.0,3.0,2.0,2.0,3.0,3.0,2.0,3.0,1.0,3.0,4.0,3.0,3.0,2.0,2.0,2.0,3.0,2.0,3.0,4.0,4.0,4.0,5.0,3.0,4.0,4.0,5.0,4.0,3.0,2.0,4.0,3.0,2.0,2.0,3.0,3.0,5.0,3.0,3.0,3.0,4.0,1.0,2.0,2.0,5.0,5.0,4.0,4.0,3.0,3.0,3.0,4.0,4.0,4.0,4.0,4.0,0.0,3.1,1.0,2.75,3.75,1.75,2.75,3.0,2.75,2.7916666666666665,3.2,1.6,3.0,2.4,2.55,3.5,3.25,2.25,2.25,2.8125,2.5,2.0,2.5,2.3333333333333335,2.5,2.5,2.2,2.1999999999999997,3.6666666666666665,3.6666666666666665,4.0,4.0,4.0,4.0
R0058,ORG05,0,,788,2,34,3,1,3.3,4.9,1,2.0,2,1,1,4,257.0,313,3,3.0,3.0,3.0,4.0,3.0,3.0,3.0,3.0,4.0,4.0,4.0,3.0,5.0,3.0,5.0,4.0,4.0,2.0,3.0,2.0,4.0,3.0,4.0,5.0,1.0,2.0,2.0,2.0,2.0,3.0,4.0,2.0,2.0,2.0,3.0,3.0,3.0,2.0,4.0,4.0,4.0,2.0,3.0,3.0,2.0,2.0,2.0,3.0,3.0,3.0,3.0,3.0,4.0,3.0,3.0,3.0,2.0,2.0,1.0,3.0,2.0,4.0,3.0,2.0,3.0,4.0,4.0,3.0,2.0,1.0,2.0,2.0,2.0,3.0,4.0,2.0,2.0,5.0,2.0,1.0,3.0,2.0,3.0,4.0,3.0,5.0,4.0,3.0,3.0,3.0,3.0,3.0,2.0,3.0,1.0,4.0,3.0,3.0,4.0,2.0,3.0,2.0,4.0,4.0,3.0,,,,,,,,,,,,,,,,,,,0.0,7.4,1.0,3.25,3.0,3.75,1.75,2.75,2.0,2.75,1.8,2.6,2.6,3.2,2.55,2.25,3.0,3.25,2.0,2.625,2.75,3.5,1.75,2.6666666666666665,2.125,2.125,3.0,3.0,4.0,4.0,3.0,3.0,2.5,2.5
R0059,ORG06,0,,835,1,32,2,1,4.7,5.6,2,3.0,1,1,1,3,273.0,2936,1,3.0,4.0,4.0,2.0,3.0,3.0,4.0,2.0,4.0,3.0,2.0,3.0,4.0,4.0,4.0,4.0,2.0,4.0,3.0,4.0,2.0,3.0,2.0,3.0,2.0,3.0,4.0,2.0,2.0,1.0,2.0,1.0,2.0,2.0,1.0,2.0,2.0,2.0,5.0,2.0,4.0,2.0,3.0,1.0,2.0,3.0,3.0,3.0,2.0,3.0,3.0,2.0,1.0,2.0,1.0,2.0,2.0,3.0,3.0,4.0,1.0,3.0,3.0,3.0,3.0,3.0,3.0,4.0,1.0,2.0,3.0,3.0,2.0,3.0,3.0,3.0,4.0,4.0,3.0,3.0,4.0,3.0,3.0,3.0,3.0,4.0,3.0,4.0,3.0,2.0,3.0,2.0,3.0,3.0,5.0,5.0,3.0,3.0,3.0,2.0,3.0,3.0,3.0,3.0,3.0,3.0,4.0,3.0,4.0,2.0,3.0,3.0,5.0,4.0,3.0,3.0,3.0,3.0,3.0,3.0,3.0,4.0,4.0,1.0,12.9,0.0,3.25,3.0,3.0,2.0,3.25,3.5,3.0,2.6,1.6,1.6,2.4,2.05,2.75,2.5,1.5,3.0,2.4375,2.5,3.25,2.25,2.6666666666666665,2.875,2.875,3.2,3.1999999999999997,3.6666666666666665,3.6666666666666665,2.5,2.5,4.0,4.0
R0060,ORG06,0,,658,2,28,3,1,2.8,3.8,0,0.0,2,1,1,7,229.0,2936,1,4.0,5.0,4.0,4.0,4.0,3.0,4.0,3.0,2.0,2.0,3.0,2.0,2.0,2.0,3.0,3.0,4.0,5.0,3.0,4.0,2.0,2.0,3.0,2.0,2.0,,4.0,3.0,3.0,3.0,4.0,4.0,3.0,3.0,4.0,2.0,2.0,3.0,4.0,4.0,4.0,3.0,3.0,2.0,3.0,3.0,4.0,3.0,4.0,3.0,3.0,3.0,2.0,3.0,3.0,2.0,4.0,2.0,2.0,2.0,3.0,2.0,2.0,3.0,3.0,1.0,2.0,2.0,2.0,4.0,3.0,1.0,3.0,2.0,4.0,3.0,4.0,1.0,4.0,4.0,3.0,2.0,2.0,2.0,1.0,3.0,2.0,3.0,5.0,2.0,4.0,4.0,2.0,3.0,3.0,4.0,3.0,3.0,3.0,3.0,3.0,3.0,2.0,4.0,3.0,4.0,4.0,2.0,2.0,3.0,3.0,4.0,3.0,4.0,2.0,4.0,2.0,2.0,3.0,4.0,4.0,4.0,5.0,0.0,5.8,1.0,4.25,2.5,2.25,3.5,4.0,3.75,3.375,3.0,3.4,2.6,3.2,3.0526315789473686,3.25,3.25,2.5,2.5,2.875,2.5,2.0,2.5,2.3333333333333335,3.625,3.625,2.0,2.0,2.6666666666666665,2.6666666666666665,3.75,3.75,3.0,3.0
R0061,ORG06,0,,672,1,35,3,1,4.8,7.1,0,2.0,3,1,1,4,274.0,2936,1,3.0,3.0,2.0,2.0,3.0,4.0,4.0,4.0,1.0,1.0,2.0,1.0,5.0,4.0,2.0,3.0,3.0,3.0,4.0,3.0,4.0,4.0,5.0,4.0,5.0,2.0,4.0,3.0,4.0,2.0,2.0,2.0,3.0,2.0,2.0,2.0,3.0,3.0,3.0,3.0,3.0,3.0,3.0,3.0,1.0,3.0,2.0,1.0,2.0,2.0,3.0,1.0,1.0,2.0,1.0,2.0,3.0,3.0,3.0,2.0,3.0,5.0,3.0,,4.0,3.0,4.0,3.0,3.0,2.0,2.0,2.0,1.0,1.0,1.0,1.0,1.0,4.0,2.0,2.0,1.0,1.0,1.0,2.0,1.0,5.0,5.0,5.0,2.0,2.0,2.0,3.0,5.0,4.0,2.0,4.0,3.0,2.0,2.0,3.0,3.0,3.0,5.0,5.0,4.0,3.0,3.0,3.0,2.0,2.0,2.0,3.0,4.0,3.0,2.0,2.0,2.0,1.0,1.0,2.0,3.0,4.0,3.0,1.0,3.3,1.0,2.5,2.25,1.25,2.5,3.25,1.75,2.25,3.6,2.2,2.6,3.0,2.85,1.75,2.0,1.5,2.75,2.0,3.6666666666666665,3.5,2.25,3.090909090909091,1.375,1.375,1.2,1.2,5.0,5.0,2.25,2.25,3.75,3.75
R0062,ORG06,0,,354,2,26,3,1,2.4,6.5,1,0.0,2,1,1,3,272.0,2936,1,4.0,3.0,2.0,3.0,4.0,4.0,5.0,4.0,3.0,3.0,2.0,2.0,3.0,3.0,2.0,3.0,3.0,2.0,2.0,3.0,4.0,4.0,4.0,4.0,2.0,3.0,2.0,3.0,2.0,2.0,2.0,1.0,1.0,1.0,4.0,4.0,3.0,3.0,3.0,3.0,5.0,3.0,4.0,4.0,1.0,3.0,2.0,2.0,3.0,2.0,3.0,3.0,3.0,2.0,3.0,4.0,3.0,2.0,3.0,1.0,3.0,3.0,4.0,2.0,3.0,3.0,3.0,3.0,1.0,1.0,2.0,1.0,,2.0,3.0,3.0,3.0,3.0,3.0,3.0,2.0,2.0,2.0,2.0,2.0,4.0,4.0,4.0,2.0,2.0,2.0,2.0,4.0,3.0,3.0,4.0,3.0,2.0,2.0,2.0,3.0,3.0,4.0,4.0,3.0,4.0,3.0,4.0,3.0,4.0,2.0,3.0,4.0,4.0,3.0,4.0,3.0,3.0,3.0,3.0,2.0,2.0,3.0,1.0,13.8,0.0,3.0,1.75,2.5,3.25,2.5,2.0,2.5,2.4,1.4,3.4,3.8,2.75,2.0,2.75,3.0,2.25,2.5,3.0,3.0,1.25,2.4166666666666665,2.857142857142857,2.857142857142857,2.0,2.0,4.0,4.0,2.0,2.0,3.5,3.5
R0063,ORG06,0,,430,2,23,3,1,1.3,7.9,0,0.0,2,1,1,3,200.0,2936,1,3.0,4.0,4.0,4.0,3.0,3.0,2.0,3.0,3.0,3.0,3.0,2.0,3.0,4.0,5.0,3.0,4.0,3.0,4.0,4.0,3.0,2.0,3.0,3.0,3.0,3.0,3.0,3.0,3.0,3.0,3.0,2.0,3.0,1.0,3.0,3.0,4.0,4.0,4.0,3.0,3.0,4.0,1.0,3.0,4.0,4.0,3.0,4.0,5.0,5.0,5.0,5.0,2.0,3.0,3.0,5.0,3.0,4.0,4.0,5.0,3.0,2.0,2.0,3.0,2.0,1.0,2.0,3.0,3.0,2.0,3.0,4.0,2.0,3.0,2.0,2.0,3.0,4.0,2.0,1.0,2.0,3.0,3.0,3.0,3.0,3.0,4.0,3.0,2.0,2.0,3.0,2.0,4.0,4.0,3.0,3.0,3.0,4.0,3.0,3.0,2.0,2.0,3.0,4.0,4.0,4.0,3.0,3.0,2.0,2.0,3.0,3.0,4.0,4.0,5.0,2.0,4.0,1.0,2.0,2.0,4.0,4.0,3.0,0.0,26.7,0.0,3.75,3.25,2.75,2.25,3.75,3.25,3.1666666666666665,3.0,2.4,3.2,2.8,2.85,3.75,5.0,3.25,4.0,4.0,2.5,2.0,3.0,2.5,2.125,2.125,2.8,2.8000000000000003,3.3333333333333335,3.3333333333333335,2.25,2.25,3.5,3.5
R0064,ORG06,0,,899,2,31,1,2,1.2,3.4,0,1.0,1,2,1,1,279.0,2936,1,5.0,5.0,4.0,4.0,3.0,3.0,3.0,3.0,4.0,4.0,5.0,4.0,2.0,2.0,2.0,2.0,4.0,3.0,1.0,4.0,1.0,3.0,2.0,3.0,2.0,2.0,3.0,1.0,1.0,2.0,3.0,4.0,1.0,3.0,4.0,4.0,4.0,5.0,3.0,2.0,2.0,3.0,2.0,,2.0,1.0,4.0,2.0,3.0,3.0,3.0,3.0,4.0,3.0,4.0,4.0,3.0,3.0,5.0,3.0,4.0,2.0,3.0,3.0,3.0,3.0,2.0,3.0,4.0,4.0,4.0,3.0,3.0,1.0,3.0,3.0,2.0,4.0,2.0,2.0,4.0,4.0,4.0,4.0,4.0,5.0,5.0,5.0,2.0,1.0,1.0,1.0,3.0,4.0,4.0,4.0,4.0,3.0,4.0,3.0,3.0,2.0,5.0,5.0,4.0,3.0,4.0,4.0,2.0,3.0,3.0,4.0,5.0,5.0,4.0,4.0,4.0,3.0,2.0,3.0,5.0,5.0,5.0,0.0,1.8,1.0,4.5,3.0,4.25,4.0,3.0,3.75,3.75,1.8,2.6,4.0,2.25,2.6842105263157894,2.25,3.0,3.75,3.5,3.125,3.0,2.75,3.75,3.1666666666666665,2.25,2.25,4.0,4.0,5.0,5.0,1.25,1.25,3.75,3.75
R0065,ORG06,0,,593,2,33,2,2,2.4,5.1,1,3.0,3,1,1,4,160.0,2936,1,3.0,3.0,3.0,3.0,3.0,3.0,3.0,3.0,3.0,3.0,3.0,3.0,3.0,3.0,3.0,3.0,3.0,3.0,3.0,3.0,3.0,3.0,3.0,3.0,3.0,3.0,3.0,3.0,3.0,3.0,3.0,3.0,3.0,3.0,3.0,3.0,3.0,3.0,3.0,3.0,3.0,3.0,3.0,3.0,3.0,3.0,3.0,3.0,3.0,3.0,3.0,3.0,3.0,3.0,3.0,3.0,3.0,3.0,3.0,3.0,3.0,3.0,3.0,3.0,3.0,3.0,3.0,3.0,3.0,3.0,3.0,3.0,3.0,3.0,3.0,3.0,3.0,,3.0,3.0,3.0,3.0,3.0,3.0,3.0,3.0,3.0,3.0,3.0,3.0,3.0,3.0,3.0,3.0,3.0,3.0,4.0,4.0,4.0,3.0,2.0,3.0,5.0,4.0,4.0,4.0,5.0,5.0,3.0,3.0,3.0,4.0,4.0,4.0,3.0,4.0,4.0,2.0,3.0,3.0,4.0,4.0,3.0,0.0,15.5,1.0,3.0,3.0,3.0,3.0,3.0,3.0,3.0,3.0,3.0,3.0,3.0,3.0,3.0,3.0,3.0,3.0,3.0,3.0,3.0,3.0,3.0,3.0,3.0,3.0,3.0,3.0,3.0,3.0,3.0,3.0,3.0
R0066,ORG06,0,,2314,2,21,4,2,3.8,10.7,1,0.0,2,3,1,3,211.0,2936,1,4.0,4.0,5.0,5.0,2.0,2.0,2.0,2.0,4.0,3.0,3.0,3.0,3.0,2.0,4.0,3.0,3.0,3.0,3.0,3.0,3.0,3.0,3.0,4.0,3.0,2.0,3.0,4.0,2.0,3.0,3.0,,4.0,4.0,3.0,4.0,4.0,3.0,3.0,3.0,3.0,3.0,2.0,3.0,4.0,4.0,3.0,4.0,3.0,5.0,4.0,3.0,4.0,4.0,5.0,4.0,4.0,2.0,3.0,4.0,3.0,4.0,3.0,3.0,3.0,3.0,4.0,3.0,4.0,4.0,3.0,3.0,2.0,4.0,3.0,3.0,2.0,3.0,3.0,2.0,2.0,2.0,3.0,4.0,3.0,4.0,4.0,5.0,5.0,4.0,4.0,4.0,4.0,4.0,3.0,3.0,4.0,4.0,4.0,3.0,3.0,3.0,4.0,3.0,4.0,3.0,4.0,3.0,4.0,4.0,2.0,4.0,3.0,4.0,2.0,3.0,4.0,4.0,4.0,4.0,2.0,2.0,3.0,1.0,10.0,0.0,4.5,4.0,3.25,3.0,3.0,2.75,3.4166666666666665,2.8,3.5,3.4,2.8,3.1052631578947367,3.75,3.75,4.25,3.25,3.75,3.25,3.25,3.5,3.3333333333333335,2.75,2.75,2.8,2.8000000000000003,4.333333333333333,4.333333333333333,4.25,4.25,3.5,3.5
R0067,ORG06,0,,1094,1,36,2,1,3.9,4.7,1,0.0,3,1,1,5,270.0,2936,1,4.0,4.0,4.0,4.0,2.0,2.0,3.0,2.0,5.0,4.0,2.0,3.0,2.0,3.0,3.0,4.0,3.0,4.0,3.0,3.0,3.0,2.0,3.0,3.0,4.0,5.0,5.0,5.0,3.0,3.0,4.0,4.0,3.0,3.0,4.0,4.0,3.0,3.0,2.0,4.0,5.0,3.0,4.0,4.0,5.0,5.0,5.0,5.0,4.0,4.0,4.0,4.0,4.0,4.0,3.0,3.0,4.0,4.0,4.0,3.0,2.0,4.0,3.0,2.0,4.0,3.0,4.0,4.0,4.0,5.0,4.0,4.0,4.0,4.0,4.0,5.0,2.0,2.0,3.0,3.0,3.0,1.0,1.0,4.0,3.0,3.0,4.0,4.0,3.0,3.0,3.0,2.0,4.0,4.0,3.0,2.0,3.0,4.0,4.0,3.0,4.0,4.0,2.0,3.0,4.0,4.0,4.0,5.0,5.0,3.0,3.0,3.0,4.0,4.0,4.0,4.0,4.0,3.0,3.0,4.0,3.0,4.0,3.0,1.0,31.8,0.0,4.0,3.75,3.5,3.0,3.25,3.25,3.4583333333333335,4.4,3.4,3.6,4.0,3.85,5.0,4.0,3.5,3.75,4.0625,2.75,3.75,4.25,3.5833333333333335,3.625,3.625,2.4,2.4,3.6666666666666665,3.6666666666666665,2.75,2.75,3.25,3.25
R0068,ORG07,0,,1808,1,29,3,1,0.6,2.5,1,1.0,2,1,1,1,387.0,2913,1,3.0,3.0,2.0,3.0,3.0,4.0,5.0,4.0,3.0,2.0,4.0,3.0,3.0,3.0,3.0,4.0,3.0,3.0,3.0,3.0,2.0,3.0,2.0,4.0,2.0,2.0,3.0,3.0,2.0,2.0,1.0,1.0,2.0,3.0,3.0,3.0,4.0,3.0,3.0,2.0,5.0,2.0,2.0,1.0,3.0,4.0,3.0,3.0,4.0,4.0,4.0,3.0,3.0,3.0,3.0,3.0,2.0,2.0,3.0,2.0,3.0,3.0,2.0,2.0,2.0,3.0,2.0,3.0,2.0,1.0,2.0,1.0,3.0,4.0,4.0,4.0,4.0,3.0,5.0,4.0,3.0,3.0,2.0,2.0,2.0,3.0,4.0,2.0,3.0,1.0,2.0,,3.0,3.0,3.0,5.0,3.0,4.0,3.0,2.0,2.0,3.0,4.0,4.0,3.0,2.0,2.0,2.0,5.0,4.0,4.0,3.0,3.0,3.0,2.0,2.0,2.0,4.0,3.0,3.0,2.0,2.0,3.0,0.0,3.2,1.0,2.75,2.0,3.0,2.75,3.0,3.25,2.7916666666666665,2.4,1.8,3.2,2.4,2.45,3.25,3.75,3.0,2.25,3.0625,2.5,2.5,1.5,2.1666666666666665,3.875,3.875,2.4,2.4,3.0,3.0,2.0,2.0,3.5,3.5
R0069,ORG07,0,,485,2,26,3,1,5.5,7.1,4,1.0,1,1,1,7,154.0,2913,1,2.0,2.0,3.0,2.0,3.0,4.0,3.0,5.0,3.0,4.0,3.0,3.0,2.0,2.0,3.0,2.0,3.0,3.0,2.0,2.0,3.0,4.0,3.0,2.0,4.0,4.0,3.0,4.0,4.0,3.0,3.0,3.0,3.0,2.0,2.0,4.0,3.0,3.0,3.0,3.0,4.0,3.0,3.0,3.0,4.0,4.0,3.0,5.0,2.0,3.0,2.0,2.0,5.0,5.0,5.0,4.0,5.0,5.0,3.0,4.0,2.0,2.0,3.0,3.0,3.0,2.0,2.0,2.0,3.0,3.0,4.0,3.0,4.0,3.0,4.0,3.0,4.0,3.0,4.0,3.0,4.0,4.0,4.0,4.0,5.0,4.0,4.0,4.0,1.0,3.0,3.0,2.0,5.0,3.0,,4.0,3.0,2.0,2.0,2.0,3.0,2.0,3.0,4.0,4.0,3.0,3.0,3.0,2.0,2.0,3.0,2.0,2.0,2.0,4.0,3.0,4.0,2.0,3.0,2.0,3.0,4.0,3.0,1.0,13.4,1.0,2.25,2.25,3.25,3.75,2.5,3.0,2.8333333333333335,3.8,2.8,3.0,3.2,3.2,4.0,2.25,4.75,4.25,3.8125,2.5,2.25,3.25,2.6666666666666665,3.5,3.5,4.2,4.2,4.0,4.0,2.25,2.25,4.0,4.0
R0070,ORG07,0,,402,1,36,3,1,7.4,8.2,0,0.0,3,1,1,8,239.0,2913,1,3.0,3.0,3.0,,3.0,3.0,3.0,3.0,3.0,3.0,3.0,3.0,3.0,3.0,3.0,3.0,3.0,3.0,3.0,3.0,3.0,3.0,3.0,3.0,3.0,3.0,3.0,3.0,3.0,3.0,3.0,3.0,3.0,3.0,3.0,3.0,3.0,3.0,3.0,3.0,3.0,3.0,3.0,3.0,3.0,3.0,3.0,3.0,3.0,3.0,3.0,3.0,3.0,3.0,3.0,3.0,3.0,3.0,3.0,3.0,3.0,3.0,3.0,3.0,3.0,3.0,3.0,3.0,3.0,3.0,3.0,3.0,3.0,3.0,3.0,3.0,3.0,3.0,3.0,3.0,3.0,3.0,3.0,3.0,3.0,3.0,3.0,3.0,3.0,3.0,3.0,3.0,3.0,3.0,3.0,3.0,3.0,2.0,4.0,2.0,2.0,2.0,5.0,5.0,5.0,2.0,2.0,2.0,4.0,2.0,2.0,5.0,5.0,5.0,3.0,3.0,3.0,2.0,3.0,3.0,5.0,4.0,4.0,1.0,2.7,1.0,3.0,3.0,3.0,3.0,3.0,3.0,3.0,3.0,3.0,3.0,3.0,3.0,3.0,3.0,3.0,3.0,3.0,3.0,3.0,3.0,3.0,3.0,3.0,3.0,3.0,3.0,3.0,3.0,3.0,3.0,3.0
R0071,ORG07,0,,1613,2,30,3,2,2.5,5.0,3,0.0,2,1,1,10,275.0,2913,1,4.0,3.0,4.0,5.0,4.0,3.0,4.0,4.0,2.0,3.0,2.0,2.0,2.0,2.0,4.0,2.0,3.0,3.0,3.0,3.0,4.0,3.0,3.0,3.0,3.0,3.0,2.0,3.0,3.0,3.0,3.0,2.0,3.0,,3.0,2.0,3.0,3.0,3.0,3.0,3.0,2.0,3.0,4.0,4.0,3.0,3.0,4.0,4.0,3.0,3.0,3.0,2.0,2.0,2.0,3.0,3.0,3.0,3.0,3.0,4.0,3.0,4.0,4.0,4.0,3.0,2.0,3.0,3.0,3.0,2.0,2.0,4.0,3.0,5.0,1.0,4.0,1.0,4.0,5.0,3.0,3.0,3.0,2.0,2.0,3.0,4.0,2.0,3.0,4.0,2.0,3.0,2.0,3.0,2.0,2.0,3.0,3.0,3.0,4.0,4.0,3.0,2.0,3.0,3.0,4.0,3.0,4.0,3.0,3.0,2.0,4.0,2.0,2.0,3.0,2.0,4.0,3.0,4.0,4.0,3.0,2.0,2.0,0.0,21.9,0.0,4.0,2.25,2.25,3.5,3.0,2.75,2.9583333333333335,2.8,2.75,2.8,3.0,2.8421052631578947,3.5,3.25,2.25,3.0,3.0,3.75,3.0,2.5,3.0833333333333335,3.875,3.875,2.6,2.6,3.0,3.0,3.0,3.0,2.25,2.25
R0072,ORG07,0,,932,2,27,3,2,2.5,4.0,2,0.0,2,1,1,1,282.0,2913,1,3.0,3.0,3.0,3.0,3.0,3.0,3.0,3.0,3.0,3.0,3.0,3.0,3.0,3.0,3.0,3.0,3.0,3.0,3.0,3.0,3.0,3.0,3.0,3.0,3.0,3.0,3.0,3.0,3.0,3.0,3.0,3.0,3.0,3.0,3.0,3.0,3.0,3.0,3.0,3.0,3.0,3.0,3.0,3.0,3.0,3.0,3.0,3.0,3.0,3.0,3.0,3.0,3.0,3.0,3.0,3.0,3.0,3.0,3.0,3.0,3.0,3.0,3.0,3.0,3.0,3.0,3.0,3.0,3.0,3.0,3.0,3.0,3.0,3.0,3.0,3.0,3.0,3.0,3.0,3.0,3.0,3.0,3.0,3.0,3.0,3.0,3.0,3.0,3.0,3.0,3.0,3.0,3.0,3.0,3.0,3.0,3.0,2.0,3.0,3.0,2.0,1.0,3.0,5.0,5.0,4.0,3.0,3.0,3.0,2.0,2.0,3.0,2.0,3.0,3.0,3.0,3.0,4.0,3.0,4.0,3.0,3.0,4.0,0.0,2.3,1.0,3.0,3.0,3.0,3.0,3.0,3.0,3.0,3.0,3.0,3.0,3.0,3.0,3.0,3.0,3.0,3.0,3.0,3.0,3.0,3.0,3.0,3.0,3.0,3.0,3.0,3.0,3.0,3.0,3.0,3.0,3.0
R0073,ORG07,0,,538,1,40,3,1,1.1,2.3,0,3.0,1,1,1,1,233.0,2913,1,3.0,3.0,3.0,3.0,3.0,3.0,3.0,3.0,3.0,3.0,3.0,3.0,3.0,3.0,3.0,3.0,3.0,3.0,3.0,3.0,3.0,3.0,3.0,3.0,3.0,3.0,3.0,3.0,3.0,3.0,3.0,3.0,3.0,3.0,3.0,3.0,3.0,3.0,3.0,3.0,3.0,3.0,3.0,3.0,3.0,3.0,3.0,3.0,3.0,3.0,3.0,3.0,3.0,,3.0,3.0,3.0,3.0,3.0,3.0,3.0,3.0,3.0,3.0,3.0,3.0,3.0,3.0,3.0,3.0,3.0,3.0,3.0,3.0,3.0,3.0,3.0,3.0,3.0,3.0,3.0,3.0,3.0,3.0,3.0,3.0,3.0,3.0,3.0,3.0,3.0,3.0,3.0,3.0,3.0,3.0,3.0,3.0,3.0,3.0,2.0,4.0,3.0,3.0,3.0,4.0,4.0,3.0,3.0,2.0,3.0,3.0,4.0,3.0,4.0,2.0,3.0,4.0,2.0,3.0,4.0,4.0,4.0,0.0,25.3,0.0,3.0,3.0,3.0,3.0,3.0,3.0,3.0,3.0,3.0,3.0,3.0,3.0,3.0,3.0,3.0,3.0,3.0,3.0,3.0,3.0,3.0,3.0,3.0,3.0,3.0,3.0,3.0,3.0,3.0,3.0,3.0
R0074,ORG07,0,,1062,1,33,3,2,2.8,4.3,3,2.0,2,1,1,7,343.0,2913,1,4.0,3.0,4.0,4.0,3.0,3.0,4.0,3.0,3.0,3.0,2.0,3.0,2.0,3.0,4.0,3.0,2.0,4.0,4.0,2.0,3.0,2.0,2.0,3.0,3.0,4.0,4.0,4.0,4.0,4.0,4.0,5.0,4.0,5.0,4.0,3.0,4.0,5.0,5.0,3.0,4.0,3.0,3.0,2.0,4.0,4.0,4.0,4.0,5.0,4.0,4.0,4.0,4.0,2.0,3.0,3.0,4.0,3.0,5.0,4.0,5.0,4.0,3.0,4.0,5.0,5.0,3.0,5.0,5.0,4.0,4.0,5.0,4.0,3.0,4.0,4.0,3.0,2.0,2.0,3.0,4.0,3.0,3.0,4.0,4.0,3.0,2.0,2.0,4.0,4.0,4.0,5.0,4.0,3.0,3.0,2.0,4.0,3.0,3.0,4.0,4.0,4.0,3.0,3.0,3.0,3.0,3.0,3.0,4.0,4.0,5.0,2.0,3.0,2.0,4.0,4.0,4.0,5.0,5.0,4.0,3.0,3.0,2.0,0.0,31.9,0.0,3.75,2.75,2.75,3.0,3.0,3.5,3.125,3.8,4.4,3.4,3.0,3.65,4.0,4.25,3.0,4.0,3.8125,4.0,4.5,4.5,4.333333333333333,3.375,3.375,3.6,3.6,2.3333333333333335,2.3333333333333335,4.25,4.25,3.0,3.0
R0075,ORG07,0,,1004,2,27,3,1,8.2,12.9,0,3.0,2,1,2,4,220.0,2913,1,4.0,5.0,5.0,4.0,3.0,4.0,2.0,3.0,4.0,3.0,4.0,4.0,2.0,1.0,1.0,1.0,4.0,3.0,5.0,3.0,3.0,3.0,3.0,4.0,3.0,3.0,3.0,3.0,4.0,3.0,3.0,4.0,3.0,3.0,4.0,4.0,3.0,4.0,3.0,3.0,2.0,2.0,3.0,3.0,4.0,4.0,5.0,3.0,4.0,5.0,4.0,4.0,3.0,3.0,4.0,3.0,4.0,3.0,2.0,3.0,5.0,4.0,5.0,4.0,5.0,5.0,5.0,5.0,5.0,4.0,5.0,5.0,4.0,3.0,5.0,3.0,4.0,2.0,5.0,5.0,3.0,4.0,3.0,4.0,4.0,4.0,4.0,4.0,3.0,4.0,3.0,3.0,3.0,1.0,1.0,3.0,3.0,4.0,4.0,4.0,5.0,5.0,3.0,4.0,3.0,4.0,3.0,3.0,4.0,4.0,3.0,2.0,2.0,3.0,4.0,3.0,3.0,3.0,3.0,3.0,1.0,3.0,3.0,0.0,23.8,0.0,4.5,3.0,3.75,4.75,3.75,2.75,3.75,3.2,3.2,3.6,2.6,3.15,4.0,4.25,3.25,3.0,3.625,4.5,5.0,4.75,4.75,4.125,4.125,3.6,3.6,4.0,4.0,3.25,3.25,2.0,2.0
R0077,ORG08,0,,695,1,31,4,1,1.9,3.1,2,2.0,1,3,1,1,279.0,2302,4,3.0,3.0,3.0,3.0,3.0,3.0,,3.0,3.0,3.0,3.0,3.0,3.0,3.0,3.0,3.0,3.0,3.0,3.0,3.0,3.0,3.0,3.0,3.0,3.0,3.0,3.0,3.0,3.0,3.0,3.0,3.0,3.0,3.0,3.0,3.0,3.0,3.0,3.0,3.0,3.0,3.0,3.0,3.0,3.0,3.0,3.0,3.0,3.0,3.0,3.0,3.0,3.0,3.0,3.0,3.0,3.0,3.0,3.0,3.0,3.0,3.0,3.0,3.0,3.0,3.0,3.0,3.0,3.0,3.0,3.0,3.0,3.0,3.0,3.0,3.0,3.0,3.0,3.0,3.0,3.0,3.0,3.0,3.0,3.0,3.0,3.0,3.0,3.0,3.0,3.0,3.0,3.0,3.0,3.0,3.0,4.0,3.0,4.0,3.0,3.0,4.0,4.0,5.0,4.0,4.0,3.0,3.0,5.0,5.0,5.0,4.0,4.0,4.0,4.0,4.0,4.0,4.0,4.0,4.0,4.0,4.0,5.0,1.0,3.8,1.0,3.0,3.0,3.0,3.0,3.0,3.0,3.0,3.0,3.0,3.0,3.0,3.0,3.0,3.0,3.0,3.0,3.0,3.0,3.0,3.0,3.0,3.0,3.0,3.0,3.0,3.0,3.0,3.0,3.0,3.0,3.0
R0078,ORG08,0,,851,1,30,3,1,4.8,6.1,4,1.0,3,3,1,5,160.0,2302,4,3.0,4.0,4.0,3.0,1.0,1.0,3.0,2.0,3.0,3.0,4.0,3.0,2.0,2.0,2.0,3.0,4.0,3.0,4.0,3.0,3.0,3.0,4.0,4.0,4.0,4.0,3.0,3.0,3.0,2.0,4.0,3.0,5.0,4.0,5.0,4.0,4.0,4.0,3.0,4.0,3.0,4.0,3.0,4.0,4.0,2.0,4.0,3.0,4.0,5.0,4.0,4.0,4.0,3.0,2.0,4.0,5.0,3.0,3.0,4.0,2.0,3.0,3.0,3.0,4.0,5.0,5.0,4.0,5.0,3.0,4.0,2.0,2.0,3.0,2.0,2.0,3.0,4.0,3.0,3.0,3.0,3.0,2.0,3.0,2.0,2.0,3.0,2.0,4.0,3.0,3.0,3.0,3.0,2.0,4.0,2.0,4.0,4.0,3.0,4.0,4.0,5.0,3.0,3.0,3.0,3.0,4.0,3.0,5.0,4.0,4.0,4.0,3.0,4.0,2.0,4.0,2.0,5.0,4.0,4.0,3.0,2.0,2.0,1.0,26.8,0.0,3.5,4.25,3.25,3.75,3.5,2.5,3.4583333333333335,3.4,3.6,4.0,3.6,3.65,3.25,4.25,3.25,3.75,3.625,2.75,4.5,3.5,3.5833333333333335,2.5,2.5,2.6,2.6,2.3333333333333335,2.3333333333333335,3.25,3.25,2.75,2.75
R0080,ORG08,0,,895,2,27,5,2,4.3,5.1,0,2.0,1,2,1,6,246.0,2302,4,4.0,4.0,4.0,4.0,4.0,4.0,4.0,4.0,5.0,3.0,3.0,3.0,3.0,4.0,2.0,4.0,4.0,3.0,4.0,3.0,3.0,3.0,1.0,3.0,3.0,4.0,3.0,4.0,4.0,4.0,4.0,2.0,4.0,3.0,3.0,3.0,3.0,2.0,5.0,3.0,2.0,2.0,3.0,3.0,2.0,3.0,2.0,2.0,3.0,4.0,3.0,2.0,5.0,,3.0,3.0,3.0,3.0,4.0,3.0,2.0,2.0,1.0,1.0,2.0,2.0,2.0,3.0,2.0,2.0,1.0,2.0,3.0,2.0,4.0,3.0,2.0,3.0,3.0,2.0,2.0,3.0,3.0,2.0,2.0,4.0,3.0,4.0,4.0,3.0,3.0,3.0,3.0,2.0,2.0,4.0,3.0,4.0,4.0,3.0,1.0,3.0,3.0,2.0,3.0,3.0,4.0,4.0,3.0,3.0,3.0,3.0,4.0,3.0,4.0,3.0,3.0,3.0,3.0,3.0,3.0,3.0,3.0,1.0,13.7,1.0,4.0,2.0,3.5,2.75,3.5,3.5,3.2083333333333335,3.6,3.4,2.4,2.6,3.0,2.25,3.0,3.6666666666666665,3.25,3.0,1.5,2.25,1.75,1.8333333333333333,2.75,2.75,2.4,2.4,3.6666666666666665,3.6666666666666665,3.25,3.25,2.75,2.75
R0081,ORG08,0,,641,2,32,3,1,0.7,1.4,2,0.0,1,1,1,5,208.0,2302,4,2.0,3.0,2.0,2.0,3.0,3.0,3.0,4.0,4.0,3.0,3.0,3.0,3.0,2.0,2.0,3.0,3.0,2.0,3.0,3.0,3.0,3.0,2.0,3.0,2.0,1.0,3.0,2.0,1.0,1.0,2.0,1.0,1.0,1.0,2.0,1.0,1.0,2.0,4.0,2.0,2.0,2.0,1.0,1.0,4.0,3.0,3.0,2.0,2.0,3.0,2.0,3.0,3.0,3.0,3.0,4.0,3.0,3.0,4.0,2.0,1.0,2.0,1.0,1.0,1.0,2.0,1.0,1.0,2.0,3.0,1.0,1.0,3.0,3.0,3.0,3.0,3.0,3.0,2.0,3.0,2.0,2.0,2.0,1.0,1.0,3.0,2.0,2.0,2.0,1.0,2.0,2.0,3.0,4.0,3.0,3.0,2.0,2.0,3.0,2.0,2.0,1.0,2.0,3.0,3.0,4.0,3.0,2.0,2.0,2.0,1.0,2.0,2.0,3.0,3.0,5.0,3.0,3.0,3.0,3.0,4.0,3.0,3.0,1.0,1.2,1.0,2.25,2.75,3.25,3.5,2.75,3.25,2.9583333333333335,1.8,1.2,1.6,1.6,1.55,3.0,2.5,3.25,3.0,2.9375,1.25,1.25,1.75,1.4166666666666667,2.875,2.875,1.6,1.5999999999999999,2.3333333333333335,2.3333333333333335,1.75,1.75,3.25,3.25
R0082,ORG09,0,,712,1,32,3,1,6.5,10.2,4,2.0,1,1,1,10,246.0,2172,1,3.0,3.0,3.0,3.0,3.0,3.0,3.0,3.0,3.0,3.0,3.0,3.0,3.0,3.0,3.0,3.0,3.0,3.0,3.0,3.0,3.0,3.0,3.0,3.0,3.0,3.0,3.0,3.0,3.0,3.0,3.0,3.0,3.0,3.0,3.0,3.0,3.0,3.0,3.0,3.0,3.0,3.0,3.0,3.0,3.0,3.0,3.0,3.0,3.0,3.0,3.0,3.0,3.0,3.0,3.0,3.0,3.0,3.0,3.0,3.0,3.0,3.0,3.0,3.0,3.0,3.0,3.0,3.0,3.0,3.0,3.0,3.0,3.0,3.0,3.0,3.0,3.0,3.0,,3.0,3.0,3.0,3.0,3.0,3.0,3.0,3.0,3.0,3.0,3.0,3.0,3.0,3.0,3.0,3.0,3.0,4.0,4.0,4.0,3.0,2.0,3.0,4.0,3.0,2.0,3.0,3.0,2.0,3.0,4.0,2.0,1.0,3.0,2.0,3.0,4.0,3.0,2.0,3.0,2.0,3.0,3.0,4.0,0.0,4.6,1.0,3.0,3.0,3.0,3.0,3.0,3.0,3.0,3.0,3.0,3.0,3.0,3.0,3.0,3.0,3.0,3.0,3.0,3.0,3.0,3.0,3.0,3.0,3.0,3.0,3.0,3.0,3.0,3.0,3.0,3.0,3.0
R0083,ORG09,0,,599,2,35,1,2,5.1,6.5,1,2.0,1,1,1,4,286.0,2172,1,4.0,,4.0,4.0,2.0,2.0,3.0,3.0,3.0,3.0,3.0,3.0,3.0,4.0,3.0,3.0,4.0,3.0,4.0,3.0,3.0,4.0,3.0,3.0,3.0,3.0,3.0,3.0,3.0,4.0,3.0,4.0,3.0,5.0,4.0,4.0,4.0,5.0,3.0,3.0,4.0,3.0,3.0,4.0,5.0,4.0,4.0,3.0,3.0,4.0,3.0,3.0,4.0,4.0,5.0,5.0,3.0,4.0,3.0,2.0,3.0,3.0,3.0,3.0,4.0,3.0,3.0,3.0,3.0,2.0,4.0,4.0,4.0,4.0,5.0,4.0,5.0,1.0,5.0,4.0,4.0,4.0,5.0,4.0,3.0,3.0,3.0,3.0,2.0,3.0,3.0,3.0,4.0,3.0,5.0,5.0,3.0,4.0,5.0,3.0,3.0,4.0,4.0,4.0,3.0,3.0,4.0,2.0,4.0,4.0,3.0,2.0,4.0,3.0,4.0,3.0,4.0,3.0,3.0,4.0,3.0,2.0,2.0,0.0,22.5,0.0,4.0,3.5,3.0,2.75,3.5,2.75,3.217391304347826,3.0,3.8,4.0,3.4,3.55,4.0,3.25,4.5,3.0,3.6875,3.0,3.25,3.25,3.1666666666666665,4.5,4.5,4.0,4.0,3.0,3.0,2.75,2.75,4.25,4.25
R0084,ORG09,0,,545,1,34,3,1,5.0,11.8,1,2.0,2,1,1,2,219.0,2172,1,4.0,4.0,4.0,4.0,4.0,4.0,4.0,4.0,4.0,4.0,4.0,4.0,4.0,4.0,4.0,4.0,4.0,4.0,4.0,4.0,4.0,4.0,4.0,4.0,4.0,4.0,4.0,4.0,4.0,4.0,4.0,4.0,4.0,4.0,4.0,4.0,4.0,4.0,4.0,4.0,4.0,4.0,4.0,4.0,4.0,4.0,4.0,4.0,4.0,4.0,4.0,4.0,4.0,4.0,4.0,4.0,4.0,4.0,4.0,4.0,4.0,4.0,4.0,4.0,4.0,4.0,4.0,4.0,4.0,4.0,4.0,4.0,4.0,4.0,4.0,4.0,4.0,4.0,4.0,4.0,4.0,4.0,4.0,4.0,4.0,4.0,4.0,4.0,4.0,4.0,4.0,4.0,4.0,4.0,4.0,4.0,3.0,3.0,3.0,3.0,4.0,3.0,2.0,3.0,4.0,3.0,3.0,5.0,3.0,4.0,4.0,3.0,4.0,3.0,4.0,3.0,4.0,4.0,4.0,3.0,3.0,3.0,4.0,0.0,1.6,1.0,4.0,2.0,4.0,2.0,4.0,2.0,3.0,4.0,4.0,3.6,4.0,3.9,4.0,4.0,4.0,4.0,4.0,4.0,4.0,4.0,4.0,3.75,3.75,4.0,4.0,4.0,4.0,4.0,4.0,4.0,4.0
R0085,ORG09,0,,830,1,31,3,1,2.5,3.0,1,2.0,2,2,1,7,258.0,2172,1,2.0,3.0,3.0,3.0,5.0,2.0,5.0,5.0,4.0,4.0,4.0,3.0,5.0,4.0,5.0,5.0,4.0,4.0,4.0,3.0,3.0,4.0,4.0,4.0,2.0,4.0,3.0,3.0,3.0,1.0,1.0,2.0,2.0,2.0,2.0,3.0,3.0,3.0,5.0,3.0,4.0,3.0,5.0,3.0,3.0,3.0,4.0,2.0,3.0,3.0,3.0,3.0,3.0,4.0,3.0,2.0,2.0,2.0,4.0,3.0,3.0,4.0,3.0,4.0,4.0,3.0,4.0,4.0,4.0,4.0,4.0,4.0,2.0,2.0,3.0,3.0,1.0,4.0,1.0,3.0,5.0,4.0,5.0,5.0,3.0,4.0,5.0,4.0,4.0,3.0,3.0,4.0,3.0,2.0,3.0,2.0,3.0,1.0,2.0,2.0,4.0,4.0,4.0,3.0,3.0,4.0,4.0,3.0,3.0,4.0,3.0,3.0,2.0,3.0,3.0,4.0,3.0,4.0,4.0,4.0,3.0,3.0,2.0,1.0,10.0,0.0,2.75,1.75,3.75,1.25,3.75,2.25,2.5833333333333335,3.0,1.6,2.4,3.6,2.65,3.0,3.0,3.0,2.75,2.9375,3.5,3.75,4.0,3.75,2.125,2.125,4.4,4.3999999999999995,4.333333333333333,4.333333333333333,3.5,3.5,2.5,2.5
R0086,ORG09,0,,758,1,43,3,1,1.3,4.9,3,3.0,1,1,1,5,109.0,2172,1,4.0,4.0,5.0,5.0,2.0,4.0,3.0,2.0,5.0,4.0,3.0,4.0,2.0,2.0,1.0,2.0,5.0,4.0,3.0,4.0,3.0,1.0,3.0,3.0,5.0,5.0,5.0,5.0,5.0,3.0,5.0,4.0,3.0,4.0,4.0,4.0,4.0,5.0,2.0,5.0,4.0,4.0,5.0,4.0,5.0,4.0,4.0,4.0,4.0,4.0,4.0,3.0,4.0,4.0,4.0,4.0,5.0,4.0,4.0,5.0,5.0,5.0,4.0,4.0,4.0,5.0,4.0,5.0,4.0,2.0,4.0,3.0,5.0,5.0,4.0,4.0,3.0,3.0,4.0,4.0,3.0,4.0,4.0,3.0,4.0,2.0,1.0,2.0,5.0,5.0,5.0,5.0,2.0,1.0,2.0,2.0,5.0,5.0,3.0,3.0,4.0,5.0,2.0,2.0,2.0,2.0,3.0,5.0,4.0,3.0,5.0,2.0,2.0,3.0,3.0,2.0,3.0,4.0,3.0,4.0,4.0,3.0,3.0,0.0,18.2,1.0,4.5,3.25,4.0,4.25,4.0,3.5,3.9166666666666665,5.0,3.8,4.2,4.4,4.35,4.25,3.75,4.0,4.5,4.125,4.5,4.5,3.25,4.083333333333333,4.0,4.0,3.6,3.6,1.6666666666666667,1.6666666666666667,5.0,5.0,1.75,1.75
R0087,ORG09,0,,1414,1,26,3,1,3.9,6.4,1,,2,2,1,3,448.0,2172,1,4.0,3.0,3.0,4.0,3.0,3.0,4.0,4.0,3.0,3.0,4.0,4.0,4.0,3.0,3.0,3.0,3.0,3.0,4.0,3.0,3.0,3.0,4.0,3.0,2.0,3.0,3.0,3.0,4.0,3.0,3.0,3.0,3.0,5.0,2.0,3.0,2.0,4.0,2.0,4.0,4.0,3.0,4.0,3.0,2.0,2.0,3.0,3.0,1.0,3.0,3.0,2.0,2.0,2.0,3.0,1.0,4.0,4.0,4.0,3.0,4.0,3.0,4.0,4.0,4.0,3.0,2.0,3.0,3.0,2.0,3.0,2.0,4.0,3.0,3.0,3.0,2.0,3.0,3.0,3.0,3.0,4.0,4.0,3.0,3.0,4.0,4.0,4.0,4.0,4.0,3.0,4.0,4.0,5.0,4.0,4.0,3.0,3.0,2.0,4.0,4.0,3.0,3.0,4.0,3.0,3.0,4.0,3.0,3.0,3.0,3.0,3.0,4.0,4.0,2.0,2.0,2.0,2.0,2.0,3.0,3.0,3.0,4.0,0.0,0.1,1.0,3.5,2.5,3.5,2.75,3.25,2.75,3.0416666666666665,3.0,3.4,3.0,3.6,3.25,2.5,2.25,2.0,3.75,2.625,3.75,3.0,2.5,3.0833333333333335,3.0,3.0,3.4,3.4,4.0,4.0,3.75,3.75,4.25,4.25
R0088,ORG09,0,,438,1,30,3,2,0.9,3.5,1,2.0,2,2,2,5,236.0,2172,1,2.0,3.0,3.0,3.0,3.0,4.0,5.0,3.0,3.0,3.0,3.0,3.0,3.0,3.0,4.0,4.0,2.0,1.0,3.0,3.0,3.0,2.0,5.0,4.0,4.0,3.0,4.0,4.0,4.0,4.0,4.0,3.0,4.0,4.0,5.0,4.0,4.0,4.0,2.0,4.0,4.0,3.0,3.0,3.0,4.0,3.0,4.0,3.0,4.0,4.0,3.0,3.0,5.0,4.0,3.0,3.0,2.0,3.0,2.0,2.0,4.0,5.0,4.0,3.0,5.0,5.0,5.0,5.0,3.0,3.0,4.0,3.0,3.0,3.0,3.0,3.0,3.0,2.0,2.0,3.0,3.0,4.0,3.0,5.0,4.0,3.0,3.0,3.0,3.0,3.0,2.0,3.0,2.0,4.0,4.0,3.0,3.0,3.0,3.0,4.0,5.0,4.0,3.0,1.0,2.0,,,,,,,,,,,,,,,,,,,0.0,27.4,0.0,2.75,2.25,3.0,2.5,2.25,2.5,2.5416666666666665,3.8,3.8,4.2,3.4,3.8,3.5,3.5,3.75,2.25,3.25,4.0,5.0,3.25,4.083333333333333,3.0,3.0,3.8,3.8000000000000003,3.0,3.0,2.75,2.75,3.25,3.25
R0089,ORG09,0,,855,1,27,2,1,0.8,6.6,1,1.0,4,1,1,10,139.0,2172,1,4.0,3.0,4.0,3.0,3.0,3.0,4.0,5.0,4.0,3.0,2.0,2.0,2.0,3.0,4.0,3.0,4.0,4.0,5.0,3.0,5.0,5.0,5.0,5.0,4.0,4.0,3.0,4.0,4.0,3.0,2.0,3.0,3.0,4.0,4.0,3.0,4.0,4.0,4.0,4.0,4.0,2.0,3.0,3.0,4.0,4.0,4.0,4.0,5.0,4.0,5.0,4.0,5.0,3.0,5.0,4.0,4.0,3.0,5.0,3.0,2.0,3.0,3.0,5.0,2.0,2.0,2.0,1.0,3.0,2.0,1.0,2.0,3.0,3.0,3.0,3.0,3.0,4.0,3.0,3.0,5.0,5.0,5.0,4.0,4.0,3.0,3.0,3.0,3.0,3.0,3.0,2.0,5.0,3.0,4.0,4.0,4.0,4.0,3.0,2.0,2.0,2.0,4.0,4.0,3.0,4.0,3.0,4.0,3.0,3.0,3.0,3.0,3.0,4.0,3.0,4.0,3.0,3.0,3.0,4.0,3.0,3.0,3.0,0.0,14.0,1.0,3.5,2.25,2.75,3.0,4.0,1.0,2.75,3.8,3.0,3.4,3.2,3.35,4.0,4.5,4.25,3.75,4.125,3.25,1.75,2.0,2.3333333333333335,2.875,2.875,4.6,4.6000000000000005,3.0,3.0,2.75,2.75,4.0,4.0
R0090,ORG10,0,,973,1,32,3,1,2.9,5.0,1,0.0,1,1,1,5,455.0,195,4,3.0,4.0,4.0,5.0,3.0,4.0,2.0,3.0,2.0,3.0,3.0,2.0,3.0,4.0,4.0,5.0,4.0,4.0,4.0,3.0,2.0,3.0,4.0,2.0,2.0,3.0,2.0,3.0,3.0,2.0,2.0,3.0,2.0,2.0,4.0,2.0,2.0,4.0,2.0,4.0,4.0,3.0,2.0,3.0,3.0,2.0,4.0,3.0,4.0,4.0,3.0,3.0,4.0,3.0,3.0,3.0,4.0,4.0,5.0,3.0,2.0,3.0,4.0,3.0,3.0,2.0,3.0,4.0,3.0,3.0,4.0,2.0,3.0,3.0,3.0,3.0,2.0,4.0,3.0,4.0,2.0,1.0,3.0,2.0,3.0,4.0,4.0,2.0,4.0,4.0,2.0,3.0,3.0,2.0,2.0,3.0,4.0,3.0,3.0,3.0,2.0,2.0,3.0,3.0,4.0,3.0,2.0,2.0,3.0,3.0,3.0,5.0,3.0,3.0,,,,,,,,,,1.0,29.6,0.0,4.0,3.0,2.5,2.0,3.75,3.25,3.0833333333333335,2.6,2.2,3.2,3.2,2.8,3.0,3.5,3.25,4.0,3.4375,3.0,3.0,3.0,3.0,2.875,2.875,2.2,2.1999999999999997,3.3333333333333335,3.3333333333333335,3.25,3.25,2.5,2.5
R0091,ORG10,0,,1054,1,36,2,1,5.5,11.6,1,2.0,1,1,1,1,173.0,195,4,4.0,4.0,4.0,2.0,3.0,4.0,4.0,4.0,3.0,3.0,2.0,3.0,4.0,3.0,5.0,3.0,4.0,3.0,3.0,2.0,3.0,4.0,3.0,3.0,4.0,3.0,4.0,4.0,3.0,3.0,3.0,3.0,3.0,4.0,4.0,3.0,3.0,3.0,2.0,2.0,2.0,3.0,2.0,2.0,2.0,4.0,3.0,3.0,3.0,3.0,2.0,3.0,1.0,2.0,2.0,2.0,2.0,3.0,2.0,2.0,2.0,3.0,2.0,2.0,1.0,2.0,1.0,2.0,3.0,3.0,3.0,3.0,4.0,3.0,3.0,2.0,2.0,3.0,2.0,4.0,4.0,2.0,3.0,3.0,4.0,4.0,5.0,3.0,2.0,2.0,3.0,2.0,,4.0,4.0,3.0,3.0,3.0,3.0,3.0,3.0,4.0,3.0,4.0,4.0,4.0,3.0,3.0,3.0,2.0,3.0,2.0,3.0,2.0,4.0,4.0,3.0,3.0,3.0,4.0,3.0,4.0,2.0,1.0,18.8,0.0,3.5,2.25,2.75,2.25,3.0,2.75,2.75,3.6,3.2,3.4,2.2,3.1,3.0,2.75,1.75,2.25,2.4375,2.25,1.5,3.0,2.25,2.875,2.875,3.2,3.1999999999999997,4.0,4.0,2.25,2.25,3.6666666666666665,3.6666666666666665
R0092,ORG10,0,,962,1,23,3,2,0.9,1.4,3,3.0,2,1,1,6,206.0,195,4,4.0,4.0,4.0,3.0,4.0,4.0,4.0,4.0,3.0,3.0,3.0,4.0,4.0,3.0,4.0,4.0,4.0,4.0,4.0,4.0,3.0,3.0,3.0,2.0,2.0,2.0,3.0,3.0,2.0,3.0,3.0,3.0,3.0,4.0,4.0,4.0,3.0,4.0,3.0,3.0,2.0,4.0,2.0,1.0,3.0,4.0,3.0,3.0,3.0,3.0,3.0,3.0,4.0,3.0,4.0,4.0,4.0,3.0,4.0,3.0,2.0,3.0,4.0,3.0,4.0,1.0,3.0,3.0,2.0,3.0,3.0,3.0,4.0,5.0,4.0,2.0,5.0,2.0,5.0,5.0,1.0,2.0,3.0,2.0,2.0,3.0,2.0,3.0,3.0,4.0,5.0,4.0,3.0,2.0,3.0,3.0,2.0,3.0,3.0,3.0,2.0,3.0,1.0,2.0,3.0,2.0,4.0,2.0,1.0,2.0,2.0,1.0,1.0,3.0,4.0,4.0,3.0,3.0,3.0,3.0,2.0,3.0,2.0,0.0,4.5,1.0,3.75,2.0,3.25,2.25,4.0,3.25,3.0833333333333335,2.4,3.2,3.6,2.4,2.9,3.25,3.0,3.75,3.5,3.375,3.0,2.75,2.75,2.8333333333333335,4.25,4.25,2.0,2.0,2.6666666666666665,2.6666666666666665,4.0,4.0,2.75,2.75
R0093,ORG10,0,,706,2,26,3,1,3.2,3.8,0,1.0,3,1,1,1,327.0,195,4,5.0,4.0,4.0,2.0,2.0,3.0,3.0,4.0,4.0,4.0,3.0,3.0,3.0,4.0,4.0,3.0,4.0,4.0,3.0,3.0,4.0,3.0,4.0,5.0,2.0,1.0,4.0,3.0,4.0,5.0,3.0,4.0,4.0,3.0,3.0,3.0,4.0,2.0,3.0,4.0,4.0,4.0,4.0,4.0,4.0,4.0,3.0,4.0,4.0,4.0,4.0,3.0,4.0,2.0,4.0,4.0,3.0,3.0,4.0,3.0,1.0,1.0,3.0,2.0,2.0,3.0,3.0,2.0,3.0,4.0,3.0,3.0,3.0,3.0,3.0,3.0,3.0,3.0,2.0,3.0,3.0,3.0,3.0,2.0,3.0,4.0,3.0,3.0,3.0,3.0,5.0,3.0,3.0,3.0,3.0,2.0,2.0,3.0,4.0,1.0,2.0,2.0,4.0,4.0,4.0,3.0,3.0,3.0,1.0,1.0,1.0,4.0,4.0,3.0,3.0,3.0,4.0,3.0,2.0,2.0,4.0,3.0,4.0,0.0,5.0,1.0,3.75,3.0,3.5,2.5,3.5,2.0,3.0416666666666665,2.8,3.8,3.0,4.0,3.4,3.75,3.75,3.5,3.25,3.5625,1.75,2.5,3.25,2.5,2.875,2.875,2.8,2.8000000000000003,3.3333333333333335,3.3333333333333335,3.5,3.5,2.75,2.75
R0094,ORG10,0,,561,1,32,3,1,1.9,9.3,5,2.0,1,2,2,10,2400.0,195,4,3.0,4.0,4.0,5.0,3.0,3.0,3.0,4.0,3.0,4.0,3.0,3.0,2.0,3.0,3.0,2.0,4.0,4.0,5.0,4.0,4.0,3.0,2.0,3.0,2.0,2.0,2.0,3.0,2.0,2.0,2.0,3.0,3.0,4.0,2.0,2.0,2.0,2.0,4.0,2.0,2.0,1.0,2.0,2.0,3.0,2.0,2.0,2.0,3.0,2.0,2.0,1.0,3.0,2.0,2.0,2.0,3.0,2.0,4.0,3.0,2.0,2.0,2.0,3.0,2.0,2.0,3.0,2.0,3.0,3.0,2.0,1.0,3.0,2.0,2.0,3.0,2.0,4.0,2.0,3.0,3.0,2.0,3.0,4.0,5.0,3.0,4.0,3.0,3.0,2.0,3.0,2.0,3.0,4.0,3.0,4.0,4.0,2.0,2.0,2.0,3.0,2.0,3.0,3.0,3.0,4.0,4.0,2.0,2.0,3.0,3.0,3.0,3.0,4.0,4.0,4.0,4.0,2.0,2.0,3.0,3.0,3.0,4.0,1.0,7.2,1.0,4.0,2.75,3.25,3.5,4.25,3.0,3.4583333333333335,2.2,2.8,2.0,1.8,2.2,2.25,2.0,2.25,3.0,2.375,2.25,2.25,2.25,2.25,2.375,2.375,3.4,3.4,3.3333333333333335,3.3333333333333335,2.5,2.5,3.5,3.5
R0095,ORG10,0,,2313,1,30,3,1,6.1,8.5,2,0.0,1,1,1,2,290.0,195,4,4.0,3.0,3.0,3.0,3.0,3.0,3.0,3.0,3.0,4.0,2.0,3.0,4.0,4.0,4.0,4.0,3.0,5.0,4.0,5.0,4.0,3.0,4.0,3.0,2.0,3.0,3.0,2.0,4.0,2.0,2.0,3.0,2.0,2.0,4.0,3.0,2.0,2.0,3.0,4.0,4.0,3.0,3.0,3.0,4.0,4.0,4.0,4.0,3.0,4.0,4.0,4.0,5.0,3.0,3.0,3.0,4.0,3.0,5.0,4.0,2.0,3.0,3.0,4.0,3.0,4.0,3.0,3.0,3.0,4.0,3.0,3.0,4.0,2.0,3.0,4.0,3.0,3.0,2.0,4.0,3.0,3.0,4.0,3.0,3.0,5.0,5.0,4.0,1.0,1.0,1.0,2.0,3.0,3.0,4.0,3.0,3.0,4.0,3.0,3.0,2.0,3.0,5.0,4.0,4.0,3.0,4.0,5.0,4.0,4.0,3.0,4.0,2.0,4.0,4.0,3.0,3.0,4.0,3.0,2.0,2.0,4.0,3.0,1.0,15.0,1.0,3.25,3.0,3.0,2.0,4.25,2.5,3.0,2.8,2.2,2.8,3.4,2.8,4.0,3.75,3.5,4.0,3.8125,3.0,3.25,3.25,3.1666666666666665,3.125,3.125,3.2,3.1999999999999997,4.666666666666667,4.666666666666667,1.25,1.25,3.25,3.25
R0096,ORG10,0,,828,1,32,3,1,5.8,10.2,1,2.0,1,2,1,4,,195,4,3.0,2.0,3.0,3.0,3.0,2.0,4.0,4.0,3.0,3.0,2.0,3.0,3.0,2.0,3.0,3.0,3.0,1.0,2.0,3.0,4.0,3.0,4.0,3.0,2.0,2.0,2.0,3.0,3.0,3.0,3.0,3.0,3.0,3.0,4.0,3.0,3.0,4.0,3.0,5.0,5.0,4.0,4.0,5.0,2.0,2.0,2.0,2.0,2.0,1.0,1.0,1.0,5.0,2.0,3.0,2.0,4.0,4.0,3.0,4.0,2.0,2.0,3.0,4.0,3.0,2.0,3.0,4.0,3.0,2.0,2.0,2.0,3.0,4.0,3.0,2.0,3.0,2.0,3.0,4.0,1.0,3.0,2.0,3.0,2.0,3.0,3.0,3.0,3.0,2.0,4.0,3.0,4.0,5.0,3.0,3.0,2.0,3.0,2.0,2.0,2.0,2.0,4.0,3.0,3.0,4.0,3.0,1.0,2.0,2.0,1.0,3.0,3.0,3.0,3.0,2.0,3.0,2.0,2.0,3.0,3.0,4.0,3.0,0.0,9.2,1.0,2.75,2.75,2.75,3.25,2.25,2.5,2.7083333333333335,2.4,3.0,3.4,4.6,3.35,2.0,1.25,3.0,3.75,2.5,2.75,3.0,2.25,2.6666666666666665,3.25,3.25,2.2,2.1999999999999997,3.0,3.0,3.0,3.0,3.75,3.75
R0097,ORG10,0,,887,2,24,3,1,4.1,4.8,2,1.0,4,1,1,1,213.0,195,4,3.0,3.0,3.0,5.0,2.0,1.0,2.0,2.0,4.0,4.0,3.0,3.0,3.0,4.0,3.0,4.0,2.0,4.0,4.0,2.0,4.0,4.0,2.0,3.0,2.0,4.0,3.0,2.0,2.0,3.0,3.0,3.0,4.0,4.0,2.0,3.0,2.0,2.0,3.0,4.0,4.0,2.0,3.0,3.0,3.0,3.0,3.0,3.0,4.0,4.0,3.0,4.0,4.0,3.0,4.0,4.0,4.0,3.0,3.0,2.0,1.0,3.0,2.0,3.0,3.0,2.0,1.0,2.0,3.0,3.0,4.0,3.0,3.0,4.0,4.0,,4.0,2.0,4.0,4.0,4.0,3.0,4.0,3.0,3.0,3.0,3.0,2.0,2.0,2.0,3.0,2.0,4.0,3.0,2.0,3.0,4.0,3.0,3.0,3.0,4.0,3.0,2.0,3.0,2.0,2.0,3.0,2.0,4.0,4.0,4.0,3.0,4.0,4.0,3.0,3.0,4.0,4.0,4.0,4.0,4.0,3.0,4.0,0.0,4.2,1.0,3.5,4.25,3.5,2.5,3.0,2.75,3.25,2.6,3.4,2.4,3.2,2.9,3.0,3.75,3.75,3.0,3.375,2.25,2.0,3.25,2.5,3.857142857142857,3.857142857142857,3.4,3.4,2.6666666666666665,2.6666666666666665,2.25,2.25,3.0,3.0
R0098,ORG10,0,,775,1,34,3,2,11.0,19.2,0,4.0,1,1,1,5,211.0,195,4,3.0,3.0,3.0,3.0,4.0,4.0,4.0,3.0,4.0,3.0,1.0,2.0,3.0,3.0,3.0,3.0,1.0,3.0,3.0,1.0,4.0,3.0,3.0,3.0,2.0,2.0,2.0,2.0,2.0,2.0,2.0,,2.0,4.0,4.0,3.0,3.0,3.0,,2.0,3.0,2.0,4.0,4.0,4.0,3.0,4.0,4.0,2.0,3.0,2.0,1.0,4.0,3.0,5.0,3.0,3.0,2.0,5.0,2.0,2.0,2.0,2.0,2.0,1.0,2.0,2.0,1.0,1.0,3.0,1.0,2.0,3.0,2.0,2.0,2.0,2.0,5.0,4.0,2.0,3.0,2.0,2.0,3.0,2.0,3.0,2.0,2.0,2.0,3.0,1.0,2.0,2.0,2.0,3.0,3.0,3.0,2.0,3.0,2.0,1.0,1.0,3.0,2.0,3.0,2.0,3.0,3.0,1.0,2.0,2.0,3.0,4.0,3.0,3.0,3.0,3.0,3.0,1.0,2.0,4.0,3.0,3.0,0.0,13.4,1.0,3.0,2.25,2.5,3.0,2.0,2.75,2.5833333333333335,2.0,2.5,3.25,3.0,2.6666666666666665,3.75,2.0,3.75,3.0,3.125,2.0,1.5,1.75,1.75,2.25,2.25,2.4,2.4,2.3333333333333335,2.3333333333333335,2.0,2.0,2.5,2.5
R0100,ORG11,0,,446,2,31,3,1,5.2,7.4,0,1.0,3,1,1,4,353.0,2213,4,5.0,4.0,3.0,5.0,2.0,2.0,3.0,2.0,4.0,5.0,4.0,3.0,2.0,1.0,1.0,2.0,5.0,5.0,4.0,5.0,2.0,2.0,2.0,4.0,4.0,4.0,4.0,5.0,3.0,3.0,4.0,,3.0,4.0,3.0,4.0,3.0,3.0,3.0,4.0,4.0,3.0,4.0,4.0,3.0,4.0,3.0,4.0,3.0,3.0,3.0,4.0,4.0,3.0,4.0,5.0,4.0,2.0,3.0,3.0,4.0,3.0,3.0,4.0,4.0,4.0,5.0,4.0,4.0,3.0,4.0,3.0,4.0,3.0,3.0,3.0,3.0,2.0,4.0,5.0,5.0,4.0,4.0,5.0,3.0,2.0,1.0,1.0,2.0,3.0,3.0,3.0,3.0,4.0,2.0,2.0,4.0,4.0,5.0,4.0,4.0,4.0,1.0,1.0,1.0,,,,,,,,,,,,,,,,,,,0.0,11.1,1.0,4.25,3.75,4.0,4.5,4.75,3.5,4.125,4.0,3.5,3.2,3.8,3.6315789473684212,3.5,3.25,4.0,3.0,3.4375,3.5,4.25,3.5,3.75,3.625,3.625,4.2,4.2,1.3333333333333333,1.3333333333333333,2.75,2.75,2.75,2.75
R0101,ORG11,0,,1890,1,39,2,2,2.0,4.9,1,3.0,3,3,1,9,,2213,4,3.0,3.0,4.0,4.0,3.0,3.0,3.0,3.0,2.0,3.0,2.0,3.0,3.0,4.0,4.0,5.0,4.0,4.0,2.0,2.0,3.0,4.0,3.0,3.0,2.0,1.0,2.0,2.0,2.0,1.0,3.0,3.0,3.0,2.0,1.0,3.0,1.0,2.0,5.0,3.0,3.0,2.0,2.0,2.0,2.0,2.0,3.0,2.0,2.0,3.0,2.0,2.0,1.0,2.0,3.0,1.0,3.0,2.0,3.0,2.0,2.0,3.0,5.0,3.0,4.0,4.0,4.0,4.0,2.0,2.0,3.0,3.0,4.0,2.0,3.0,3.0,2.0,3.0,3.0,3.0,4.0,3.0,3.0,3.0,2.0,4.0,4.0,4.0,3.0,2.0,3.0,3.0,4.0,4.0,4.0,3.0,3.0,2.0,3.0,3.0,2.0,3.0,4.0,4.0,4.0,4.0,3.0,3.0,3.0,2.0,3.0,4.0,4.0,5.0,4.0,4.0,3.0,3.0,3.0,2.0,2.0,2.0,3.0,0.0,22.9,0.0,3.5,3.0,2.5,2.0,3.0,2.75,2.7916666666666665,1.8,2.4,1.6,2.4,2.05,2.25,2.25,1.75,2.5,2.1875,3.25,4.0,2.5,3.25,2.875,2.875,3.0,3.0,4.0,4.0,2.75,2.75,3.75,3.75
R0102,ORG11,0,,958,1,23,3,2,2.0,3.4,1,1.0,1,1,1,10,194.0,2213,4,3.0,2.0,2.0,2.0,4.0,3.0,4.0,3.0,1.0,2.0,2.0,2.0,3.0,3.0,5.0,4.0,3.0,2.0,2.0,2.0,5.0,4.0,5.0,4.0,2.0,3.0,3.0,2.0,2.0,2.0,2.0,3.0,3.0,3.0,3.0,2.0,3.0,3.0,3.0,2.0,2.0,2.0,2.0,2.0,2.0,2.0,2.0,3.0,2.0,2.0,1.0,1.0,2.0,3.0,3.0,2.0,1.0,1.0,1.0,2.0,2.0,4.0,3.0,5.0,3.0,3.0,4.0,2.0,2.0,3.0,2.0,2.0,2.0,2.0,2.0,3.0,3.0,5.0,1.0,2.0,2.0,3.0,3.0,3.0,2.0,4.0,4.0,5.0,2.0,1.0,2.0,2.0,2.0,3.0,3.0,3.0,4.0,3.0,1.0,2.0,4.0,3.0,5.0,5.0,5.0,2.0,4.0,3.0,3.0,3.0,3.0,5.0,4.0,4.0,4.0,4.0,3.0,2.0,3.0,3.0,3.0,4.0,3.0,1.0,2.3,1.0,2.25,2.5,1.75,2.25,2.25,1.5,2.0833333333333335,2.4,2.6,2.8,2.0,2.45,2.25,1.5,2.5,1.25,1.875,3.5,3.0,2.25,2.9166666666666665,2.0,2.0,2.6,2.6,4.333333333333333,4.333333333333333,1.75,1.75,2.75,2.75
R0103,ORG11,0,,695,2,36,2,1,1.3,9.3,1,2.0,1,1,1,10,383.0,2213,4,4.0,4.0,3.0,3.0,3.0,5.0,5.0,3.0,2.0,3.0,2.0,2.0,5.0,3.0,2.0,4.0,3.0,3.0,4.0,4.0,4.0,3.0,4.0,4.0,2.0,3.0,3.0,3.0,2.0,2.0,3.0,2.0,3.0,3.0,3.0,3.0,3.0,4.0,3.0,2.0,4.0,3.0,3.0,2.0,4.0,2.0,3.0,4.0,4.0,4.0,4.0,2.0,2.0,1.0,1.0,1.0,4.0,2.0,3.0,2.0,2.0,3.0,3.0,3.0,1.0,4.0,2.0,3.0,3.0,2.0,2.0,3.0,1.0,3.0,2.0,3.0,3.0,4.0,3.0,3.0,3.0,3.0,4.0,4.0,3.0,3.0,2.0,2.0,4.0,3.0,3.0,3.0,3.0,4.0,1.0,3.0,3.0,2.0,2.0,2.0,3.0,2.0,2.0,2.0,2.0,3.0,3.0,2.0,1.0,3.0,2.0,5.0,3.0,4.0,3.0,3.0,4.0,3.0,3.0,2.0,5.0,4.0,4.0,0.0,28.6,0.0,3.5,2.0,2.25,2.5,3.5,2.25,2.6666666666666665,2.6,2.6,3.2,2.8,2.8,3.25,3.5,1.25,2.75,2.6875,2.75,2.5,2.5,2.5833333333333335,2.5,2.5,3.4,3.4,2.3333333333333335,2.3333333333333335,3.25,3.25,2.75,2.75
R0104,ORG11,0,,566,1,21,4,2,0.4,0.8,4,3.0,3,3,1,5,190.0,2213,4,5.0,4.0,4.0,3.0,3.0,3.0,4.0,3.0,3.0,4.0,4.0,4.0,3.0,3.0,4.0,3.0,3.0,3.0,2.0,3.0,2.0,2.0,1.0,3.0,4.0,3.0,5.0,4.0,5.0,4.0,5.0,4.0,5.0,4.0,5.0,5.0,5.0,4.0,2.0,3.0,3.0,3.0,4.0,,3.0,4.0,3.0,3.0,4.0,5.0,4.0,4.0,2.0,2.0,3.0,3.0,3.0,3.0,4.0,4.0,3.0,3.0,3.0,3.0,3.0,5.0,2.0,4.0,2.0,2.0,4.0,3.0,4.0,5.0,4.0,4.0,3.0,3.0,4.0,4.0,3.0,3.0,2.0,3.0,3.0,4.0,3.0,3.0,3.0,3.0,5.0,4.0,3.0,4.0,2.0,4.0,4.0,3.0,3.0,4.0,3.0,4.0,4.0,5.0,4.0,3.0,3.0,3.0,2.0,3.0,2.0,3.0,4.0,2.0,,,,,,,,,,0.0,3.6,1.0,4.0,2.75,3.75,2.75,2.75,4.0,3.3333333333333335,4.2,4.4,4.6,3.25,4.157894736842105,3.25,4.25,2.5,3.5,3.375,3.0,3.5,2.75,3.0833333333333335,3.875,3.875,2.8,2.8000000000000003,3.3333333333333335,3.3333333333333335,3.75,3.75,3.25,3.25
R0105,ORG11,0,,1834,2,27,5,1,2.1,10.3,1,0.0,3,3,1,7,135.0,2213,4,5.0,4.0,3.0,5.0,2.0,3.0,3.0,3.0,3.0,3.0,3.0,3.0,4.0,3.0,4.0,3.0,3.0,3.0,2.0,3.0,3.0,2.0,2.0,3.0,2.0,2.0,2.0,3.0,2.0,2.0,3.0,2.0,3.0,4.0,3.0,2.0,4.0,3.0,3.0,3.0,3.0,3.0,3.0,3.0,2.0,2.0,2.0,3.0,3.0,3.0,2.0,2.0,4.0,4.0,4.0,4.0,4.0,3.0,5.0,3.0,2.0,3.0,3.0,3.0,3.0,4.0,3.0,3.0,3.0,3.0,4.0,3.0,5.0,4.0,4.0,5.0,3.0,3.0,3.0,4.0,3.0,3.0,3.0,4.0,3.0,5.0,4.0,5.0,3.0,3.0,3.0,3.0,3.0,3.0,1.0,4.0,4.0,3.0,2.0,2.0,3.0,3.0,5.0,5.0,5.0,3.0,3.0,3.0,2.0,2.0,3.0,4.0,4.0,3.0,,,,,,,,,,1.0,1.2,1.0,4.25,3.25,3.0,2.5,2.75,3.5,3.2083333333333335,2.2,2.8,3.0,3.0,2.75,2.25,2.5,4.0,3.75,3.125,2.75,3.25,3.25,3.0833333333333335,3.875,3.875,3.2,3.1999999999999997,4.666666666666667,4.666666666666667,3.0,3.0,2.75,2.75
R0106,ORG11,0,,1802,2,36,1,1,0.2,3.0,1,0.0,1,2,1,7,247.0,2213,4,3.0,3.0,3.0,3.0,3.0,3.0,3.0,3.0,3.0,3.0,3.0,3.0,3.0,3.0,3.0,3.0,3.0,3.0,3.0,3.0,3.0,3.0,3.0,4.0,3.0,3.0,2.0,3.0,3.0,3.0,2.0,3.0,3.0,3.0,3.0,3.0,3.0,3.0,3.0,2.0,3.0,3.0,3.0,3.0,3.0,3.0,3.0,3.0,3.0,3.0,3.0,3.0,3.0,3.0,3.0,3.0,2.0,2.0,3.0,3.0,2.0,3.0,3.0,3.0,3.0,3.0,3.0,3.0,3.0,3.0,3.0,3.0,3.0,3.0,2.0,2.0,3.0,3.0,3.0,3.0,3.0,3.0,3.0,3.0,3.0,3.0,3.0,3.0,3.0,3.0,3.0,3.0,3.0,3.0,4.0,3.0,1.0,2.0,3.0,4.0,4.0,3.0,4.0,4.0,3.0,4.0,4.0,4.0,3.0,4.0,3.0,5.0,5.0,3.0,3.0,4.0,4.0,3.0,3.0,3.0,3.0,3.0,3.0,0.0,2.7,1.0,3.0,3.0,3.0,3.0,3.0,2.75,2.9583333333333335,2.8,2.8,3.0,2.8,2.85,3.0,3.0,3.0,2.5,2.875,2.75,3.0,3.0,2.9166666666666665,2.75,2.75,3.0,3.0,3.0,3.0,3.0,3.0,3.25,3.25
R0107,ORG11,0,,1434,2,24,3,1,6.4,9.7,1,2.0,1,1,1,2,196.0,2213,4,3.0,4.0,3.0,4.0,4.0,3.0,3.0,5.0,2.0,3.0,3.0,3.0,3.0,3.0,4.0,4.0,2.0,3.0,4.0,3.0,3.0,3.0,2.0,3.0,4.0,3.0,2.0,3.0,2.0,3.0,3.0,2.0,3.0,3.0,2.0,2.0,3.0,2.0,2.0,3.0,3.0,3.0,3.0,3.0,5.0,4.0,5.0,4.0,4.0,4.0,3.0,4.0,4.0,5.0,4.0,4.0,5.0,4.0,4.0,4.0,4.0,5.0,4.0,3.0,3.0,1.0,4.0,2.0,3.0,4.0,3.0,4.0,3.0,3.0,3.0,3.0,3.0,3.0,3.0,4.0,4.0,4.0,3.0,5.0,3.0,2.0,2.0,1.0,2.0,3.0,3.0,3.0,3.0,2.0,4.0,2.0,2.0,3.0,3.0,4.0,4.0,3.0,2.0,3.0,3.0,3.0,3.0,3.0,4.0,4.0,3.0,2.0,3.0,2.0,3.0,3.0,3.0,4.0,4.0,3.0,3.0,4.0,4.0,0.0,14.4,1.0,3.5,2.25,2.75,2.5,3.0,3.25,2.875,2.8,2.8,2.6,3.0,2.8,4.5,3.75,4.25,4.25,4.1875,4.0,2.5,3.5,3.3333333333333335,3.125,3.125,3.8,3.8000000000000003,1.6666666666666667,1.6666666666666667,2.75,2.75,2.75,2.75
R0108,ORG11,0,,1443,1,34,1,2,3.5,4.3,2,1.0,1,1,1,4,421.0,2213,4,3.0,3.0,3.0,3.0,5.0,4.0,3.0,4.0,3.0,3.0,3.0,3.0,4.0,4.0,4.0,4.0,4.0,3.0,3.0,4.0,5.0,4.0,4.0,4.0,3.0,3.0,2.0,3.0,3.0,3.0,4.0,3.0,3.0,2.0,2.0,2.0,2.0,2.0,3.0,3.0,2.0,2.0,3.0,3.0,5.0,4.0,4.0,4.0,3.0,5.0,4.0,5.0,3.0,2.0,1.0,3.0,3.0,2.0,2.0,2.0,2.0,3.0,4.0,3.0,3.0,3.0,3.0,3.0,4.0,4.0,4.0,4.0,2.0,2.0,3.0,2.0,3.0,3.0,2.0,3.0,4.0,2.0,2.0,3.0,2.0,3.0,4.0,3.0,3.0,3.0,3.0,3.0,4.0,5.0,2.0,4.0,2.0,3.0,4.0,3.0,2.0,3.0,2.0,3.0,3.0,,,,,,,,,,,,,,,,,,,0.0,19.4,1.0,3.0,2.0,3.0,2.0,3.5,1.75,2.5416666666666665,2.8,3.0,2.2,2.6,2.65,4.25,4.25,2.25,2.25,3.25,3.0,3.0,4.0,3.3333333333333335,2.5,2.5,2.6,2.6,3.3333333333333335,3.3333333333333335,3.0,3.0,3.75,3.75
R0109,ORG11,0,,508,2,26,3,1,0.3,2.6,0,2.0,1,1,1,9,316.0,2213,4,3.0,3.0,3.0,3.0,3.0,3.0,3.0,3.0,3.0,3.0,3.0,3.0,3.0,3.0,3.0,3.0,3.0,3.0,3.0,3.0,3.0,3.0,3.0,3.0,3.0,4.0,3.0,3.0,3.0,3.0,3.0,,3.0,3.0,3.0,3.0,3.0,3.0,3.0,3.0,3.0,3.0,3.0,3.0,3.0,3.0,3.0,3.0,3.0,3.0,3.0,3.0,3.0,3.0,3.0,3.0,3.0,2.0,3.0,3.0,3.0,3.0,4.0,3.0,3.0,4.0,3.0,4.0,3.0,3.0,3.0,3.0,3.0,3.0,3.0,3.0,3.0,3.0,3.0,3.0,3.0,3.0,3.0,3.0,3.0,3.0,3.0,3.0,3.0,3.0,3.0,3.0,3.0,3.0,3.0,3.0,4.0,5.0,4.0,4.0,3.0,4.0,2.0,2.0,2.0,3.0,4.0,2.0,5.0,5.0,4.0,3.0,4.0,2.0,5.0,4.0,4.0,3.0,4.0,3.0,3.0,3.0,2.0,0.0,31.1,0.0,3.0,3.0,3.0,3.0,3.0,3.0,3.0,3.2,3.0,3.0,3.0,3.0526315789473686,3.0,3.0,3.0,2.75,2.9375,3.25,3.5,3.0,3.25,3.0,3.0,3.0,3.0,3.0,3.0,3.0,3.0,3.0,3.0
R0110,ORG11,0,,1410,1,31,2,2,3.5,8.5,1,2.0,3,3,1,9,135.0,2213,4,5.0,2.0,4.0,3.0,2.0,2.0,3.0,4.0,2.0,3.0,3.0,2.0,3.0,3.0,4.0,4.0,4.0,2.0,2.0,3.0,4.0,3.0,3.0,2.0,4.0,3.0,4.0,4.0,3.0,4.0,3.0,4.0,4.0,5.0,5.0,5.0,4.0,5.0,3.0,3.0,3.0,3.0,3.0,3.0,3.0,3.0,3.0,3.0,4.0,5.0,4.0,5.0,4.0,3.0,4.0,4.0,5.0,5.0,3.0,5.0,4.0,2.0,3.0,3.0,3.0,,2.0,3.0,4.0,3.0,3.0,3.0,5.0,4.0,5.0,4.0,5.0,2.0,4.0,4.0,3.0,3.0,3.0,3.0,3.0,3.0,4.0,3.0,4.0,5.0,4.0,4.0,2.0,4.0,2.0,3.0,4.0,4.0,3.0,4.0,3.0,3.0,4.0,3.0,3.0,2.0,4.0,4.0,3.0,3.0,2.0,4.0,5.0,3.0,4.0,4.0,4.0,3.0,2.0,3.0,4.0,5.0,4.0,1.0,16.9,0.0,3.5,3.25,2.5,2.5,2.75,3.0,2.9166666666666665,3.6,4.0,4.4,3.0,3.75,3.0,4.5,3.75,4.5,3.9375,3.0,2.6666666666666665,3.25,3.0,4.375,4.375,3.0,3.0,3.3333333333333335,3.3333333333333335,4.25,4.25,2.75,2.75
R0111,ORG11,0,,1386,2,24,3,2,4.1,4.9,0,2.0,1,1,1,4,427.0,2213,4,3.0,3.0,3.0,3.0,3.0,3.0,3.0,3.0,3.0,3.0,3.0,3.0,3.0,3.0,3.0,3.0,3.0,3.0,3.0,3.0,3.0,3.0,3.0,3.0,3.0,3.0,3.0,3.0,3.0,3.0,3.0,3.0,3.0,3.0,3.0,3.0,3.0,3.0,3.0,3.0,3.0,3.0,3.0,3.0,3.0,3.0,3.0,3.0,3.0,3.0,3.0,3.0,3.0,3.0,3.0,3.0,3.0,3.0,3.0,3.0,3.0,3.0,3.0,3.0,3.0,3.0,3.0,3.0,3.0,3.0,3.0,3.0,3.0,3.0,3.0,3.0,3.0,3.0,3.0,3.0,3.0,3.0,3.0,3.0,3.0,3.0,3.0,3.0,3.0,3.0,3.0,3.0,3.0,3.0,3.0,3.0,2.0,4.0,5.0,3.0,3.0,3.0,3.0,3.0,3.0,3.0,3.0,4.0,3.0,2.0,2.0,3.0,3.0,3.0,2.0,4.0,3.0,4.0,3.0,4.0,3.0,5.0,4.0,0.0,5.0,1.0,3.0,3.0,3.0,3.0,3.0,3.0,3.0,3.0,3.0,3.0,3.0,3.0,3.0,3.0,3.0,3.0,3.0,3.0,3.0,3.0,3.0,3.0,3.0,3.0,3.0,3.0,3.0,3.0,3.0,3.0,3.0
R0112,ORG11,0,,504,2,26,3,1,1.4,2.2,2,2.0,4,2,1,10,242.0,2213,4,4.0,4.0,3.0,4.0,3.0,2.0,3.0,2.0,3.0,3.0,1.0,2.0,3.0,2.0,3.0,3.0,3.0,2.0,3.0,2.0,2.0,2.0,3.0,2.0,3.0,3.0,3.0,3.0,3.0,3.0,3.0,3.0,3.0,4.0,3.0,3.0,2.0,3.0,2.0,3.0,4.0,3.0,3.0,3.0,5.0,5.0,5.0,5.0,4.0,5.0,4.0,4.0,5.0,3.0,4.0,4.0,4.0,3.0,5.0,3.0,3.0,4.0,4.0,1.0,4.0,5.0,4.0,3.0,4.0,3.0,5.0,3.0,4.0,4.0,4.0,3.0,4.0,2.0,3.0,4.0,3.0,3.0,3.0,4.0,4.0,4.0,5.0,3.0,4.0,3.0,4.0,3.0,2.0,4.0,3.0,2.0,4.0,4.0,4.0,4.0,4.0,4.0,4.0,3.0,4.0,3.0,4.0,2.0,4.0,4.0,4.0,3.0,2.0,4.0,3.0,2.0,3.0,5.0,4.0,4.0,3.0,4.0,4.0,0.0,31.3,0.0,3.75,3.5,2.25,3.25,2.5,3.75,3.1666666666666665,3.0,3.2,3.0,3.2,3.1,5.0,4.25,4.0,3.75,4.25,3.0,4.0,3.75,3.5833333333333335,3.75,3.75,3.4,3.4,4.0,4.0,3.5,3.5,2.75,2.75
R0113,ORG11,0,,630,1,24,3,1,2.3,7.7,2,0.0,3,1,1,3,157.0,2213,4,5.0,3.0,2.0,4.0,3.0,4.0,4.0,3.0,2.0,3.0,3.0,3.0,5.0,5.0,5.0,5.0,3.0,3.0,4.0,3.0,3.0,3.0,3.0,2.0,2.0,3.0,2.0,3.0,2.0,3.0,3.0,2.0,3.0,2.0,4.0,3.0,3.0,4.0,4.0,2.0,5.0,2.0,3.0,3.0,4.0,2.0,4.0,3.0,2.0,3.0,3.0,2.0,4.0,3.0,3.0,3.0,2.0,3.0,2.0,2.0,4.0,3.0,3.0,4.0,3.0,4.0,4.0,3.0,2.0,3.0,3.0,2.0,3.0,3.0,4.0,3.0,3.0,3.0,5.0,5.0,2.0,2.0,3.0,4.0,2.0,4.0,4.0,4.0,4.0,4.0,4.0,3.0,3.0,3.0,3.0,5.0,3.0,3.0,3.0,3.0,3.0,4.0,4.0,5.0,4.0,2.0,3.0,3.0,2.0,2.0,3.0,2.0,4.0,2.0,4.0,4.0,3.0,3.0,3.0,2.0,3.0,3.0,3.0,0.0,9.8,0.0,3.5,2.5,2.75,1.0,3.25,3.25,2.7083333333333335,2.4,2.6,3.2,3.0,2.8,3.25,2.5,3.25,2.25,2.8125,3.5,3.5,2.5,3.1666666666666665,3.625,3.625,2.6,2.6,4.0,4.0,3.75,3.75,3.5,3.5
R0114,ORG11,0,,824,2,21,1,1,2.6,4.9,3,3.0,1,1,1,10,329.0,2213,4,3.0,4.0,3.0,5.0,2.0,2.0,3.0,3.0,4.0,4.0,5.0,4.0,4.0,4.0,4.0,4.0,3.0,3.0,2.0,3.0,3.0,3.0,2.0,2.0,4.0,5.0,4.0,5.0,5.0,4.0,5.0,4.0,4.0,4.0,4.0,3.0,4.0,4.0,1.0,5.0,4.0,4.0,5.0,4.0,3.0,1.0,4.0,4.0,3.0,3.0,3.0,4.0,3.0,4.0,4.0,3.0,3.0,2.0,3.0,4.0,4.0,3.0,3.0,4.0,4.0,5.0,4.0,4.0,4.0,4.0,4.0,3.0,5.0,5.0,5.0,5.0,4.0,1.0,3.0,5.0,3.0,4.0,4.0,3.0,3.0,3.0,3.0,3.0,4.0,4.0,4.0,4.0,3.0,2.0,3.0,3.0,3.0,4.0,4.0,5.0,4.0,5.0,4.0,3.0,3.0,5.0,4.0,5.0,5.0,4.0,3.0,2.0,3.0,2.0,,,,,,,,,,0.0,4.2,1.0,3.75,3.5,4.25,2.0,2.75,3.5,3.2916666666666665,4.6,4.2,4.0,4.4,4.3,3.0,3.25,3.5,3.0,3.1875,3.5,4.25,3.75,3.8333333333333335,4.625,4.625,3.4,3.4,3.0,3.0,4.0,4.0,2.75,2.75
R0115,ORG12,0,,1343,1,31,3,1,1.5,3.0,1,1.0,3,1,1,10,224.0,914,2,3.0,3.0,4.0,4.0,2.0,3.0,4.0,2.0,3.0,4.0,4.0,4.0,4.0,3.0,3.0,3.0,4.0,5.0,3.0,3.0,2.0,3.0,3.0,3.0,2.0,2.0,2.0,3.0,3.0,2.0,4.0,3.0,3.0,3.0,3.0,4.0,3.0,3.0,2.0,3.0,3.0,3.0,3.0,3.0,4.0,4.0,4.0,3.0,4.0,4.0,3.0,3.0,3.0,3.0,4.0,4.0,3.0,3.0,3.0,2.0,2.0,2.0,2.0,2.0,2.0,2.0,3.0,2.0,3.0,2.0,4.0,3.0,5.0,3.0,3.0,2.0,3.0,2.0,4.0,4.0,4.0,3.0,4.0,4.0,3.0,3.0,2.0,3.0,3.0,3.0,3.0,4.0,5.0,4.0,3.0,4.0,3.0,2.0,3.0,2.0,2.0,3.0,3.0,2.0,2.0,3.0,3.0,3.0,4.0,4.0,4.0,3.0,3.0,3.0,4.0,2.0,1.0,2.0,3.0,4.0,3.0,4.0,3.0,0.0,14.6,0.0,3.5,3.25,3.75,2.75,3.75,3.25,3.375,2.4,3.0,3.4,3.0,2.95,3.75,3.5,3.5,2.75,3.375,2.0,2.25,3.0,2.4166666666666665,3.5,3.5,3.6,3.6,2.6666666666666665,2.6666666666666665,3.25,3.25,4.0,4.0
R0116,ORG12,0,,456,1,26,2,1,11.9,14.3,0,2.0,1,1,1,3,197.0,914,2,3.0,4.0,3.0,3.0,4.0,4.0,4.0,3.0,2.0,4.0,2.0,3.0,4.0,3.0,3.0,3.0,4.0,4.0,2.0,1.0,3.0,3.0,3.0,4.0,2.0,3.0,3.0,3.0,3.0,3.0,4.0,2.0,4.0,3.0,2.0,2.0,1.0,2.0,4.0,3.0,3.0,3.0,3.0,3.0,1.0,2.0,3.0,2.0,4.0,4.0,5.0,5.0,4.0,4.0,3.0,5.0,2.0,2.0,3.0,3.0,3.0,4.0,3.0,3.0,4.0,4.0,3.0,2.0,3.0,3.0,4.0,2.0,3.0,2.0,4.0,3.0,4.0,3.0,5.0,3.0,2.0,5.0,3.0,3.0,2.0,3.0,3.0,3.0,4.0,3.0,4.0,4.0,2.0,3.0,3.0,4.0,3.0,3.0,4.0,4.0,3.0,4.0,2.0,4.0,3.0,3.0,4.0,4.0,2.0,3.0,1.0,3.0,4.0,3.0,3.0,2.0,2.0,3.0,2.0,2.0,4.0,4.0,4.0,0.0,8.9,1.0,3.25,2.25,2.75,2.75,2.75,2.75,2.75,2.8,3.2,1.8,3.0,2.7,2.0,4.5,4.0,2.5,3.25,3.25,3.25,3.0,3.1666666666666665,3.375,3.375,3.0,3.0,3.0,3.0,3.75,3.75,3.0,3.0
R0117,ORG12,0,,558,2,24,3,1,2.7,3.8,2,2.0,1,1,1,6,293.0,914,2,3.0,3.0,3.0,3.0,3.0,3.0,3.0,3.0,3.0,3.0,3.0,3.0,3.0,3.0,3.0,3.0,3.0,3.0,3.0,3.0,3.0,3.0,3.0,3.0,3.0,3.0,3.0,3.0,3.0,3.0,3.0,3.0,3.0,3.0,3.0,3.0,3.0,3.0,3.0,3.0,3.0,3.0,3.0,3.0,3.0,3.0,3.0,3.0,3.0,3.0,3.0,3.0,3.0,3.0,3.0,3.0,3.0,3.0,3.0,3.0,3.0,3.0,3.0,3.0,3.0,3.0,3.0,3.0,3.0,3.0,3.0,3.0,3.0,3.0,3.0,3.0,3.0,3.0,3.0,3.0,3.0,3.0,3.0,3.0,3.0,3.0,3.0,3.0,3.0,3.0,3.0,3.0,3.0,3.0,3.0,3.0,3.0,3.0,3.0,2.0,4.0,4.0,4.0,3.0,4.0,3.0,3.0,3.0,3.0,3.0,2.0,3.0,3.0,2.0,4.0,4.0,4.0,4.0,3.0,4.0,3.0,4.0,3.0,0.0,19.2,1.0,3.0,3.0,3.0,3.0,3.0,3.0,3.0,3.0,3.0,3.0,3.0,3.0,3.0,3.0,3.0,3.0,3.0,3.0,3.0,3.0,3.0,3.0,3.0,3.0,3.0,3.0,3.0,3.0,3.0,3.0,3.0
R0118,ORG12,0,,584,2,33,3,2,3.5,9.3,1,2.0,1,1,1,1,170.0,914,2,4.0,3.0,2.0,3.0,2.0,3.0,3.0,3.0,3.0,3.0,5.0,4.0,3.0,3.0,3.0,3.0,4.0,3.0,3.0,3.0,4.0,4.0,4.0,2.0,2.0,2.0,2.0,3.0,2.0,1.0,2.0,2.0,3.0,3.0,3.0,2.0,3.0,3.0,3.0,3.0,3.0,1.0,1.0,1.0,3.0,2.0,3.0,3.0,4.0,4.0,2.0,3.0,3.0,3.0,2.0,3.0,3.0,3.0,2.0,3.0,3.0,3.0,3.0,3.0,3.0,4.0,2.0,4.0,5.0,5.0,4.0,4.0,4.0,2.0,4.0,4.0,3.0,3.0,4.0,3.0,3.0,3.0,4.0,4.0,3.0,3.0,2.0,2.0,4.0,3.0,4.0,5.0,2.0,3.0,4.0,5.0,3.0,3.0,4.0,4.0,3.0,3.0,2.0,2.0,2.0,2.0,2.0,3.0,2.0,2.0,3.0,3.0,3.0,2.0,2.0,3.0,2.0,3.0,2.0,3.0,2.0,1.0,2.0,1.0,9.9,0.0,3.0,3.25,3.75,3.0,3.25,2.5,3.125,2.2,2.2,2.8,1.8,2.25,2.75,3.25,2.75,2.75,2.875,3.0,3.25,4.5,3.5833333333333335,3.375,3.375,3.4,3.4,2.3333333333333335,2.3333333333333335,4.0,4.0,3.5,3.5
R0119,ORG12,0,,931,2,29,3,1,2.1,2.3,1,1.0,2,1,1,1,,914,2,4.0,4.0,5.0,4.0,5.0,4.0,4.0,5.0,2.0,3.0,4.0,3.0,4.0,2.0,4.0,5.0,3.0,4.0,3.0,4.0,3.0,2.0,2.0,4.0,2.0,3.0,5.0,4.0,4.0,2.0,3.0,4.0,4.0,2.0,4.0,4.0,5.0,4.0,3.0,3.0,4.0,2.0,4.0,4.0,3.0,3.0,3.0,4.0,2.0,1.0,1.0,2.0,3.0,2.0,4.0,2.0,3.0,2.0,3.0,3.0,2.0,5.0,4.0,2.0,4.0,5.0,4.0,3.0,3.0,3.0,4.0,4.0,3.0,3.0,3.0,2.0,3.0,2.0,1.0,3.0,2.0,2.0,3.0,2.0,1.0,3.0,4.0,3.0,4.0,4.0,4.0,3.0,5.0,3.0,3.0,4.0,2.0,3.0,3.0,4.0,3.0,4.0,4.0,4.0,4.0,2.0,2.0,3.0,3.0,4.0,3.0,1.0,2.0,3.0,2.0,2.0,2.0,2.0,3.0,3.0,3.0,3.0,3.0,0.0,16.2,1.0,4.25,1.5,3.0,2.25,3.5,3.25,2.9583333333333335,3.6,3.0,4.0,3.4,3.5,3.25,1.5,2.75,2.75,2.5625,3.25,4.0,3.5,3.5833333333333335,2.75,2.75,2.0,2.0,3.3333333333333335,3.3333333333333335,3.75,3.75,3.75,3.75
R0120,ORG12,0,,750,1,29,2,1,2.6,5.7,5,1.0,2,1,1,5,235.0,914,2,4.0,3.0,2.0,2.0,4.0,5.0,4.0,4.0,4.0,3.0,3.0,3.0,2.0,3.0,3.0,3.0,4.0,5.0,4.0,3.0,3.0,3.0,2.0,3.0,2.0,1.0,3.0,2.0,1.0,3.0,2.0,3.0,2.0,3.0,2.0,3.0,3.0,2.0,3.0,3.0,2.0,2.0,2.0,2.0,5.0,5.0,5.0,5.0,4.0,4.0,4.0,3.0,3.0,3.0,2.0,3.0,3.0,3.0,2.0,2.0,3.0,4.0,4.0,2.0,3.0,2.0,2.0,3.0,3.0,3.0,3.0,3.0,4.0,4.0,5.0,3.0,3.0,2.0,3.0,4.0,3.0,3.0,3.0,4.0,1.0,4.0,3.0,3.0,5.0,4.0,5.0,5.0,4.0,4.0,4.0,4.0,3.0,3.0,3.0,2.0,2.0,3.0,4.0,3.0,3.0,3.0,3.0,2.0,2.0,2.0,2.0,3.0,4.0,4.0,3.0,2.0,2.0,3.0,3.0,3.0,3.0,4.0,3.0,0.0,6.2,1.0,2.75,1.75,3.25,3.25,4.0,3.25,3.0416666666666665,1.8,2.6,2.6,2.2,2.3,5.0,3.75,2.75,2.5,3.5,3.25,2.5,3.0,2.9166666666666665,3.75,3.75,2.8,2.8000000000000003,3.3333333333333335,3.3333333333333335,4.75,4.75,4.0,4.0
R0121,ORG12,0,,920,2,25,3,1,0.7,4.4,2,0.0,2,2,1,9,439.0,914,2,4.0,2.0,3.0,2.0,4.0,5.0,5.0,5.0,3.0,3.0,3.0,1.0,2.0,4.0,3.0,3.0,1.0,2.0,2.0,2.0,4.0,3.0,4.0,3.0,4.0,2.0,4.0,3.0,4.0,3.0,4.0,3.0,3.0,3.0,3.0,3.0,2.0,3.0,3.0,3.0,3.0,4.0,4.0,3.0,3.0,3.0,3.0,3.0,3.0,3.0,2.0,1.0,3.0,3.0,3.0,2.0,3.0,2.0,3.0,3.0,2.0,1.0,2.0,3.0,4.0,4.0,3.0,4.0,2.0,3.0,3.0,2.0,3.0,,4.0,4.0,3.0,3.0,2.0,3.0,4.0,4.0,5.0,4.0,2.0,3.0,3.0,3.0,3.0,2.0,,3.0,2.0,4.0,4.0,5.0,3.0,4.0,3.0,4.0,3.0,3.0,3.0,3.0,4.0,3.0,3.0,2.0,3.0,4.0,3.0,4.0,3.0,3.0,3.0,3.0,4.0,3.0,2.0,2.0,3.0,3.0,3.0,1.0,5.6,1.0,2.75,1.25,2.5,3.0,1.75,2.5,2.2916666666666665,3.4,3.2,2.8,3.4,3.2,3.0,2.25,2.75,2.75,2.6875,2.0,3.75,2.5,2.75,3.142857142857143,3.142857142857143,3.8,3.8000000000000003,3.0,3.0,2.6666666666666665,2.6666666666666665,3.75,3.75
R0122,ORG12,0,,1467,2,38,3,2,2.5,2.9,3,4.0,2,1,1,10,222.0,914,2,4.0,3.0,3.0,3.0,3.0,4.0,4.0,3.0,3.0,3.0,4.0,3.0,3.0,2.0,3.0,3.0,4.0,3.0,4.0,3.0,2.0,3.0,3.0,3.0,3.0,5.0,3.0,3.0,3.0,3.0,4.0,3.0,3.0,2.0,2.0,3.0,3.0,3.0,2.0,4.0,3.0,3.0,3.0,3.0,4.0,4.0,3.0,3.0,2.0,4.0,3.0,5.0,4.0,5.0,3.0,3.0,3.0,3.0,3.0,2.0,5.0,3.0,3.0,4.0,4.0,3.0,2.0,3.0,3.0,3.0,3.0,4.0,4.0,4.0,3.0,3.0,3.0,2.0,2.0,4.0,2.0,2.0,3.0,3.0,3.0,3.0,2.0,2.0,4.0,3.0,3.0,3.0,4.0,5.0,5.0,4.0,3.0,3.0,3.0,3.0,2.0,3.0,2.0,2.0,2.0,3.0,2.0,3.0,3.0,2.0,4.0,2.0,3.0,3.0,3.0,4.0,2.0,2.0,1.0,3.0,3.0,4.0,3.0,0.0,10.8,0.0,3.25,2.5,3.25,3.25,3.5,3.25,3.1666666666666665,3.4,3.0,3.0,3.2,3.15,3.5,3.5,3.75,2.75,3.375,3.75,3.0,3.25,3.3333333333333335,3.375,3.375,2.6,2.6,2.3333333333333335,2.3333333333333335,3.25,3.25,4.5,4.5
R0123,ORG12,0,,908,1,39,3,2,6.3,7.8,2,0.0,4,1,1,4,290.0,914,2,4.0,4.0,4.0,4.0,4.0,4.0,4.0,4.0,4.0,4.0,4.0,4.0,4.0,4.0,4.0,4.0,4.0,4.0,4.0,4.0,4.0,4.0,4.0,4.0,4.0,4.0,,4.0,4.0,4.0,4.0,4.0,4.0,4.0,4.0,4.0,4.0,4.0,4.0,4.0,4.0,4.0,4.0,4.0,4.0,4.0,4.0,4.0,4.0,4.0,4.0,4.0,4.0,4.0,4.0,4.0,4.0,4.0,4.0,4.0,4.0,4.0,4.0,4.0,4.0,4.0,4.0,4.0,4.0,4.0,4.0,3.0,4.0,4.0,4.0,4.0,4.0,3.0,4.0,4.0,4.0,4.0,4.0,4.0,4.0,4.0,4.0,4.0,4.0,4.0,4.0,4.0,4.0,4.0,4.0,4.0,3.0,4.0,2.0,5.0,3.0,3.0,4.0,4.0,4.0,3.0,3.0,2.0,4.0,3.0,3.0,3.0,2.0,3.0,4.0,3.0,4.0,3.0,4.0,4.0,3.0,3.0,4.0,0.0,10.0,1.0,4.0,2.0,4.0,2.0,4.0,2.0,3.0,4.0,4.0,3.6,4.0,3.8947368421052633,4.0,4.0,4.0,4.0,4.0,4.0,4.0,3.75,3.9166666666666665,3.875,3.875,4.0,4.0,4.0,4.0,4.0,4.0,4.0,4.0
R0124,ORG12,0,,972,2,34,3,2,6.0,10.1,2,1.0,2,2,1,1,,914,2,2.0,3.0,2.0,2.0,4.0,3.0,4.0,3.0,2.0,2.0,2.0,1.0,4.0,3.0,5.0,4.0,5.0,4.0,3.0,4.0,3.0,4.0,4.0,5.0,4.0,5.0,4.0,5.0,4.0,5.0,3.0,5.0,4.0,4.0,3.0,3.0,4.0,3.0,3.0,4.0,3.0,4.0,4.0,5.0,3.0,3.0,4.0,3.0,4.0,3.0,3.0,2.0,4.0,3.0,3.0,4.0,3.0,4.0,3.0,3.0,3.0,4.0,4.0,3.0,4.0,4.0,4.0,5.0,4.0,3.0,4.0,3.0,2.0,2.0,2.0,2.0,3.0,4.0,2.0,2.0,4.0,4.0,4.0,4.0,4.0,4.0,4.0,2.0,3.0,3.0,4.0,4.0,3.0,3.0,4.0,5.0,3.0,3.0,3.0,5.0,4.0,5.0,4.0,3.0,4.0,3.0,3.0,4.0,3.0,4.0,3.0,3.0,3.0,3.0,1.0,2.0,3.0,3.0,3.0,2.0,3.0,2.0,3.0,0.0,26.6,0.0,2.25,2.5,1.75,2.0,4.0,2.0,2.4166666666666665,4.4,4.2,3.2,4.0,3.95,3.25,3.0,3.5,3.25,3.25,3.5,4.25,3.5,3.75,2.125,2.125,4.0,4.0,3.3333333333333335,3.3333333333333335,3.5,3.5,3.75,3.75
R0125,ORG13,0,,1196,2,34,2,2,3.8,7.3,2,2.0,3,3,1,7,191.0,1729,2,3.0,3.0,3.0,3.0,3.0,3.0,3.0,3.0,4.0,3.0,5.0,3.0,2.0,2.0,2.0,3.0,3.0,3.0,3.0,3.0,3.0,4.0,2.0,4.0,4.0,4.0,4.0,4.0,3.0,5.0,4.0,4.0,4.0,5.0,4.0,3.0,3.0,4.0,4.0,4.0,5.0,5.0,4.0,5.0,4.0,5.0,3.0,5.0,4.0,3.0,4.0,3.0,4.0,5.0,4.0,4.0,3.0,4.0,4.0,3.0,4.0,3.0,,4.0,5.0,5.0,4.0,4.0,4.0,4.0,4.0,3.0,3.0,4.0,3.0,3.0,3.0,3.0,3.0,3.0,2.0,1.0,2.0,1.0,2.0,4.0,4.0,4.0,3.0,2.0,4.0,4.0,4.0,3.0,3.0,5.0,3.0,3.0,3.0,4.0,3.0,3.0,3.0,4.0,4.0,2.0,3.0,3.0,3.0,4.0,4.0,4.0,4.0,3.0,4.0,3.0,1.0,3.0,3.0,4.0,4.0,4.0,4.0,0.0,12.9,1.0,3.0,3.0,3.75,3.75,3.0,2.75,3.2083333333333335,3.8,4.4,3.2,4.6,4.0,4.25,3.5,4.25,3.5,3.875,3.6666666666666665,4.5,3.75,4.0,3.125,3.125,1.6,1.5999999999999999,4.0,4.0,3.25,3.25,3.75,3.75
R0126,ORG13,0,,1162,2,32,3,2,12.9,17.7,2,1.0,4,1,1,5,185.0,1729,2,4.0,3.0,2.0,3.0,3.0,2.0,4.0,3.0,3.0,3.0,2.0,4.0,2.0,2.0,3.0,3.0,3.0,4.0,4.0,4.0,3.0,3.0,4.0,3.0,4.0,4.0,4.0,4.0,4.0,5.0,5.0,4.0,5.0,5.0,3.0,4.0,4.0,4.0,3.0,4.0,4.0,3.0,3.0,3.0,3.0,2.0,3.0,3.0,2.0,2.0,3.0,3.0,1.0,3.0,2.0,2.0,4.0,4.0,5.0,4.0,3.0,4.0,4.0,3.0,4.0,2.0,4.0,4.0,3.0,3.0,5.0,4.0,3.0,4.0,3.0,3.0,4.0,3.0,4.0,3.0,2.0,3.0,3.0,3.0,2.0,5.0,5.0,5.0,4.0,5.0,3.0,4.0,3.0,3.0,3.0,2.0,4.0,3.0,3.0,4.0,4.0,4.0,5.0,5.0,5.0,,,,,,,,,,,,,,,,,,,1.0,3.2,1.0,3.0,3.0,3.0,3.5,3.75,2.75,3.1666666666666665,4.0,4.8,3.6,3.4,3.95,2.75,2.5,2.0,4.25,2.875,3.5,3.5,3.75,3.5833333333333335,3.375,3.375,2.6,2.6,5.0,5.0,4.0,4.0,2.75,2.75
R0127,ORG13,0,,850,1,38,3,1,4.6,5.1,1,0.0,1,1,1,4,399.0,1729,2,3.0,3.0,3.0,4.0,2.0,3.0,3.0,3.0,4.0,4.0,5.0,3.0,2.0,2.0,2.0,2.0,4.0,3.0,2.0,3.0,4.0,3.0,3.0,4.0,3.0,3.0,2.0,3.0,3.0,3.0,3.0,3.0,3.0,5.0,3.0,3.0,1.0,3.0,4.0,2.0,3.0,2.0,2.0,,4.0,2.0,3.0,3.0,5.0,4.0,3.0,3.0,2.0,4.0,4.0,3.0,4.0,3.0,4.0,4.0,2.0,1.0,1.0,2.0,2.0,4.0,3.0,2.0,2.0,3.0,2.0,4.0,3.0,4.0,5.0,3.0,3.0,3.0,4.0,4.0,3.0,2.0,1.0,2.0,1.0,3.0,2.0,3.0,3.0,2.0,4.0,2.0,1.0,3.0,3.0,3.0,2.0,3.0,3.0,2.0,2.0,3.0,3.0,4.0,2.0,3.0,2.0,3.0,1.0,2.0,2.0,4.0,2.0,3.0,2.0,2.0,2.0,2.0,2.0,2.0,2.0,3.0,4.0,0.0,6.7,1.0,3.25,3.25,4.0,4.0,3.0,2.5,3.3333333333333335,2.8,3.4,2.4,2.25,2.736842105263158,3.0,3.75,3.25,3.75,3.4375,1.5,2.75,2.75,2.3333333333333335,3.625,3.625,1.8,1.8,2.6666666666666665,2.6666666666666665,2.75,2.75,2.5,2.5
R0128,ORG13,0,,817,2,35,3,2,5.3,7.3,1,1.0,1,2,1,5,279.0,1729,2,3.0,4.0,4.0,4.0,3.0,4.0,5.0,4.0,2.0,3.0,3.0,2.0,4.0,3.0,5.0,4.0,2.0,2.0,2.0,2.0,4.0,4.0,4.0,4.0,3.0,4.0,4.0,3.0,3.0,4.0,4.0,3.0,5.0,3.0,3.0,3.0,2.0,3.0,4.0,4.0,5.0,4.0,3.0,5.0,3.0,3.0,2.0,2.0,3.0,4.0,4.0,3.0,5.0,5.0,3.0,4.0,3.0,2.0,3.0,2.0,3.0,3.0,5.0,3.0,4.0,5.0,3.0,4.0,4.0,3.0,4.0,3.0,4.0,5.0,4.0,2.0,3.0,3.0,2.0,4.0,2.0,2.0,1.0,2.0,1.0,3.0,3.0,3.0,4.0,4.0,3.0,4.0,2.0,2.0,,4.0,1.0,3.0,3.0,3.0,3.0,2.0,3.0,3.0,3.0,2.0,2.0,2.0,2.0,4.0,2.0,2.0,3.0,3.0,3.0,1.0,3.0,3.0,4.0,4.0,3.0,3.0,4.0,1.0,30.5,0.0,3.75,2.0,2.5,2.0,2.0,2.0,2.375,3.4,3.8,2.6,4.2,3.5,2.5,3.5,4.25,2.5,3.1875,3.5,4.0,3.5,3.6666666666666665,3.375,3.375,1.6,1.5999999999999999,3.0,3.0,3.75,3.75,2.6666666666666665,2.6666666666666665
R0129,ORG13,0,,587,2,36,4,1,1.8,4.7,2,1.0,1,1,1,10,338.0,1729,2,1.0,2.0,2.0,2.0,4.0,3.0,3.0,3.0,3.0,2.0,1.0,2.0,4.0,4.0,4.0,4.0,3.0,2.0,2.0,2.0,3.0,3.0,4.0,4.0,1.0,4.0,1.0,3.0,2.0,2.0,2.0,3.0,5.0,3.0,5.0,4.0,4.0,5.0,2.0,3.0,3.0,3.0,3.0,2.0,4.0,3.0,3.0,4.0,4.0,4.0,4.0,5.0,3.0,3.0,3.0,3.0,4.0,3.0,4.0,5.0,1.0,3.0,3.0,2.0,4.0,4.0,4.0,3.0,4.0,3.0,4.0,3.0,2.0,2.0,3.0,2.0,3.0,3.0,4.0,4.0,2.0,3.0,3.0,1.0,1.0,2.0,2.0,3.0,4.0,5.0,4.0,5.0,3.0,3.0,5.0,4.0,4.0,2.0,2.0,3.0,4.0,3.0,3.0,3.0,3.0,3.0,2.0,4.0,4.0,4.0,4.0,1.0,2.0,3.0,3.0,3.0,3.0,5.0,4.0,4.0,3.0,2.0,3.0,0.0,11.7,0.0,1.75,2.75,2.0,2.0,2.25,2.5,2.2083333333333335,2.2,3.0,4.4,2.8,3.1,3.5,4.25,3.0,4.0,3.6875,2.25,3.75,3.5,3.1666666666666665,2.875,2.875,2.0,2.0,2.3333333333333335,2.3333333333333335,4.5,4.5,3.75,3.75
R0130,ORG13,0,,1384,2,30,3,1,4.3,6.8,0,1.0,1,3,1,1,346.0,1729,2,3.0,3.0,3.0,3.0,3.0,3.0,3.0,3.0,3.0,3.0,3.0,3.0,3.0,3.0,3.0,3.0,3.0,3.0,3.0,3.0,3.0,3.0,3.0,3.0,3.0,3.0,3.0,3.0,2.0,3.0,3.0,2.0,3.0,3.0,3.0,3.0,3.0,3.0,4.0,3.0,3.0,3.0,3.0,3.0,3.0,3.0,3.0,2.0,3.0,3.0,3.0,3.0,3.0,3.0,3.0,3.0,3.0,3.0,3.0,2.0,2.0,3.0,3.0,3.0,3.0,3.0,3.0,3.0,2.0,3.0,3.0,2.0,3.0,3.0,3.0,3.0,3.0,3.0,2.0,2.0,3.0,3.0,3.0,3.0,3.0,3.0,4.0,3.0,3.0,3.0,3.0,3.0,3.0,3.0,3.0,3.0,2.0,2.0,2.0,2.0,3.0,3.0,4.0,4.0,4.0,,,,,,,,,,,,,,,,,,,1.0,18.1,1.0,3.0,3.0,3.0,3.0,3.0,3.0,3.0,2.8,2.8,2.8,3.0,2.85,2.75,3.0,3.0,2.75,2.875,2.75,3.0,2.5,2.75,2.75,2.75,3.0,3.0,3.3333333333333335,3.3333333333333335,3.0,3.0,3.0,3.0
R0131,ORG13,0,,714,2,28,2,1,2.3,3.4,3,1.0,3,1,1,2,125.0,1729,2,4.0,3.0,3.0,4.0,3.0,4.0,4.0,2.0,3.0,3.0,4.0,3.0,3.0,2.0,3.0,3.0,2.0,4.0,3.0,2.0,2.0,2.0,2.0,3.0,4.0,4.0,3.0,3.0,3.0,4.0,4.0,4.0,5.0,3.0,4.0,4.0,3.0,4.0,3.0,3.0,4.0,2.0,2.0,3.0,2.0,3.0,4.0,4.0,4.0,5.0,3.0,4.0,4.0,4.0,3.0,4.0,4.0,3.0,4.0,4.0,4.0,4.0,5.0,4.0,3.0,4.0,4.0,3.0,3.0,3.0,3.0,3.0,3.0,3.0,4.0,5.0,4.0,3.0,4.0,5.0,2.0,2.0,3.0,2.0,3.0,4.0,3.0,4.0,4.0,3.0,4.0,5.0,3.0,3.0,4.0,4.0,4.0,3.0,3.0,4.0,4.0,4.0,3.0,4.0,4.0,4.0,3.0,2.0,5.0,5.0,3.0,5.0,4.0,3.0,2.0,3.0,4.0,5.0,5.0,3.0,3.0,3.0,4.0,0.0,7.8,1.0,3.5,2.75,3.25,3.25,2.75,3.75,3.2083333333333335,3.4,4.0,3.6,2.8,3.45,3.25,4.0,3.75,3.75,3.6875,4.25,3.5,3.0,3.5833333333333335,3.875,3.875,2.4,2.4,3.6666666666666665,3.6666666666666665,4.0,4.0,3.5,3.5
R0132,ORG13,0,,846,1,39,3,1,5.8,10.3,0,3.0,1,2,2,10,564.0,1729,2,3.0,4.0,3.0,5.0,3.0,3.0,4.0,3.0,2.0,3.0,3.0,2.0,3.0,2.0,3.0,3.0,3.0,3.0,4.0,2.0,5.0,4.0,5.0,4.0,3.0,4.0,2.0,3.0,3.0,2.0,2.0,2.0,2.0,2.0,4.0,4.0,3.0,4.0,1.0,3.0,3.0,1.0,2.0,2.0,4.0,4.0,4.0,4.0,3.0,3.0,3.0,3.0,2.0,2.0,2.0,3.0,3.0,4.0,4.0,4.0,3.0,3.0,4.0,4.0,2.0,2.0,3.0,4.0,4.0,3.0,5.0,4.0,4.0,3.0,4.0,3.0,4.0,3.0,2.0,3.0,4.0,5.0,3.0,5.0,4.0,3.0,4.0,3.0,5.0,4.0,4.0,4.0,3.0,2.0,2.0,2.0,3.0,4.0,4.0,3.0,4.0,3.0,4.0,3.0,5.0,3.0,4.0,3.0,3.0,3.0,3.0,3.0,3.0,3.0,4.0,3.0,4.0,4.0,3.0,4.0,3.0,3.0,3.0,0.0,2.0,1.0,3.75,2.75,2.5,3.25,3.0,1.5,2.7916666666666665,3.0,2.0,4.0,2.2,2.8,4.0,3.0,2.25,3.75,3.25,3.5,2.75,4.0,3.4166666666666665,3.25,3.25,4.2,4.2,3.3333333333333335,3.3333333333333335,4.25,4.25,2.25,2.25
R0133,ORG14,0,,772,2,39,3,1,5.7,7.1,3,0.0,1,1,1,10,223.0,2544,4,3.0,4.0,5.0,4.0,3.0,2.0,2.0,3.0,3.0,4.0,4.0,5.0,3.0,3.0,3.0,3.0,2.0,2.0,3.0,3.0,3.0,3.0,4.0,4.0,4.0,3.0,4.0,3.0,4.0,3.0,4.0,4.0,3.0,3.0,4.0,3.0,3.0,4.0,2.0,4.0,4.0,2.0,3.0,3.0,3.0,3.0,3.0,3.0,2.0,2.0,1.0,1.0,2.0,4.0,2.0,3.0,3.0,3.0,3.0,4.0,4.0,4.0,4.0,4.0,2.0,3.0,2.0,2.0,5.0,3.0,3.0,3.0,4.0,4.0,4.0,3.0,2.0,2.0,2.0,5.0,2.0,3.0,4.0,3.0,2.0,3.0,3.0,3.0,5.0,5.0,4.0,4.0,3.0,4.0,3.0,4.0,4.0,3.0,4.0,2.0,3.0,4.0,3.0,3.0,3.0,5.0,3.0,4.0,3.0,3.0,3.0,2.0,2.0,3.0,4.0,3.0,3.0,5.0,5.0,5.0,3.0,4.0,5.0,1.0,13.6,0.0,4.0,3.5,4.0,3.0,2.5,2.5,3.25,3.6,3.4,3.6,3.2,3.45,3.0,1.5,2.75,3.25,2.625,4.0,2.25,3.5,3.25,3.5,3.5,2.8,2.8000000000000003,3.0,3.0,4.5,4.5,3.5,3.5
R0134,ORG14,0,,687,1,39,3,2,2.6,4.9,2,4.0,1,3,2,3,356.0,2544,4,2.0,3.0,4.0,4.0,3.0,3.0,4.0,4.0,3.0,3.0,3.0,3.0,3.0,2.0,1.0,3.0,2.0,4.0,4.0,3.0,4.0,3.0,3.0,3.0,1.0,2.0,3.0,3.0,2.0,3.0,2.0,4.0,3.0,2.0,1.0,3.0,2.0,2.0,4.0,2.0,4.0,3.0,3.0,2.0,2.0,4.0,2.0,4.0,3.0,2.0,2.0,1.0,2.0,4.0,3.0,3.0,2.0,3.0,3.0,2.0,4.0,3.0,4.0,4.0,3.0,4.0,2.0,3.0,3.0,4.0,4.0,3.0,1.0,2.0,1.0,1.0,2.0,4.0,2.0,2.0,2.0,2.0,2.0,3.0,3.0,3.0,3.0,2.0,2.0,1.0,1.0,2.0,4.0,3.0,3.0,3.0,2.0,3.0,3.0,2.0,4.0,3.0,4.0,2.0,2.0,3.0,4.0,3.0,3.0,4.0,5.0,3.0,2.0,3.0,,,,,,,,,,0.0,23.2,0.0,3.25,2.5,3.0,3.75,3.25,2.75,3.0833333333333335,2.2,2.8,2.0,2.8,2.45,3.0,2.0,3.0,2.5,2.625,3.75,3.0,3.5,3.4166666666666665,1.625,1.625,2.4,2.4,2.6666666666666665,2.6666666666666665,1.5,1.5,3.25,3.25
R0136,ORG14,0,,497,1,31,1,2,2.1,2.8,2,14.0,2,1,1,7,102.0,2544,4,3.0,3.0,3.0,3.0,4.0,3.0,3.0,3.0,4.0,3.0,4.0,3.0,3.0,3.0,3.0,3.0,4.0,3.0,4.0,3.0,3.0,3.0,3.0,4.0,3.0,5.0,3.0,4.0,3.0,5.0,4.0,5.0,4.0,3.0,3.0,3.0,2.0,3.0,3.0,4.0,4.0,3.0,4.0,4.0,5.0,5.0,4.0,4.0,3.0,4.0,5.0,3.0,3.0,4.0,4.0,4.0,4.0,3.0,3.0,4.0,5.0,3.0,3.0,4.0,4.0,4.0,3.0,4.0,4.0,4.0,4.0,4.0,3.0,4.0,5.0,4.0,4.0,2.0,4.0,4.0,2.0,2.0,2.0,2.0,2.0,4.0,4.0,5.0,4.0,5.0,5.0,4.0,3.0,3.0,3.0,4.0,4.0,3.0,3.0,3.0,4.0,4.0,4.0,5.0,5.0,4.0,4.0,3.0,4.0,4.0,4.0,3.0,5.0,3.0,3.0,2.0,2.0,3.0,5.0,4.0,4.0,3.0,4.0,1.0,4.9,1.0,3.0,2.75,3.5,3.0,3.5,2.75,3.0833333333333335,3.6,4.2,2.8,3.8,3.6,4.5,3.75,3.75,3.5,3.875,3.75,3.75,4.0,3.8333333333333335,4.0,4.0,2.0,2.0,4.333333333333333,4.333333333333333,4.5,4.5,3.25,3.25
R0138,ORG14,0,,1324,2,38,3,1,0.7,4.0,0,0.0,1,3,1,5,237.0,2544,4,4.0,4.0,3.0,4.0,2.0,3.0,4.0,4.0,4.0,4.0,2.0,4.0,3.0,3.0,4.0,2.0,4.0,5.0,5.0,2.0,3.0,3.0,4.0,3.0,2.0,2.0,3.0,3.0,3.0,3.0,3.0,3.0,2.0,3.0,3.0,3.0,3.0,2.0,4.0,2.0,4.0,2.0,3.0,2.0,4.0,3.0,4.0,4.0,4.0,5.0,3.0,3.0,3.0,2.0,2.0,4.0,3.0,2.0,3.0,2.0,2.0,2.0,3.0,2.0,2.0,2.0,2.0,2.0,3.0,3.0,3.0,2.0,2.0,4.0,4.0,4.0,3.0,2.0,4.0,4.0,2.0,2.0,3.0,2.0,1.0,4.0,4.0,3.0,3.0,3.0,3.0,3.0,3.0,2.0,3.0,2.0,3.0,3.0,3.0,1.0,3.0,2.0,4.0,4.0,4.0,3.0,3.0,4.0,1.0,3.0,2.0,4.0,4.0,3.0,2.0,2.0,2.0,4.0,4.0,3.0,3.0,5.0,4.0,1.0,4.3,1.0,3.75,2.75,3.5,3.0,4.0,2.75,3.2916666666666665,2.6,2.8,2.6,2.6,2.65,3.75,3.75,2.75,2.5,3.1875,2.25,2.0,2.75,2.3333333333333335,3.625,3.625,2.0,2.0,3.6666666666666665,3.6666666666666665,3.0,3.0,2.5,2.5
R0139,ORG14,0,,1057,1,26,3,1,1.7,4.6,0,0.0,1,3,1,7,151.0,2544,4,5.0,3.0,2.0,2.0,4.0,3.0,4.0,3.0,2.0,2.0,3.0,2.0,4.0,4.0,4.0,5.0,2.0,1.0,2.0,2.0,5.0,4.0,3.0,3.0,2.0,2.0,3.0,2.0,2.0,2.0,2.0,2.0,2.0,1.0,1.0,,3.0,3.0,4.0,3.0,2.0,2.0,2.0,3.0,2.0,2.0,2.0,1.0,3.0,2.0,2.0,3.0,2.0,3.0,3.0,2.0,2.0,2.0,2.0,2.0,3.0,3.0,3.0,2.0,2.0,2.0,3.0,2.0,3.0,2.0,2.0,2.0,2.0,2.0,3.0,3.0,3.0,3.0,2.0,3.0,2.0,2.0,4.0,4.0,2.0,4.0,3.0,3.0,3.0,3.0,4.0,3.0,2.0,3.0,4.0,4.0,2.0,1.0,2.0,3.0,1.0,2.0,3.0,3.0,4.0,3.0,1.0,1.0,3.0,2.0,3.0,5.0,4.0,3.0,2.0,2.0,1.0,2.0,2.0,3.0,4.0,4.0,4.0,1.0,7.2,1.0,3.0,2.5,2.25,1.75,1.75,2.25,2.25,2.2,1.8,2.25,2.4,2.1578947368421053,1.75,2.5,2.5,2.0,2.1875,2.75,2.25,2.25,2.4166666666666665,2.625,2.625,2.8,2.8000000000000003,3.3333333333333335,3.3333333333333335,3.25,3.25,3.25,3.25
R0141,ORG14,0,,754,2,21,3,1,1.0,3.1,1,2.0,1,1,1,5,,2544,4,3.0,3.0,3.0,3.0,3.0,3.0,3.0,3.0,3.0,3.0,3.0,3.0,3.0,3.0,3.0,3.0,3.0,3.0,3.0,3.0,3.0,3.0,3.0,3.0,3.0,3.0,3.0,3.0,3.0,3.0,3.0,3.0,3.0,3.0,3.0,3.0,3.0,3.0,3.0,3.0,3.0,3.0,3.0,3.0,3.0,3.0,3.0,3.0,3.0,3.0,3.0,3.0,3.0,3.0,3.0,3.0,3.0,3.0,3.0,3.0,3.0,3.0,3.0,3.0,3.0,3.0,3.0,3.0,3.0,3.0,3.0,3.0,3.0,3.0,3.0,3.0,3.0,3.0,3.0,3.0,3.0,3.0,3.0,3.0,3.0,3.0,3.0,3.0,3.0,3.0,3.0,3.0,3.0,3.0,3.0,3.0,4.0,3.0,3.0,4.0,4.0,3.0,3.0,3.0,2.0,4.0,3.0,3.0,4.0,3.0,3.0,3.0,3.0,3.0,,,,,,,,,,0.0,27.4,0.0,3.0,3.0,3.0,3.0,3.0,3.0,3.0,3.0,3.0,3.0,3.0,3.0,3.0,3.0,3.0,3.0,3.0,3.0,3.0,3.0,3.0,3.0,3.0,3.0,3.0,3.0,3.0,3.0,3.0,3.0,3.0
R0142,ORG14,0,,681,2,32,2,1,5.0,7.8,2,1.0,1,1,1,10,155.0,2544,4,3.0,3.0,3.0,4.0,2.0,3.0,2.0,3.0,3.0,3.0,2.0,3.0,3.0,4.0,3.0,4.0,1.0,2.0,2.0,2.0,4.0,4.0,4.0,5.0,2.0,2.0,3.0,1.0,1.0,1.0,2.0,1.0,2.0,2.0,3.0,2.0,2.0,3.0,4.0,1.0,2.0,3.0,1.0,2.0,2.0,2.0,3.0,3.0,2.0,3.0,2.0,2.0,1.0,1.0,3.0,1.0,1.0,2.0,1.0,1.0,3.0,1.0,2.0,1.0,2.0,2.0,3.0,1.0,2.0,2.0,3.0,3.0,2.0,2.0,2.0,2.0,4.0,4.0,1.0,2.0,1.0,1.0,2.0,2.0,2.0,4.0,4.0,4.0,2.0,1.0,1.0,2.0,3.0,4.0,3.0,4.0,2.0,3.0,3.0,2.0,2.0,2.0,4.0,4.0,4.0,3.0,2.0,3.0,2.0,3.0,3.0,3.0,3.0,4.0,4.0,2.0,3.0,2.0,3.0,3.0,3.0,3.0,3.0,1.0,0.2,1.0,3.25,3.5,2.75,2.5,1.75,1.75,2.5833333333333335,1.8,1.6,2.4,1.8,1.9,2.5,2.25,1.5,1.25,1.875,1.75,2.0,2.5,2.0833333333333335,2.125,2.125,1.6,1.5999999999999999,4.0,4.0,1.5,1.5,3.5,3.5
R0143,ORG14,0,,442,2,25,3,1,4.1,7.2,0,2.0,4,1,2,9,246.0,2544,4,5.0,5.0,4.0,4.0,4.0,3.0,3.0,4.0,3.0,3.0,3.0,3.0,4.0,3.0,5.0,3.0,4.0,4.0,2.0,4.0,4.0,4.0,4.0,3.0,2.0,3.0,3.0,3.0,3.0,3.0,3.0,5.0,4.0,5.0,4.0,4.0,3.0,3.0,2.0,2.0,5.0,4.0,3.0,3.0,,4.0,5.0,2.0,4.0,4.0,3.0,5.0,3.0,2.0,3.0,2.0,2.0,2.0,3.0,2.0,2.0,2.0,3.0,2.0,3.0,2.0,,2.0,2.0,2.0,4.0,3.0,3.0,3.0,4.0,2.0,3.0,3.0,4.0,3.0,4.0,4.0,3.0,4.0,3.0,2.0,2.0,2.0,3.0,3.0,4.0,4.0,5.0,3.0,4.0,3.0,2.0,3.0,3.0,3.0,2.0,3.0,3.0,3.0,3.0,3.0,3.0,3.0,1.0,2.0,2.0,3.0,3.0,4.0,3.0,2.0,2.0,2.0,3.0,3.0,5.0,5.0,5.0,0.0,13.6,0.0,4.5,2.5,3.0,2.25,3.5,2.25,3.0,2.8,4.0,3.6,3.4,3.45,3.6666666666666665,4.0,2.5,2.25,3.066666666666667,2.25,2.3333333333333335,2.75,2.4545454545454546,3.125,3.125,3.6,3.6,2.0,2.0,3.5,3.5,3.75,3.75
R0144,ORG14,0,,660,1,23,3,2,6.1,7.1,0,0.0,3,1,1,5,160.0,2544,4,1.0,3.0,3.0,2.0,3.0,3.0,3.0,3.0,5.0,4.0,3.0,3.0,2.0,2.0,2.0,3.0,3.0,4.0,4.0,3.0,4.0,3.0,3.0,4.0,3.0,3.0,4.0,3.0,2.0,3.0,4.0,3.0,4.0,4.0,4.0,3.0,3.0,3.0,3.0,3.0,3.0,3.0,2.0,3.0,4.0,4.0,4.0,4.0,4.0,3.0,3.0,4.0,3.0,4.0,5.0,3.0,3.0,2.0,3.0,3.0,3.0,3.0,3.0,3.0,3.0,2.0,3.0,3.0,3.0,2.0,2.0,2.0,3.0,3.0,4.0,4.0,3.0,3.0,2.0,3.0,4.0,3.0,3.0,3.0,2.0,3.0,3.0,3.0,3.0,1.0,2.0,2.0,3.0,3.0,3.0,3.0,4.0,4.0,4.0,3.0,2.0,3.0,4.0,4.0,4.0,,,,,,,,,,,,,,,,,,,0.0,13.7,1.0,2.25,3.0,3.75,3.75,3.5,2.5,3.125,3.0,3.6,3.2,2.8,3.15,4.0,3.5,3.75,2.75,3.5,3.0,2.75,2.25,2.6666666666666665,3.125,3.125,3.0,3.0,3.0,3.0,2.0,2.0,3.0,3.0
R0145,ORG14,0,,690,2,35,3,1,8.6,9.1,3,0.0,2,1,1,3,221.0,2544,4,2.0,3.0,3.0,3.0,4.0,3.0,4.0,4.0,2.0,3.0,2.0,2.0,3.0,3.0,3.0,2.0,4.0,3.0,3.0,3.0,4.0,4.0,5.0,3.0,2.0,2.0,3.0,3.0,2.0,3.0,2.0,2.0,3.0,3.0,4.0,3.0,3.0,4.0,2.0,3.0,3.0,3.0,3.0,3.0,2.0,1.0,2.0,3.0,2.0,2.0,2.0,1.0,3.0,2.0,3.0,3.0,2.0,1.0,1.0,1.0,3.0,2.0,2.0,2.0,3.0,1.0,3.0,3.0,3.0,2.0,2.0,2.0,2.0,1.0,2.0,1.0,2.0,4.0,1.0,2.0,3.0,3.0,5.0,4.0,4.0,5.0,5.0,5.0,2.0,2.0,2.0,3.0,3.0,4.0,3.0,4.0,3.0,1.0,2.0,3.0,2.0,3.0,5.0,5.0,5.0,3.0,3.0,2.0,3.0,2.0,3.0,5.0,3.0,4.0,3.0,3.0,3.0,3.0,4.0,2.0,4.0,4.0,4.0,1.0,5.3,1.0,2.75,2.25,2.25,3.25,3.25,2.0,2.625,2.4,2.6,3.6,3.0,2.9,2.0,1.75,2.75,1.25,1.9375,2.25,2.5,2.25,2.3333333333333335,1.625,1.625,3.8,3.8000000000000003,5.0,5.0,2.25,2.25,3.5,3.5
R0146,ORG15,0,,359,2,29,1,1,2.7,3.8,1,1.0,1,1,1,1,417.0,1408,5,3.0,4.0,5.0,4.0,3.0,4.0,3.0,3.0,4.0,3.0,4.0,3.0,3.0,3.0,2.0,3.0,2.0,3.0,3.0,3.0,3.0,3.0,3.0,3.0,2.0,4.0,4.0,3.0,1.0,4.0,2.0,3.0,4.0,4.0,4.0,3.0,3.0,3.0,4.0,,4.0,3.0,1.0,2.0,3.0,4.0,3.0,4.0,3.0,3.0,3.0,4.0,5.0,4.0,3.0,4.0,3.0,3.0,4.0,4.0,5.0,4.0,5.0,5.0,5.0,5.0,3.0,5.0,4.0,4.0,4.0,4.0,3.0,2.0,4.0,2.0,2.0,4.0,2.0,3.0,5.0,5.0,4.0,5.0,4.0,2.0,3.0,1.0,2.0,2.0,3.0,1.0,2.0,3.0,4.0,3.0,4.0,4.0,2.0,4.0,4.0,3.0,3.0,2.0,2.0,,,,,,,,,,,,,,,,,,,0.0,1.4,1.0,4.0,2.75,3.5,3.25,2.75,3.0,3.2083333333333335,2.8,3.4,3.0,2.5,2.9473684210526314,3.5,3.25,4.0,3.5,3.5625,4.75,4.5,4.0,4.416666666666667,2.5,2.5,4.6,4.6000000000000005,2.0,2.0,2.0,2.0,3.0,3.0
R0147,ORG15,0,,768,1,27,3,1,2.4,6.6,2,0.0,3,1,1,4,442.0,1408,5,5.0,5.0,4.0,5.0,2.0,3.0,2.0,2.0,4.0,5.0,4.0,3.0,2.0,3.0,3.0,3.0,4.0,5.0,5.0,5.0,2.0,2.0,2.0,2.0,4.0,3.0,5.0,4.0,3.0,4.0,4.0,5.0,5.0,4.0,3.0,3.0,4.0,4.0,3.0,3.0,3.0,2.0,3.0,2.0,4.0,4.0,4.0,4.0,4.0,4.0,4.0,5.0,3.0,4.0,5.0,5.0,4.0,5.0,5.0,4.0,3.0,4.0,4.0,4.0,5.0,5.0,5.0,5.0,4.0,4.0,5.0,3.0,3.0,4.0,4.0,4.0,3.0,3.0,2.0,2.0,4.0,5.0,5.0,5.0,5.0,1.0,1.0,1.0,5.0,5.0,5.0,4.0,3.0,4.0,5.0,3.0,4.0,5.0,4.0,3.0,4.0,5.0,1.0,1.0,1.0,3.0,3.0,3.0,5.0,5.0,4.0,1.0,2.0,1.0,3.0,3.0,3.0,5.0,4.0,5.0,2.0,1.0,1.0,0.0,23.5,0.0,4.75,3.75,4.0,3.25,4.75,4.0,4.083333333333333,3.8,4.4,3.4,2.6,3.55,4.0,4.25,4.25,4.5,4.25,3.75,5.0,4.0,4.25,3.125,3.125,4.8,4.8,1.0,1.0,4.75,4.75,3.75,3.75
R0148,ORG15,0,,752,1,35,3,2,3.7,4.7,2,0.0,1,1,2,3,283.0,1408,5,4.0,3.0,4.0,3.0,3.0,3.0,3.0,4.0,4.0,5.0,4.0,5.0,2.0,3.0,2.0,3.0,4.0,4.0,5.0,4.0,3.0,3.0,4.0,3.0,5.0,3.0,5.0,4.0,3.0,3.0,4.0,5.0,4.0,4.0,5.0,5.0,3.0,2.0,2.0,5.0,4.0,5.0,5.0,5.0,5.0,4.0,4.0,5.0,4.0,4.0,4.0,4.0,4.0,5.0,4.0,4.0,4.0,3.0,3.0,4.0,2.0,5.0,3.0,2.0,,5.0,4.0,5.0,3.0,3.0,4.0,3.0,5.0,5.0,4.0,4.0,4.0,3.0,3.0,5.0,2.0,4.0,4.0,5.0,3.0,2.0,3.0,2.0,3.0,3.0,5.0,3.0,4.0,4.0,2.0,4.0,4.0,4.0,5.0,3.0,5.0,4.0,2.0,2.0,1.0,4.0,5.0,4.0,4.0,3.0,3.0,3.0,3.0,2.0,2.0,3.0,3.0,3.0,3.0,3.0,2.0,1.0,2.0,1.0,27.4,0.0,3.5,2.75,4.5,3.5,4.25,2.75,3.5416666666666665,4.0,4.0,3.8,4.8,4.15,4.5,4.0,4.25,3.5,4.0625,3.0,4.666666666666667,3.25,3.5454545454545454,4.125,4.125,3.6,3.6,2.3333333333333335,2.3333333333333335,3.5,3.5,3.5,3.5
R0149,ORG15,0,,493,2,28,3,1,1.9,3.8,0,1.0,2,3,1,4,163.0,1408,5,4.0,4.0,4.0,5.0,3.0,3.0,3.0,2.0,3.0,4.0,3.0,4.0,4.0,4.0,4.0,3.0,5.0,5.0,3.0,3.0,4.0,4.0,3.0,3.0,4.0,3.0,3.0,4.0,3.0,3.0,5.0,3.0,2.0,4.0,4.0,,2.0,3.0,3.0,2.0,3.0,3.0,2.0,2.0,3.0,2.0,3.0,2.0,3.0,3.0,3.0,2.0,5.0,4.0,4.0,4.0,4.0,3.0,5.0,4.0,3.0,2.0,3.0,2.0,3.0,2.0,3.0,4.0,2.0,4.0,4.0,5.0,3.0,3.0,4.0,3.0,4.0,3.0,3.0,4.0,2.0,3.0,5.0,5.0,4.0,1.0,1.0,1.0,5.0,5.0,5.0,4.0,2.0,2.0,4.0,2.0,4.0,4.0,4.0,3.0,4.0,3.0,2.0,2.0,2.0,3.0,3.0,3.0,3.0,2.0,3.0,2.0,3.0,4.0,2.0,3.0,4.0,2.0,3.0,2.0,4.0,4.0,4.0,0.0,18.0,0.0,4.25,3.25,3.5,2.25,4.0,2.5,3.2916666666666665,3.4,3.4,3.0,2.4,3.0526315789473686,2.5,2.75,4.25,4.0,3.375,2.5,3.0,3.75,3.0833333333333335,3.375,3.375,3.8,3.8000000000000003,1.0,1.0,4.75,4.75,2.5,2.5
R0150,ORG15,0,,868,2,40,3,1,3.2,5.7,1,1.0,1,1,1,3,212.0,1408,5,4.0,3.0,4.0,3.0,2.0,3.0,3.0,3.0,5.0,4.0,4.0,2.0,3.0,4.0,3.0,3.0,3.0,3.0,5.0,3.0,3.0,4.0,4.0,3.0,3.0,4.0,4.0,4.0,4.0,3.0,4.0,3.0,4.0,2.0,3.0,3.0,3.0,3.0,3.0,4.0,5.0,3.0,3.0,5.0,4.0,3.0,,4.0,3.0,3.0,2.0,3.0,3.0,3.0,3.0,3.0,4.0,,4.0,4.0,4.0,4.0,4.0,4.0,4.0,4.0,5.0,4.0,4.0,4.0,5.0,4.0,4.0,5.0,5.0,4.0,4.0,2.0,4.0,2.0,3.0,3.0,5.0,5.0,2.0,4.0,4.0,3.0,4.0,3.0,5.0,3.0,4.0,3.0,2.0,3.0,3.0,4.0,3.0,4.0,3.0,4.0,3.0,3.0,3.0,3.0,5.0,4.0,5.0,4.0,4.0,3.0,3.0,3.0,3.0,3.0,4.0,3.0,4.0,4.0,3.0,3.0,2.0,0.0,1.8,1.0,3.5,3.25,3.75,2.75,3.5,2.5,3.2083333333333335,3.8,3.2,3.0,4.0,3.5,3.6666666666666665,2.75,3.0,4.0,3.2857142857142856,4.0,4.25,4.25,4.166666666666667,4.0,4.0,3.6,3.6,3.6666666666666665,3.6666666666666665,3.75,3.75,3.0,3.0
R0151,ORG15,0,,1365,1,30,3,2,1.9,4.6,0,0.0,3,1,2,9,193.0,1408,5,4.0,3.0,4.0,3.0,2.0,3.0,1.0,2.0,3.0,3.0,2.0,3.0,3.0,3.0,2.0,2.0,3.0,4.0,3.0,3.0,4.0,2.0,3.0,3.0,4.0,5.0,3.0,4.0,3.0,3.0,4.0,4.0,3.0,3.0,3.0,3.0,4.0,4.0,2.0,5.0,5.0,4.0,5.0,4.0,3.0,3.0,1.0,3.0,3.0,3.0,3.0,3.0,3.0,3.0,3.0,3.0,3.0,3.0,5.0,4.0,2.0,5.0,5.0,4.0,5.0,3.0,3.0,4.0,3.0,3.0,4.0,3.0,3.0,1.0,3.0,4.0,3.0,4.0,2.0,4.0,3.0,4.0,4.0,5.0,5.0,2.0,3.0,2.0,2.0,3.0,3.0,3.0,4.0,4.0,5.0,2.0,3.0,3.0,5.0,4.0,4.0,5.0,2.0,2.0,2.0,4.0,3.0,4.0,5.0,4.0,3.0,2.0,3.0,2.0,2.0,4.0,3.0,3.0,4.0,4.0,2.0,3.0,3.0,0.0,22.8,0.0,3.5,4.0,2.75,3.5,3.25,3.0,3.3333333333333335,3.8,3.4,3.6,4.6,3.85,2.5,3.0,3.0,3.75,3.0625,4.0,3.75,3.25,3.6666666666666665,2.75,2.75,4.2,4.2,2.3333333333333335,2.3333333333333335,2.75,2.75,3.75,3.75
R0152,ORG15,0,,782,2,33,3,1,5.0,6.5,3,2.0,1,1,2,5,127.0,1408,5,2.0,4.0,3.0,3.0,4.0,3.0,3.0,4.0,4.0,3.0,2.0,4.0,4.0,2.0,5.0,4.0,2.0,3.0,3.0,3.0,5.0,5.0,5.0,4.0,2.0,2.0,3.0,2.0,2.0,3.0,4.0,4.0,5.0,3.0,4.0,3.0,2.0,2.0,3.0,4.0,3.0,4.0,3.0,2.0,2.0,3.0,4.0,3.0,3.0,3.0,2.0,3.0,3.0,2.0,1.0,3.0,3.0,3.0,3.0,1.0,3.0,2.0,3.0,2.0,2.0,2.0,2.0,2.0,4.0,2.0,1.0,2.0,2.0,1.0,1.0,2.0,1.0,5.0,2.0,2.0,5.0,5.0,4.0,3.0,5.0,4.0,3.0,4.0,3.0,2.0,2.0,2.0,3.0,5.0,3.0,3.0,2.0,3.0,3.0,1.0,1.0,3.0,4.0,4.0,4.0,4.0,3.0,3.0,2.0,2.0,3.0,5.0,3.0,3.0,3.0,4.0,5.0,3.0,3.0,3.0,5.0,4.0,5.0,1.0,3.4,1.0,3.0,2.5,3.25,2.25,2.75,1.25,2.5,2.2,3.8,2.8,3.2,3.0,3.0,2.75,2.25,2.5,2.625,2.5,2.0,2.25,2.25,1.5,1.5,4.4,4.3999999999999995,3.6666666666666665,3.6666666666666665,2.25,2.25,3.5,3.5
R0153,ORG15,0,,693,2,32,2,1,1.4,9.0,2,0.0,1,1,1,7,190.0,1408,5,5.0,4.0,3.0,3.0,2.0,4.0,2.0,3.0,4.0,3.0,2.0,3.0,3.0,3.0,4.0,3.0,3.0,3.0,5.0,2.0,4.0,3.0,3.0,2.0,3.0,4.0,5.0,4.0,4.0,4.0,4.0,5.0,3.0,5.0,4.0,4.0,4.0,5.0,2.0,4.0,4.0,3.0,4.0,4.0,3.0,5.0,4.0,2.0,4.0,4.0,4.0,5.0,2.0,3.0,2.0,4.0,3.0,3.0,4.0,3.0,2.0,3.0,2.0,3.0,2.0,2.0,4.0,1.0,3.0,3.0,2.0,2.0,2.0,2.0,2.0,2.0,2.0,4.0,1.0,2.0,3.0,4.0,4.0,3.0,4.0,2.0,3.0,2.0,2.0,2.0,2.0,2.0,3.0,2.0,2.0,3.0,2.0,4.0,4.0,3.0,3.0,4.0,3.0,3.0,2.0,3.0,4.0,4.0,3.0,4.0,4.0,2.0,3.0,2.0,4.0,4.0,4.0,3.0,5.0,5.0,4.0,3.0,5.0,0.0,13.9,1.0,3.75,3.25,3.0,2.75,3.25,3.0,3.1666666666666665,4.0,4.2,4.2,3.8,4.05,3.5,4.25,2.75,3.25,3.4375,2.5,2.25,2.5,2.4166666666666665,1.875,1.875,3.6,3.6,2.3333333333333335,2.3333333333333335,2.0,2.0,2.5,2.5
R0154,ORG15,0,,1104,2,25,3,1,2.1,5.0,3,1.0,3,1,1,6,1354.0,1408,5,4.0,4.0,4.0,5.0,2.0,3.0,4.0,4.0,4.0,3.0,4.0,3.0,3.0,3.0,4.0,3.0,4.0,3.0,3.0,3.0,1.0,2.0,2.0,3.0,4.0,4.0,3.0,4.0,3.0,3.0,3.0,4.0,3.0,3.0,3.0,2.0,3.0,2.0,4.0,3.0,4.0,4.0,3.0,4.0,3.0,3.0,3.0,4.0,2.0,3.0,2.0,4.0,4.0,3.0,3.0,4.0,3.0,2.0,2.0,2.0,4.0,4.0,3.0,2.0,2.0,2.0,2.0,2.0,3.0,3.0,3.0,3.0,4.0,2.0,3.0,3.0,2.0,4.0,2.0,3.0,4.0,4.0,4.0,5.0,3.0,1.0,3.0,2.0,4.0,3.0,4.0,4.0,3.0,4.0,2.0,3.0,3.0,3.0,4.0,4.0,4.0,3.0,3.0,3.0,3.0,3.0,3.0,3.0,2.0,3.0,3.0,2.0,2.0,2.0,2.0,2.0,1.0,3.0,3.0,2.0,3.0,3.0,2.0,0.0,18.7,0.0,4.25,2.75,3.5,2.75,3.25,4.0,3.4166666666666665,3.6,3.2,2.4,3.6,3.2,3.25,2.75,3.5,2.25,2.9375,3.25,2.0,3.0,2.75,2.625,2.625,4.0,4.0,2.0,2.0,3.75,3.75,3.0,3.0
R0155,ORG15,0,,814,1,30,2,1,0.6,1.8,1,0.0,1,1,1,10,328.0,1408,5,,4.0,5.0,4.0,2.0,3.0,4.0,2.0,3.0,3.0,4.0,3.0,3.0,3.0,3.0,3.0,4.0,3.0,4.0,3.0,3.0,3.0,3.0,2.0,5.0,3.0,4.0,4.0,5.0,4.0,4.0,,3.0,3.0,5.0,4.0,5.0,5.0,2.0,4.0,3.0,4.0,4.0,3.0,4.0,3.0,4.0,3.0,4.0,4.0,5.0,3.0,4.0,3.0,3.0,4.0,4.0,4.0,4.0,4.0,4.0,3.0,4.0,3.0,4.0,4.0,4.0,3.0,5.0,4.0,4.0,4.0,4.0,2.0,2.0,3.0,4.0,3.0,1.0,2.0,4.0,4.0,3.0,4.0,3.0,2.0,2.0,3.0,5.0,4.0,4.0,4.0,3.0,2.0,2.0,3.0,2.0,4.0,4.0,3.0,4.0,2.0,3.0,3.0,2.0,4.0,3.0,3.0,3.0,3.0,3.0,3.0,2.0,3.0,2.0,3.0,3.0,4.0,3.0,3.0,2.0,4.0,3.0,0.0,26.4,0.0,4.333333333333333,3.25,3.25,3.0,3.5,3.25,3.391304347826087,4.2,3.5,4.6,3.6,4.0,3.5,4.0,3.5,4.0,3.75,3.5,3.75,4.25,3.8333333333333335,2.625,2.625,3.6,3.6,2.3333333333333335,2.3333333333333335,4.25,4.25,2.5,2.5
R0156,ORG15,0,,427,1,38,1,1,0.2,1.5,2,1.0,1,3,2,1,271.0,1408,5,4.0,4.0,4.0,3.0,3.0,3.0,3.0,3.0,4.0,4.0,5.0,4.0,2.0,3.0,4.0,3.0,4.0,5.0,5.0,3.0,3.0,3.0,3.0,4.0,5.0,4.0,4.0,5.0,5.0,5.0,3.0,4.0,4.0,5.0,4.0,4.0,4.0,3.0,2.0,3.0,4.0,4.0,4.0,4.0,5.0,4.0,3.0,4.0,3.0,3.0,3.0,3.0,3.0,3.0,2.0,3.0,4.0,4.0,4.0,3.0,4.0,3.0,3.0,3.0,3.0,3.0,3.0,3.0,3.0,3.0,3.0,2.0,4.0,3.0,4.0,3.0,4.0,1.0,3.0,3.0,3.0,3.0,3.0,3.0,4.0,2.0,2.0,2.0,3.0,2.0,3.0,3.0,4.0,3.0,4.0,2.0,5.0,4.0,4.0,3.0,3.0,3.0,2.0,4.0,3.0,2.0,3.0,2.0,3.0,3.0,2.0,4.0,2.0,4.0,,,,,,,,,,0.0,23.4,1.0,3.75,3.0,4.25,3.0,4.25,2.75,3.5,4.6,4.2,3.8,3.8,4.1,4.0,3.0,2.75,3.75,3.375,3.25,3.0,2.75,3.0,3.625,3.625,3.2,3.1999999999999997,2.0,2.0,2.75,2.75,3.25,3.25
R0157,ORG15,0,,1088,1,35,3,1,6.9,7.9,2,1.0,2,1,2,9,284.0,1408,5,4.0,5.0,4.0,5.0,2.0,3.0,1.0,3.0,4.0,4.0,4.0,4.0,2.0,2.0,3.0,3.0,5.0,4.0,5.0,4.0,2.0,2.0,3.0,3.0,4.0,3.0,5.0,4.0,4.0,2.0,4.0,4.0,4.0,4.0,3.0,3.0,3.0,3.0,3.0,3.0,3.0,3.0,4.0,2.0,4.0,4.0,3.0,3.0,3.0,4.0,4.0,3.0,4.0,3.0,4.0,4.0,5.0,3.0,4.0,4.0,4.0,4.0,3.0,3.0,5.0,4.0,4.0,5.0,3.0,4.0,3.0,4.0,5.0,4.0,4.0,5.0,4.0,2.0,3.0,2.0,4.0,3.0,4.0,4.0,4.0,2.0,4.0,3.0,3.0,5.0,5.0,3.0,3.0,2.0,2.0,3.0,4.0,4.0,5.0,4.0,4.0,4.0,3.0,2.0,2.0,3.0,3.0,3.0,4.0,4.0,5.0,2.0,4.0,4.0,3.0,3.0,3.0,5.0,5.0,5.0,3.0,3.0,2.0,0.0,19.0,0.0,4.5,3.75,4.0,3.5,4.5,3.5,3.9583333333333335,4.0,3.6,3.0,3.0,3.4,3.5,3.5,3.75,4.0,3.6875,3.5,4.5,3.5,3.8333333333333335,3.875,3.875,3.8,3.8000000000000003,3.0,3.0,4.0,4.0,2.5,2.5
R0159,ORG16,0,,484,1,27,3,2,6.4,10.4,2,0.0,2,2,1,1,,1713,1,4.0,4.0,3.0,4.0,2.0,3.0,3.0,3.0,4.0,4.0,3.0,3.0,3.0,4.0,3.0,3.0,2.0,3.0,3.0,3.0,2.0,2.0,3.0,3.0,4.0,3.0,4.0,3.0,3.0,4.0,4.0,3.0,4.0,3.0,3.0,3.0,2.0,4.0,3.0,5.0,4.0,4.0,5.0,3.0,5.0,4.0,5.0,3.0,3.0,3.0,3.0,3.0,3.0,3.0,3.0,5.0,3.0,4.0,3.0,4.0,3.0,4.0,3.0,4.0,3.0,4.0,4.0,4.0,4.0,4.0,5.0,4.0,3.0,4.0,4.0,5.0,4.0,3.0,5.0,5.0,5.0,4.0,4.0,4.0,3.0,4.0,3.0,4.0,5.0,5.0,4.0,5.0,2.0,3.0,2.0,4.0,2.0,2.0,3.0,4.0,4.0,4.0,5.0,4.0,5.0,2.0,3.0,3.0,4.0,4.0,3.0,3.0,3.0,3.0,3.0,3.0,3.0,4.0,3.0,3.0,3.0,3.0,4.0,0.0,1.7,1.0,3.75,3.25,3.5,2.75,2.75,3.5,3.25,3.4,3.6,3.0,4.2,3.55,4.25,3.0,3.5,3.5,3.5625,3.5,3.75,4.25,3.8333333333333335,4.125,4.125,4.0,4.0,3.6666666666666665,3.6666666666666665,4.75,4.75,2.75,2.75
R0161,ORG16,0,,858,2,32,3,1,7.4,9.0,2,2.0,2,3,1,1,321.0,1713,1,3.0,3.0,3.0,3.0,4.0,4.0,3.0,4.0,2.0,3.0,2.0,3.0,2.0,2.0,2.0,4.0,3.0,2.0,2.0,3.0,3.0,2.0,3.0,4.0,2.0,3.0,3.0,3.0,4.0,2.0,2.0,1.0,2.0,2.0,3.0,3.0,3.0,2.0,3.0,3.0,3.0,4.0,4.0,4.0,4.0,3.0,2.0,2.0,5.0,3.0,4.0,4.0,2.0,2.0,3.0,2.0,3.0,3.0,4.0,2.0,2.0,2.0,2.0,3.0,4.0,3.0,4.0,3.0,3.0,2.0,2.0,2.0,3.0,2.0,3.0,3.0,1.0,3.0,2.0,2.0,3.0,3.0,3.0,4.0,1.0,4.0,4.0,4.0,2.0,3.0,2.0,3.0,4.0,3.0,4.0,4.0,3.0,3.0,3.0,3.0,3.0,4.0,3.0,3.0,4.0,3.0,3.0,4.0,2.0,3.0,2.0,2.0,4.0,3.0,3.0,3.0,3.0,4.0,4.0,3.0,3.0,2.0,4.0,1.0,10.2,0.0,3.0,2.25,2.5,3.5,2.5,3.0,2.7916666666666665,3.0,1.8,2.8,3.6,2.8,2.75,4.0,2.25,3.0,3.0,2.25,3.5,2.25,2.6666666666666665,2.375,2.375,2.8,2.8000000000000003,4.0,4.0,2.5,2.5,3.75,3.75
R0162,ORG16,0,,668,2,38,3,2,7.0,11.1,2,1.0,3,1,1,10,202.0,1713,1,4.0,2.0,2.0,3.0,3.0,3.0,4.0,4.0,4.0,3.0,2.0,2.0,4.0,2.0,3.0,3.0,4.0,4.0,4.0,4.0,4.0,2.0,2.0,3.0,3.0,5.0,2.0,4.0,3.0,4.0,5.0,5.0,3.0,3.0,4.0,4.0,4.0,4.0,2.0,3.0,5.0,3.0,2.0,3.0,5.0,5.0,5.0,4.0,5.0,5.0,4.0,5.0,4.0,5.0,4.0,5.0,4.0,4.0,4.0,3.0,3.0,5.0,5.0,5.0,2.0,3.0,3.0,2.0,3.0,4.0,4.0,4.0,3.0,3.0,3.0,4.0,3.0,3.0,1.0,3.0,4.0,4.0,4.0,5.0,5.0,3.0,3.0,4.0,2.0,4.0,2.0,2.0,4.0,4.0,2.0,3.0,3.0,4.0,3.0,3.0,2.0,4.0,3.0,3.0,3.0,2.0,3.0,2.0,3.0,2.0,3.0,4.0,3.0,4.0,,,,,,,,,,0.0,15.2,1.0,2.75,2.5,2.75,3.0,4.0,3.25,3.0416666666666665,3.4,4.0,4.0,3.2,3.65,4.75,4.75,4.5,3.75,4.4375,4.5,2.5,3.75,3.5833333333333335,2.875,2.875,4.4,4.3999999999999995,3.3333333333333335,3.3333333333333335,2.5,2.5,3.25,3.25
R0163,ORG16,0,,1120,1,31,4,1,2.9,11.8,2,2.0,1,2,1,3,169.0,1713,1,5.0,3.0,5.0,5.0,3.0,2.0,2.0,4.0,3.0,4.0,3.0,3.0,3.0,3.0,3.0,2.0,4.0,4.0,4.0,3.0,3.0,2.0,4.0,4.0,3.0,3.0,4.0,2.0,3.0,4.0,4.0,3.0,5.0,4.0,4.0,4.0,3.0,4.0,2.0,3.0,4.0,2.0,3.0,3.0,5.0,3.0,4.0,3.0,5.0,5.0,4.0,4.0,5.0,4.0,5.0,5.0,4.0,3.0,2.0,4.0,2.0,2.0,2.0,2.0,3.0,3.0,3.0,4.0,3.0,3.0,3.0,2.0,3.0,2.0,2.0,3.0,3.0,4.0,2.0,2.0,3.0,2.0,2.0,3.0,3.0,3.0,3.0,4.0,4.0,3.0,3.0,3.0,5.0,3.0,3.0,3.0,3.0,3.0,4.0,3.0,3.0,3.0,3.0,3.0,4.0,3.0,4.0,4.0,3.0,4.0,3.0,2.0,4.0,3.0,4.0,4.0,4.0,4.0,4.0,3.0,2.0,3.0,2.0,0.0,0.4,1.0,4.5,3.25,3.25,3.25,3.75,2.75,3.4583333333333335,3.0,4.0,3.8,3.0,3.45,3.75,4.5,4.75,3.25,4.0625,2.0,3.25,2.75,2.6666666666666665,2.375,2.375,2.6,2.6,3.3333333333333335,3.3333333333333335,3.25,3.25,3.5,3.5
R0164,ORG16,0,,499,1,32,4,2,0.5,5.4,1,0.0,3,2,1,5,291.0,1713,1,4.0,2.0,3.0,2.0,3.0,3.0,3.0,4.0,3.0,3.0,4.0,3.0,4.0,4.0,4.0,5.0,3.0,2.0,2.0,2.0,4.0,4.0,5.0,4.0,3.0,2.0,3.0,2.0,2.0,2.0,3.0,3.0,3.0,3.0,2.0,3.0,2.0,3.0,3.0,3.0,3.0,3.0,2.0,2.0,3.0,3.0,3.0,3.0,1.0,2.0,2.0,2.0,4.0,3.0,3.0,4.0,3.0,2.0,2.0,3.0,3.0,3.0,3.0,2.0,4.0,5.0,4.0,4.0,3.0,3.0,2.0,2.0,5.0,3.0,4.0,3.0,3.0,2.0,4.0,3.0,4.0,3.0,3.0,3.0,4.0,3.0,4.0,3.0,3.0,4.0,2.0,3.0,2.0,2.0,3.0,2.0,4.0,3.0,3.0,4.0,4.0,4.0,3.0,2.0,3.0,5.0,5.0,3.0,3.0,4.0,4.0,3.0,3.0,3.0,3.0,4.0,4.0,4.0,5.0,5.0,4.0,3.0,2.0,0.0,9.8,0.0,2.75,2.75,3.25,1.75,2.25,1.75,2.4166666666666665,2.4,2.8,2.6,2.6,2.6,3.0,1.75,3.5,2.5,2.6875,2.75,4.25,2.5,3.1666666666666665,3.625,3.625,3.4,3.4,3.3333333333333335,3.3333333333333335,3.0,3.0,2.25,2.25
R0165,ORG16,0,,537,1,29,3,1,1.7,2.0,0,1.0,2,1,1,6,135.0,1713,1,3.0,3.0,3.0,3.0,3.0,3.0,3.0,3.0,3.0,3.0,3.0,3.0,3.0,3.0,3.0,3.0,3.0,3.0,3.0,3.0,3.0,3.0,3.0,3.0,3.0,3.0,3.0,3.0,3.0,3.0,3.0,3.0,3.0,3.0,3.0,3.0,3.0,3.0,3.0,3.0,3.0,3.0,3.0,3.0,3.0,3.0,3.0,3.0,3.0,3.0,3.0,3.0,,3.0,3.0,3.0,3.0,3.0,3.0,3.0,3.0,,3.0,3.0,,3.0,3.0,3.0,3.0,3.0,3.0,3.0,3.0,3.0,3.0,3.0,3.0,3.0,3.0,3.0,3.0,3.0,3.0,3.0,3.0,3.0,3.0,3.0,3.0,3.0,3.0,3.0,3.0,3.0,3.0,3.0,3.0,3.0,4.0,2.0,2.0,2.0,2.0,3.0,2.0,4.0,5.0,4.0,3.0,3.0,4.0,4.0,3.0,4.0,,,,,,,,,,0.0,1.5,1.0,3.0,3.0,3.0,3.0,3.0,3.0,3.0,3.0,3.0,3.0,3.0,3.0,3.0,3.0,3.0,3.0,3.0,3.0,3.0,3.0,3.0,3.0,3.0,3.0,3.0,3.0,3.0,3.0,3.0,3.0,3.0
R0166,ORG16,0,,900,2,36,4,1,3.7,4.3,0,1.0,3,1,1,3,184.0,1713,1,4.0,3.0,3.0,5.0,2.0,3.0,2.0,3.0,4.0,4.0,4.0,5.0,2.0,3.0,3.0,3.0,4.0,3.0,3.0,4.0,2.0,1.0,2.0,2.0,3.0,3.0,5.0,4.0,3.0,3.0,4.0,4.0,3.0,3.0,4.0,4.0,3.0,4.0,3.0,3.0,2.0,2.0,2.0,2.0,2.0,3.0,2.0,3.0,4.0,3.0,2.0,4.0,4.0,3.0,4.0,4.0,4.0,3.0,4.0,2.0,2.0,2.0,4.0,3.0,3.0,4.0,4.0,4.0,3.0,4.0,3.0,4.0,2.0,3.0,4.0,4.0,3.0,2.0,4.0,3.0,3.0,3.0,4.0,4.0,3.0,4.0,4.0,3.0,4.0,2.0,3.0,3.0,3.0,4.0,1.0,2.0,4.0,4.0,3.0,4.0,3.0,3.0,3.0,4.0,3.0,5.0,4.0,4.0,4.0,5.0,4.0,2.0,3.0,2.0,4.0,3.0,4.0,4.0,4.0,4.0,3.0,2.0,2.0,0.0,12.7,1.0,3.75,3.5,4.25,3.25,3.5,4.25,3.75,3.6,3.4,3.6,2.2,3.2,2.5,3.25,3.75,3.25,3.1875,2.75,3.75,3.5,3.3333333333333335,3.375,3.375,3.4,3.4,3.6666666666666665,3.6666666666666665,3.0,3.0,2.5,2.5
R0167,ORG16,0,,1178,2,39,4,1,2.4,3.3,0,1.0,1,3,1,1,182.0,1713,1,5.0,3.0,3.0,3.0,3.0,4.0,3.0,2.0,4.0,4.0,3.0,3.0,3.0,2.0,2.0,3.0,3.0,4.0,5.0,3.0,3.0,2.0,3.0,3.0,5.0,4.0,4.0,4.0,5.0,3.0,2.0,3.0,3.0,3.0,4.0,4.0,3.0,3.0,2.0,4.0,3.0,4.0,4.0,4.0,2.0,2.0,3.0,2.0,3.0,2.0,3.0,3.0,4.0,3.0,3.0,2.0,2.0,2.0,4.0,2.0,4.0,4.0,3.0,3.0,4.0,3.0,3.0,5.0,3.0,2.0,3.0,4.0,4.0,3.0,3.0,5.0,3.0,2.0,,3.0,,5.0,5.0,5.0,5.0,1.0,1.0,1.0,4.0,4.0,4.0,4.0,3.0,3.0,3.0,2.0,4.0,4.0,3.0,4.0,4.0,4.0,1.0,1.0,2.0,4.0,3.0,4.0,3.0,2.0,3.0,2.0,2.0,2.0,2.0,3.0,4.0,3.0,2.0,3.0,3.0,3.0,3.0,0.0,32.5,0.0,3.5,3.0,3.5,3.5,3.75,3.25,3.4166666666666665,4.4,2.8,3.6,3.8,3.65,2.25,2.75,3.0,2.5,2.625,3.5,3.75,3.0,3.4166666666666665,3.5714285714285716,3.5714285714285716,5.0,5.0,1.0,1.0,4.0,4.0,2.75,2.75
R0168,ORG16,0,,540,2,26,5,1,10.5,12.9,2,0.0,2,2,1,4,,1713,1,4.0,4.0,4.0,4.0,2.0,3.0,3.0,2.0,5.0,4.0,4.0,4.0,1.0,2.0,1.0,3.0,4.0,4.0,3.0,3.0,3.0,3.0,3.0,2.0,3.0,5.0,5.0,5.0,4.0,5.0,4.0,5.0,5.0,5.0,5.0,5.0,4.0,4.0,1.0,4.0,3.0,3.0,3.0,2.0,3.0,4.0,4.0,3.0,4.0,4.0,4.0,4.0,5.0,4.0,4.0,5.0,5.0,5.0,5.0,5.0,5.0,3.0,5.0,5.0,5.0,5.0,5.0,5.0,4.0,3.0,5.0,5.0,4.0,4.0,5.0,4.0,4.0,2.0,5.0,5.0,5.0,5.0,5.0,5.0,5.0,2.0,2.0,2.0,5.0,4.0,5.0,5.0,4.0,2.0,1.0,3.0,5.0,5.0,5.0,4.0,5.0,5.0,3.0,4.0,2.0,4.0,4.0,4.0,5.0,5.0,5.0,2.0,3.0,4.0,3.0,3.0,3.0,3.0,3.0,4.0,2.0,3.0,2.0,0.0,25.1,0.0,4.0,3.5,4.25,4.25,3.5,3.25,3.7916666666666665,4.4,4.8,4.6,3.0,4.2,3.5,4.0,4.5,5.0,4.25,4.5,5.0,4.25,4.583333333333333,4.375,4.375,5.0,5.0,2.0,2.0,4.75,4.75,2.5,2.5
R0169,ORG16,0,,793,2,34,3,1,4.4,6.4,2,0.0,1,1,1,10,283.0,1713,1,4.0,4.0,3.0,4.0,3.0,3.0,3.0,3.0,3.0,4.0,3.0,4.0,3.0,3.0,3.0,4.0,4.0,4.0,4.0,3.0,3.0,3.0,3.0,4.0,3.0,3.0,4.0,4.0,4.0,3.0,4.0,4.0,4.0,4.0,4.0,3.0,2.0,3.0,2.0,4.0,4.0,5.0,5.0,5.0,3.0,3.0,4.0,3.0,3.0,3.0,4.0,3.0,3.0,4.0,3.0,3.0,4.0,4.0,3.0,4.0,3.0,4.0,3.0,3.0,4.0,4.0,3.0,3.0,3.0,4.0,3.0,1.0,4.0,4.0,5.0,3.0,4.0,2.0,3.0,5.0,2.0,3.0,2.0,3.0,3.0,4.0,4.0,3.0,4.0,4.0,5.0,3.0,3.0,3.0,3.0,4.0,3.0,3.0,3.0,4.0,4.0,3.0,3.0,3.0,3.0,3.0,5.0,5.0,4.0,4.0,4.0,4.0,2.0,3.0,4.0,3.0,3.0,4.0,5.0,4.0,3.0,4.0,5.0,0.0,8.0,1.0,3.75,3.0,3.5,2.75,3.75,2.75,3.25,3.6,3.8,3.2,4.6,3.8,3.25,3.25,3.25,3.75,3.375,3.25,3.5,2.75,3.1666666666666665,4.0,4.0,2.6,2.6,3.6666666666666665,3.6666666666666665,4.0,4.0,3.25,3.25
R0170,ORG16,0,,770,2,32,3,1,1.8,7.2,0,1.0,4,1,1,10,298.0,1713,1,5.0,5.0,3.0,3.0,3.0,1.0,2.0,2.0,4.0,4.0,3.0,3.0,2.0,3.0,3.0,3.0,3.0,5.0,4.0,5.0,2.0,2.0,2.0,3.0,5.0,4.0,4.0,5.0,3.0,4.0,5.0,5.0,4.0,4.0,4.0,5.0,4.0,5.0,2.0,5.0,5.0,3.0,4.0,4.0,4.0,4.0,5.0,4.0,4.0,4.0,3.0,3.0,2.0,2.0,2.0,2.0,5.0,4.0,4.0,4.0,3.0,4.0,4.0,3.0,4.0,4.0,3.0,4.0,3.0,3.0,3.0,4.0,2.0,2.0,1.0,1.0,1.0,3.0,2.0,1.0,4.0,4.0,4.0,4.0,4.0,,2.0,2.0,3.0,3.0,4.0,3.0,,3.0,5.0,3.0,4.0,4.0,3.0,3.0,4.0,4.0,2.0,1.0,2.0,3.0,4.0,3.0,5.0,3.0,4.0,2.0,2.0,3.0,5.0,3.0,3.0,5.0,5.0,3.0,2.0,2.0,2.0,0.0,29.3,0.0,4.0,4.0,3.5,3.25,4.25,3.75,3.7916666666666665,4.2,4.4,4.4,4.2,4.3,4.25,3.5,2.0,4.25,3.5,3.5,3.75,3.25,3.5,1.625,1.625,4.0,4.0,2.0,2.0,3.25,3.25,3.6666666666666665,3.6666666666666665
R0171,ORG16,0,,1054,2,33,3,2,3.1,7.3,2,1.0,1,1,1,7,340.0,1713,1,4.0,4.0,4.0,5.0,3.0,3.0,3.0,3.0,4.0,3.0,2.0,2.0,2.0,2.0,2.0,2.0,3.0,4.0,2.0,3.0,3.0,3.0,3.0,2.0,4.0,4.0,3.0,3.0,4.0,3.0,4.0,4.0,4.0,3.0,5.0,4.0,3.0,5.0,2.0,3.0,3.0,4.0,3.0,3.0,2.0,4.0,4.0,4.0,3.0,3.0,4.0,3.0,2.0,3.0,3.0,4.0,3.0,3.0,3.0,3.0,2.0,2.0,3.0,2.0,3.0,2.0,3.0,4.0,2.0,3.0,2.0,3.0,1.0,1.0,3.0,1.0,3.0,4.0,1.0,2.0,4.0,4.0,5.0,5.0,5.0,4.0,5.0,3.0,2.0,2.0,4.0,4.0,3.0,3.0,3.0,3.0,3.0,3.0,3.0,2.0,3.0,2.0,3.0,3.0,3.0,3.0,3.0,2.0,3.0,2.0,3.0,4.0,4.0,4.0,5.0,3.0,3.0,2.0,3.0,3.0,3.0,2.0,2.0,0.0,1.7,1.0,4.25,3.0,2.75,4.0,3.0,3.25,3.375,3.6,3.6,4.2,3.2,3.65,3.5,3.25,3.0,3.0,3.1875,2.25,3.0,2.5,2.5833333333333335,1.75,1.75,4.6,4.6000000000000005,4.0,4.0,3.0,3.0,3.0,3.0
R0172,ORG17,0,,394,1,35,4,1,2.1,3.8,2,2.0,2,1,1,9,307.0,2469,2,4.0,3.0,3.0,3.0,3.0,4.0,3.0,4.0,3.0,3.0,2.0,3.0,3.0,3.0,3.0,3.0,4.0,4.0,3.0,3.0,3.0,2.0,3.0,3.0,3.0,3.0,4.0,3.0,3.0,3.0,4.0,2.0,3.0,3.0,2.0,3.0,3.0,4.0,4.0,4.0,4.0,3.0,3.0,4.0,4.0,4.0,4.0,4.0,5.0,5.0,5.0,4.0,3.0,3.0,3.0,3.0,4.0,3.0,5.0,4.0,1.0,1.0,2.0,2.0,3.0,3.0,3.0,3.0,3.0,2.0,4.0,3.0,4.0,4.0,3.0,5.0,4.0,3.0,4.0,3.0,2.0,2.0,1.0,1.0,2.0,2.0,3.0,3.0,3.0,4.0,3.0,3.0,3.0,2.0,4.0,3.0,5.0,3.0,3.0,3.0,3.0,2.0,3.0,3.0,3.0,3.0,3.0,2.0,2.0,2.0,2.0,2.0,4.0,2.0,3.0,4.0,4.0,2.0,3.0,4.0,3.0,3.0,2.0,0.0,16.9,1.0,3.25,2.5,2.75,3.0,3.5,3.25,3.0416666666666665,3.2,3.0,2.8,3.6,3.15,4.0,4.75,3.0,4.0,3.9375,1.5,3.0,3.0,2.5,3.75,3.75,1.6,1.5999999999999999,2.6666666666666665,2.6666666666666665,3.25,3.25,3.0,3.0
R0173,ORG17,0,,2527,2,35,3,2,0.6,1.2,0,2.0,1,1,1,3,342.0,2469,2,4.0,4.0,3.0,4.0,1.0,1.0,3.0,2.0,4.0,5.0,2.0,4.0,3.0,3.0,2.0,3.0,3.0,4.0,3.0,4.0,3.0,2.0,3.0,3.0,4.0,5.0,3.0,4.0,3.0,5.0,4.0,5.0,5.0,4.0,5.0,5.0,5.0,4.0,1.0,4.0,4.0,4.0,4.0,4.0,3.0,3.0,4.0,4.0,4.0,4.0,4.0,4.0,3.0,3.0,4.0,3.0,3.0,3.0,3.0,4.0,5.0,5.0,5.0,3.0,4.0,5.0,5.0,4.0,4.0,3.0,4.0,3.0,4.0,3.0,5.0,4.0,4.0,1.0,5.0,5.0,2.0,2.0,1.0,1.0,2.0,3.0,3.0,3.0,3.0,4.0,4.0,4.0,3.0,4.0,2.0,3.0,4.0,4.0,5.0,4.0,4.0,5.0,3.0,3.0,4.0,3.0,4.0,2.0,3.0,3.0,3.0,2.0,4.0,3.0,3.0,5.0,2.0,3.0,4.0,3.0,3.0,4.0,3.0,0.0,7.7,1.0,3.75,4.25,3.75,3.25,3.5,3.25,3.625,3.8,4.6,4.8,4.0,4.3,3.5,4.0,3.25,3.25,3.5,4.5,4.5,3.5,4.166666666666667,4.375,4.375,1.6,1.5999999999999999,3.0,3.0,3.75,3.75,3.0,3.0
R0175,ORG17,0,,635,1,32,5,2,0.2,5.4,1,3.0,1,3,1,4,302.0,2469,2,3.0,3.0,3.0,3.0,2.0,2.0,4.0,,5.0,5.0,4.0,4.0,3.0,2.0,3.0,3.0,3.0,3.0,2.0,3.0,2.0,3.0,2.0,2.0,4.0,3.0,5.0,4.0,,3.0,3.0,4.0,2.0,4.0,5.0,4.0,4.0,3.0,2.0,3.0,4.0,4.0,3.0,5.0,3.0,5.0,3.0,3.0,3.0,3.0,3.0,3.0,4.0,3.0,3.0,4.0,3.0,2.0,5.0,3.0,4.0,3.0,5.0,4.0,3.0,3.0,2.0,3.0,4.0,4.0,4.0,4.0,3.0,3.0,4.0,4.0,3.0,2.0,3.0,4.0,2.0,2.0,4.0,1.0,1.0,3.0,3.0,2.0,1.0,1.0,2.0,2.0,2.0,4.0,3.0,5.0,4.0,3.0,4.0,3.0,2.0,2.0,3.0,3.0,3.0,3.0,5.0,4.0,4.0,4.0,4.0,2.0,3.0,3.0,2.0,3.0,3.0,4.0,4.0,4.0,3.0,4.0,2.0,1.0,17.1,1.0,3.0,3.3333333333333335,4.5,3.25,2.75,3.75,3.4347826086956523,4.0,3.2,4.0,3.8,3.736842105263158,3.5,3.0,3.5,3.25,3.3125,4.0,2.75,4.0,3.5833333333333335,3.5,3.5,2.0,2.0,2.6666666666666665,2.6666666666666665,1.5,1.5,3.5,3.5
R0176,ORG17,0,,1070,2,28,4,1,0.6,2.7,1,0.0,3,2,1,10,158.0,2469,2,5.0,4.0,4.0,4.0,3.0,3.0,3.0,4.0,2.0,3.0,2.0,2.0,4.0,3.0,4.0,2.0,3.0,4.0,4.0,3.0,3.0,3.0,3.0,4.0,2.0,3.0,3.0,2.0,3.0,3.0,4.0,3.0,3.0,3.0,4.0,3.0,2.0,3.0,4.0,4.0,4.0,4.0,4.0,4.0,4.0,4.0,3.0,4.0,3.0,4.0,4.0,4.0,3.0,4.0,4.0,3.0,4.0,4.0,3.0,3.0,4.0,3.0,3.0,4.0,3.0,5.0,4.0,3.0,5.0,4.0,4.0,4.0,3.0,2.0,4.0,3.0,4.0,2.0,2.0,4.0,1.0,2.0,1.0,1.0,1.0,3.0,3.0,2.0,4.0,4.0,4.0,4.0,5.0,4.0,4.0,4.0,4.0,4.0,2.0,4.0,3.0,5.0,2.0,3.0,3.0,,,,,,,,,,,,,,,,,,,0.0,24.4,0.0,4.25,2.75,2.25,2.75,3.5,2.75,3.0416666666666665,2.6,3.2,2.8,4.0,3.15,3.75,3.75,3.5,3.5,3.625,3.5,3.75,4.25,3.8333333333333335,3.25,3.25,1.2,1.2,2.6666666666666665,2.6666666666666665,4.0,4.0,4.25,4.25
R0177,ORG17,0,,3770,2,22,3,1,3.0,6.3,2,0.0,1,2,1,10,535.0,2469,2,4.0,4.0,2.0,4.0,3.0,4.0,3.0,3.0,2.0,3.0,3.0,3.0,2.0,3.0,3.0,3.0,4.0,2.0,3.0,3.0,4.0,3.0,3.0,4.0,3.0,4.0,2.0,3.0,3.0,3.0,3.0,4.0,4.0,4.0,3.0,4.0,3.0,4.0,4.0,3.0,3.0,4.0,3.0,3.0,4.0,3.0,4.0,3.0,2.0,2.0,4.0,2.0,3.0,2.0,3.0,4.0,4.0,4.0,5.0,3.0,3.0,4.0,3.0,4.0,4.0,,2.0,2.0,3.0,4.0,4.0,,2.0,1.0,2.0,3.0,3.0,2.0,2.0,4.0,1.0,2.0,2.0,3.0,1.0,3.0,3.0,3.0,3.0,2.0,2.0,4.0,4.0,3.0,4.0,2.0,2.0,3.0,3.0,3.0,3.0,4.0,3.0,3.0,3.0,3.0,4.0,2.0,3.0,3.0,4.0,3.0,3.0,3.0,3.0,1.0,3.0,4.0,4.0,3.0,4.0,4.0,3.0,1.0,12.5,1.0,3.5,2.75,2.75,3.25,3.0,2.5,2.9583333333333335,3.0,3.6,3.2,3.2,3.25,3.5,2.5,3.0,4.0,3.25,3.5,2.6666666666666665,3.6666666666666665,3.3,2.625,2.625,1.8,1.8,3.0,3.0,2.75,2.75,3.25,3.25
R0178,ORG17,0,,709,2,30,3,2,2.4,5.7,0,3.0,2,1,1,10,191.0,2469,2,4.0,3.0,4.0,3.0,4.0,3.0,4.0,4.0,4.0,4.0,4.0,3.0,4.0,4.0,4.0,5.0,3.0,4.0,2.0,2.0,4.0,4.0,3.0,5.0,3.0,3.0,3.0,2.0,3.0,3.0,2.0,4.0,2.0,5.0,3.0,3.0,3.0,2.0,4.0,3.0,4.0,3.0,3.0,3.0,4.0,3.0,5.0,3.0,2.0,4.0,3.0,2.0,3.0,3.0,2.0,3.0,3.0,3.0,4.0,2.0,2.0,2.0,4.0,2.0,3.0,2.0,3.0,2.0,4.0,2.0,3.0,3.0,1.0,3.0,3.0,2.0,3.0,3.0,3.0,2.0,4.0,3.0,3.0,3.0,3.0,3.0,3.0,3.0,4.0,3.0,4.0,3.0,3.0,2.0,3.0,2.0,3.0,3.0,3.0,3.0,4.0,3.0,2.0,3.0,4.0,4.0,4.0,4.0,2.0,3.0,3.0,4.0,3.0,3.0,3.0,3.0,3.0,3.0,4.0,2.0,2.0,2.0,2.0,0.0,21.1,1.0,3.5,2.25,3.75,1.75,2.75,2.0,2.6666666666666665,2.8,3.2,2.6,3.2,2.95,3.75,2.75,2.75,3.0,3.0625,2.5,2.5,3.0,2.6666666666666665,2.5,2.5,3.2,3.1999999999999997,3.0,3.0,3.5,3.5,2.5,2.5
R0180,ORG18,0,,1303,2,28,3,2,10.6,14.4,2,2.0,2,2,2,9,347.0,425,5,3.0,4.0,4.0,5.0,4.0,4.0,4.0,4.0,3.0,3.0,2.0,3.0,4.0,3.0,4.0,4.0,2.0,3.0,2.0,2.0,3.0,3.0,4.0,4.0,2.0,3.0,3.0,2.0,3.0,3.0,3.0,2.0,,4.0,2.0,3.0,2.0,3.0,4.0,2.0,3.0,2.0,1.0,2.0,3.0,2.0,3.0,3.0,3.0,2.0,2.0,2.0,2.0,4.0,2.0,2.0,2.0,2.0,2.0,2.0,2.0,2.0,3.0,2.0,2.0,3.0,3.0,3.0,2.0,3.0,4.0,2.0,2.0,3.0,3.0,2.0,3.0,4.0,4.0,3.0,2.0,3.0,2.0,2.0,2.0,5.0,5.0,5.0,3.0,3.0,4.0,4.0,2.0,4.0,3.0,5.0,3.0,3.0,2.0,2.0,2.0,2.0,5.0,5.0,5.0,2.0,3.0,2.0,2.0,3.0,4.0,5.0,5.0,5.0,3.0,4.0,4.0,2.0,3.0,2.0,3.0,4.0,4.0,0.0,2.3,1.0,4.0,2.0,2.75,2.25,2.25,2.5,2.625,2.6,3.0,2.4,2.0,2.473684210526316,2.75,2.25,2.5,2.0,2.375,2.25,2.75,2.75,2.5833333333333335,2.75,2.75,2.2,2.1999999999999997,5.0,5.0,3.5,3.5,3.5,3.5
R0181,ORG18,0,,797,1,27,3,2,6.8,7.8,1,4.0,1,1,2,1,169.0,425,5,2.0,3.0,3.0,2.0,3.0,2.0,3.0,3.0,2.0,2.0,3.0,1.0,3.0,3.0,3.0,2.0,3.0,3.0,2.0,3.0,3.0,3.0,3.0,2.0,4.0,4.0,4.0,4.0,3.0,4.0,4.0,3.0,3.0,4.0,3.0,4.0,3.0,4.0,3.0,3.0,5.0,3.0,3.0,4.0,3.0,3.0,2.0,3.0,4.0,4.0,2.0,3.0,4.0,4.0,4.0,5.0,3.0,2.0,3.0,2.0,2.0,4.0,2.0,3.0,3.0,3.0,3.0,3.0,3.0,2.0,3.0,1.0,4.0,4.0,5.0,3.0,4.0,4.0,3.0,3.0,4.0,4.0,4.0,5.0,3.0,4.0,5.0,4.0,2.0,2.0,2.0,1.0,4.0,2.0,3.0,4.0,3.0,3.0,3.0,2.0,3.0,3.0,3.0,3.0,4.0,3.0,3.0,2.0,3.0,2.0,3.0,4.0,5.0,4.0,4.0,5.0,4.0,3.0,3.0,3.0,3.0,4.0,2.0,0.0,11.5,0.0,2.5,3.25,2.0,3.25,2.75,3.25,2.8333333333333335,3.8,3.6,3.4,3.6,3.6,2.75,3.25,4.25,2.5,3.1875,2.75,3.0,2.25,2.6666666666666665,3.5,3.5,4.0,4.0,4.333333333333333,4.333333333333333,1.75,1.75,3.25,3.25
R0183,ORG18,0,,230,1,32,2,2,3.3,5.0,2,0.0,1,2,1,4,376.0,425,5,4.0,2.0,3.0,3.0,3.0,5.0,4.0,4.0,4.0,2.0,2.0,3.0,3.0,3.0,2.0,3.0,3.0,3.0,3.0,3.0,3.0,3.0,3.0,4.0,3.0,3.0,3.0,3.0,2.0,2.0,2.0,4.0,4.0,4.0,4.0,3.0,4.0,3.0,4.0,2.0,4.0,2.0,2.0,2.0,3.0,2.0,1.0,3.0,4.0,4.0,3.0,3.0,3.0,3.0,3.0,3.0,3.0,3.0,2.0,2.0,3.0,3.0,2.0,3.0,2.0,3.0,3.0,3.0,3.0,3.0,3.0,3.0,3.0,4.0,3.0,4.0,3.0,2.0,2.0,3.0,2.0,3.0,4.0,3.0,3.0,4.0,5.0,5.0,3.0,3.0,4.0,3.0,4.0,3.0,4.0,2.0,3.0,3.0,3.0,3.0,2.0,3.0,5.0,4.0,4.0,3.0,4.0,3.0,3.0,2.0,3.0,4.0,2.0,3.0,3.0,4.0,3.0,3.0,3.0,2.0,4.0,3.0,3.0,1.0,8.9,1.0,3.0,2.0,2.75,3.25,3.0,2.75,2.7916666666666665,2.8,3.2,3.2,2.4,2.9,2.25,3.5,3.0,2.5,2.8125,2.75,2.75,3.0,2.8333333333333335,3.25,3.25,3.0,3.0,4.666666666666667,4.666666666666667,3.25,3.25,3.25,3.25
R0184,ORG18,0,,2010,1,34,3,2,3.6,4.5,0,2.0,1,1,1,3,302.0,425,5,4.0,3.0,2.0,4.0,4.0,3.0,4.0,4.0,2.0,2.0,2.0,3.0,5.0,3.0,4.0,4.0,1.0,3.0,2.0,3.0,4.0,5.0,2.0,4.0,3.0,3.0,3.0,3.0,4.0,3.0,4.0,4.0,4.0,3.0,3.0,3.0,3.0,3.0,2.0,3.0,4.0,3.0,3.0,3.0,2.0,2.0,3.0,3.0,2.0,2.0,3.0,3.0,2.0,2.0,2.0,1.0,4.0,4.0,4.0,4.0,2.0,3.0,3.0,3.0,4.0,4.0,4.0,3.0,3.0,3.0,4.0,4.0,2.0,2.0,3.0,3.0,3.0,5.0,3.0,1.0,5.0,3.0,4.0,5.0,3.0,4.0,4.0,4.0,3.0,3.0,3.0,3.0,4.0,2.0,2.0,2.0,2.0,3.0,3.0,4.0,4.0,4.0,3.0,4.0,3.0,2.0,4.0,3.0,3.0,3.0,4.0,3.0,3.0,3.0,,,,,,,,,,0.0,11.8,0.0,3.25,2.25,2.25,2.0,2.25,2.25,2.375,3.2,3.6,3.2,3.2,3.3,2.5,2.5,1.75,4.0,2.6875,2.75,3.75,3.5,3.3333333333333335,2.25,2.25,4.0,4.0,4.0,4.0,3.0,3.0,2.5,2.5
R0185,ORG18,0,,1009,2,37,3,1,2.6,4.0,1,1.0,1,1,1,10,341.0,425,5,4.0,4.0,4.0,4.0,4.0,4.0,4.0,4.0,4.0,4.0,4.0,4.0,4.0,4.0,4.0,4.0,4.0,4.0,4.0,4.0,4.0,4.0,4.0,4.0,4.0,4.0,4.0,,4.0,4.0,4.0,4.0,4.0,4.0,4.0,4.0,4.0,4.0,4.0,4.0,4.0,4.0,4.0,4.0,4.0,4.0,4.0,4.0,4.0,4.0,4.0,4.0,4.0,4.0,4.0,4.0,4.0,4.0,4.0,4.0,4.0,4.0,4.0,4.0,4.0,4.0,4.0,4.0,4.0,4.0,4.0,4.0,4.0,4.0,4.0,4.0,4.0,4.0,4.0,4.0,4.0,4.0,4.0,4.0,4.0,4.0,4.0,4.0,4.0,4.0,4.0,4.0,4.0,4.0,4.0,4.0,3.0,4.0,4.0,3.0,3.0,4.0,2.0,1.0,3.0,2.0,4.0,2.0,4.0,3.0,4.0,3.0,3.0,3.0,4.0,3.0,3.0,4.0,4.0,4.0,4.0,3.0,3.0,0.0,2.7,1.0,4.0,2.0,4.0,2.0,4.0,2.0,3.0,4.0,4.0,3.6,4.0,3.8947368421052633,4.0,4.0,4.0,4.0,4.0,4.0,4.0,4.0,4.0,3.75,3.75,4.0,4.0,4.0,4.0,4.0,4.0,4.0,4.0
R0186,ORG18,0,,331,2,31,3,1,3.5,5.9,2,1.0,2,1,2,4,209.0,425,5,4.0,3.0,3.0,3.0,4.0,3.0,3.0,3.0,3.0,3.0,3.0,3.0,3.0,,3.0,3.0,3.0,5.0,4.0,4.0,2.0,2.0,4.0,3.0,3.0,2.0,3.0,4.0,2.0,3.0,4.0,3.0,3.0,4.0,4.0,4.0,4.0,3.0,2.0,3.0,3.0,4.0,3.0,3.0,3.0,4.0,3.0,4.0,3.0,2.0,2.0,3.0,4.0,4.0,2.0,3.0,3.0,3.0,3.0,3.0,2.0,4.0,4.0,4.0,4.0,3.0,5.0,5.0,5.0,4.0,4.0,3.0,4.0,2.0,4.0,4.0,4.0,2.0,4.0,5.0,3.0,4.0,4.0,4.0,3.0,3.0,3.0,4.0,4.0,2.0,3.0,4.0,2.0,3.0,3.0,3.0,3.0,3.0,2.0,3.0,4.0,4.0,4.0,4.0,4.0,,,,,,,,,,,,,,,,,,,0.0,13.0,1.0,3.25,2.75,3.0,3.0,4.0,3.25,3.217391304347826,2.8,3.4,3.8,3.2,3.3,3.5,2.5,3.25,3.0,3.0625,3.5,4.25,4.0,3.9166666666666665,3.875,3.875,3.6,3.6,3.3333333333333335,3.3333333333333335,3.25,3.25,2.75,2.75
R0187,ORG18,0,,894,2,27,3,2,0.1,6.1,1,2.0,1,1,1,4,,425,5,2.0,3.0,2.0,3.0,2.0,4.0,4.0,4.0,3.0,3.0,4.0,3.0,4.0,4.0,5.0,5.0,4.0,4.0,3.0,2.0,4.0,4.0,3.0,5.0,1.0,2.0,2.0,3.0,2.0,3.0,2.0,5.0,3.0,2.0,3.0,2.0,3.0,4.0,4.0,3.0,4.0,3.0,3.0,4.0,2.0,2.0,2.0,2.0,2.0,3.0,2.0,2.0,2.0,2.0,2.0,3.0,2.0,2.0,4.0,2.0,2.0,3.0,2.0,3.0,4.0,3.0,2.0,3.0,4.0,4.0,3.0,2.0,1.0,2.0,2.0,3.0,2.0,4.0,2.0,2.0,4.0,3.0,4.0,4.0,4.0,5.0,5.0,5.0,2.0,2.0,3.0,2.0,5.0,2.0,3.0,4.0,2.0,2.0,2.0,3.0,2.0,3.0,5.0,5.0,5.0,1.0,3.0,3.0,4.0,4.0,3.0,4.0,4.0,4.0,2.0,2.0,2.0,2.0,3.0,4.0,5.0,5.0,5.0,1.0,7.0,1.0,2.5,2.5,3.25,1.5,3.25,2.0,2.5,2.0,3.0,2.8,3.4,2.8,2.0,2.25,2.25,2.5,2.25,2.5,3.0,3.25,2.9166666666666665,2.0,2.0,3.8,3.8000000000000003,5.0,5.0,2.25,2.25,3.5,3.5
R0188,ORG18,0,,813,2,28,3,2,2.7,4.9,1,1.0,1,1,1,10,227.0,425,5,4.0,3.0,3.0,3.0,3.0,3.0,3.0,2.0,4.0,3.0,3.0,3.0,3.0,3.0,2.0,3.0,3.0,2.0,3.0,2.0,4.0,4.0,3.0,4.0,2.0,3.0,4.0,4.0,3.0,4.0,4.0,4.0,3.0,3.0,3.0,3.0,2.0,2.0,2.0,2.0,3.0,2.0,4.0,2.0,5.0,3.0,5.0,3.0,4.0,4.0,5.0,4.0,4.0,3.0,3.0,3.0,3.0,3.0,2.0,4.0,5.0,3.0,5.0,4.0,3.0,4.0,4.0,5.0,4.0,4.0,4.0,4.0,2.0,2.0,3.0,3.0,2.0,3.0,4.0,3.0,4.0,4.0,2.0,3.0,3.0,3.0,3.0,3.0,4.0,3.0,3.0,4.0,2.0,2.0,4.0,3.0,3.0,4.0,3.0,4.0,3.0,4.0,3.0,3.0,3.0,4.0,3.0,3.0,3.0,4.0,2.0,3.0,3.0,3.0,2.0,3.0,3.0,4.0,4.0,4.0,2.0,2.0,4.0,0.0,24.4,0.0,3.25,3.25,3.25,3.25,2.5,2.25,2.9583333333333335,3.2,3.6,2.8,2.6,3.05,4.0,4.25,3.25,3.0,3.625,4.25,4.0,4.0,4.083333333333333,2.75,2.75,3.2,3.1999999999999997,3.0,3.0,3.5,3.5,2.75,2.75
R0189,ORG18,0,,1637,1,27,3,2,0.5,1.9,1,1.0,1,1,1,10,253.0,425,5,3.0,4.0,3.0,4.0,3.0,3.0,3.0,3.0,4.0,4.0,3.0,3.0,2.0,1.0,2.0,2.0,4.0,3.0,4.0,3.0,3.0,3.0,3.0,3.0,2.0,2.0,3.0,3.0,3.0,3.0,3.0,4.0,3.0,3.0,3.0,2.0,3.0,4.0,3.0,4.0,3.0,4.0,3.0,4.0,3.0,2.0,2.0,3.0,3.0,2.0,2.0,2.0,4.0,4.0,3.0,3.0,4.0,4.0,3.0,3.0,3.0,4.0,3.0,3.0,3.0,3.0,4.0,2.0,3.0,4.0,2.0,3.0,4.0,3.0,4.0,3.0,3.0,4.0,4.0,3.0,4.0,4.0,2.0,3.0,3.0,4.0,3.0,4.0,2.0,2.0,3.0,3.0,4.0,3.0,3.0,3.0,4.0,3.0,5.0,2.0,2.0,1.0,4.0,4.0,3.0,3.0,3.0,4.0,2.0,1.0,3.0,4.0,4.0,4.0,4.0,4.0,5.0,2.0,3.0,4.0,4.0,4.0,4.0,1.0,13.4,0.0,3.5,3.0,3.5,4.25,3.5,3.0,3.4583333333333335,2.6,3.2,3.0,3.6,3.1,2.5,2.25,3.5,3.5,2.9375,3.25,3.0,3.0,3.0833333333333335,3.25,3.25,3.2,3.1999999999999997,3.6666666666666665,3.6666666666666665,2.5,2.5,3.25,3.25
R0190,ORG18,0,,1082,1,31,3,1,8.4,9.7,1,1.0,1,2,1,1,119.0,425,5,4.0,3.0,2.0,3.0,3.0,4.0,3.0,3.0,3.0,4.0,3.0,3.0,4.0,4.0,5.0,4.0,4.0,3.0,3.0,2.0,3.0,2.0,2.0,2.0,4.0,5.0,4.0,4.0,3.0,4.0,4.0,4.0,4.0,2.0,3.0,4.0,3.0,4.0,2.0,5.0,4.0,5.0,3.0,4.0,2.0,3.0,2.0,3.0,3.0,3.0,4.0,3.0,4.0,2.0,3.0,3.0,4.0,3.0,3.0,4.0,2.0,4.0,3.0,3.0,3.0,4.0,2.0,3.0,4.0,2.0,4.0,4.0,3.0,4.0,3.0,3.0,3.0,2.0,4.0,3.0,2.0,3.0,4.0,4.0,3.0,4.0,5.0,4.0,2.0,2.0,3.0,3.0,2.0,2.0,3.0,3.0,3.0,3.0,4.0,3.0,3.0,3.0,4.0,4.0,3.0,2.0,2.0,2.0,2.0,2.0,2.0,3.0,4.0,4.0,,,,,,,,,,0.0,3.0,1.0,3.0,2.75,3.25,1.75,3.0,3.75,2.9166666666666665,4.0,3.6,3.6,4.2,3.85,2.5,3.25,3.0,3.5,3.0625,3.0,3.0,3.5,3.1666666666666665,3.375,3.375,3.2,3.1999999999999997,4.333333333333333,4.333333333333333,2.5,2.5,2.5,2.5
R0191,ORG18,0,,565,1,30,3,1,0.2,2.7,1,2.0,1,1,1,10,169.0,425,5,3.0,3.0,3.0,3.0,3.0,3.0,4.0,4.0,2.0,2.0,2.0,3.0,3.0,3.0,4.0,4.0,4.0,2.0,3.0,3.0,4.0,4.0,4.0,5.0,1.0,3.0,3.0,3.0,2.0,3.0,3.0,2.0,3.0,2.0,2.0,1.0,1.0,2.0,4.0,2.0,3.0,3.0,2.0,3.0,4.0,3.0,3.0,3.0,2.0,3.0,3.0,3.0,3.0,3.0,4.0,4.0,3.0,3.0,5.0,4.0,5.0,5.0,5.0,3.0,4.0,5.0,4.0,4.0,3.0,2.0,3.0,3.0,3.0,2.0,3.0,1.0,2.0,4.0,2.0,3.0,3.0,2.0,4.0,3.0,2.0,4.0,3.0,3.0,4.0,4.0,5.0,4.0,4.0,5.0,5.0,4.0,5.0,3.0,3.0,3.0,3.0,4.0,3.0,4.0,2.0,3.0,4.0,5.0,3.0,3.0,5.0,4.0,3.0,3.0,5.0,4.0,4.0,4.0,4.0,4.0,2.0,3.0,3.0,0.0,22.3,1.0,3.0,2.5,2.25,2.5,3.0,1.75,2.5,2.4,2.6,1.6,2.6,2.3,3.25,2.75,3.5,3.75,3.3125,4.5,4.25,2.75,3.8333333333333335,2.25,2.25,2.8,2.8000000000000003,3.3333333333333335,3.3333333333333335,4.25,4.25,4.5,4.5
R0192,ORG19,0,,1534,1,35,3,1,3.2,3.2,2,1.0,1,1,1,5,443.0,2362,5,3.0,3.0,3.0,3.0,4.0,5.0,3.0,5.0,2.0,2.0,2.0,3.0,4.0,4.0,3.0,4.0,2.0,2.0,1.0,2.0,3.0,4.0,3.0,3.0,3.0,3.0,3.0,2.0,2.0,3.0,3.0,2.0,2.0,4.0,2.0,2.0,3.0,3.0,3.0,2.0,,3.0,3.0,2.0,3.0,2.0,2.0,2.0,2.0,2.0,2.0,1.0,2.0,2.0,2.0,1.0,2.0,2.0,2.0,1.0,2.0,2.0,2.0,3.0,2.0,1.0,2.0,1.0,3.0,4.0,2.0,2.0,4.0,3.0,3.0,2.0,2.0,4.0,2.0,2.0,2.0,3.0,2.0,3.0,3.0,3.0,3.0,3.0,3.0,4.0,4.0,3.0,4.0,3.0,4.0,5.0,2.0,2.0,2.0,2.0,1.0,2.0,3.0,4.0,3.0,2.0,1.0,3.0,3.0,3.0,3.0,3.0,3.0,3.0,3.0,2.0,3.0,1.0,2.0,1.0,2.0,3.0,2.0,1.0,10.5,1.0,3.0,1.75,2.25,2.25,1.75,2.75,2.2916666666666665,2.6,2.8,2.6,2.5,2.6315789473684212,2.25,1.75,1.75,1.75,1.875,2.25,1.5,2.75,2.1666666666666665,2.5,2.5,2.6,2.6,3.0,3.0,3.5,3.5,4.0,4.0
R0193,ORG19,0,,1121,2,28,4,1,2.2,3.2,4,0.0,1,1,1,7,290.0,2362,5,4.0,4.0,4.0,4.0,2.0,3.0,4.0,4.0,3.0,4.0,3.0,3.0,3.0,4.0,4.0,4.0,3.0,5.0,4.0,3.0,3.0,4.0,3.0,2.0,3.0,3.0,2.0,3.0,2.0,3.0,2.0,3.0,2.0,4.0,2.0,3.0,2.0,2.0,3.0,3.0,3.0,3.0,4.0,4.0,5.0,3.0,3.0,3.0,3.0,2.0,2.0,3.0,2.0,2.0,2.0,3.0,4.0,4.0,3.0,4.0,2.0,3.0,3.0,4.0,4.0,4.0,4.0,4.0,4.0,4.0,5.0,3.0,4.0,3.0,3.0,2.0,3.0,4.0,2.0,4.0,3.0,2.0,2.0,,3.0,2.0,3.0,2.0,3.0,4.0,3.0,4.0,4.0,3.0,3.0,4.0,4.0,4.0,3.0,3.0,3.0,3.0,4.0,3.0,3.0,4.0,4.0,4.0,4.0,3.0,3.0,3.0,3.0,4.0,4.0,3.0,3.0,3.0,3.0,3.0,3.0,3.0,2.0,0.0,3.0,1.0,4.0,2.75,3.25,2.25,3.75,3.0,3.1666666666666665,2.6,2.8,2.4,3.4,2.8,3.5,2.5,2.25,3.75,3.0,3.0,4.0,4.0,3.6666666666666665,2.875,2.875,2.5,2.5,2.3333333333333335,2.3333333333333335,3.5,3.5,3.5,3.5
R0194,ORG19,0,,1109,1,29,3,1,4.1,7.0,1,2.0,1,1,2,7,167.0,2362,5,4.0,3.0,5.0,3.0,3.0,4.0,3.0,4.0,2.0,3.0,2.0,3.0,4.0,3.0,4.0,4.0,2.0,4.0,3.0,3.0,4.0,4.0,3.0,3.0,2.0,4.0,4.0,3.0,3.0,2.0,3.0,4.0,3.0,3.0,3.0,3.0,4.0,3.0,4.0,4.0,4.0,4.0,4.0,3.0,3.0,3.0,3.0,3.0,4.0,4.0,3.0,4.0,3.0,3.0,3.0,4.0,3.0,2.0,4.0,4.0,3.0,3.0,2.0,4.0,5.0,4.0,4.0,3.0,4.0,4.0,3.0,4.0,3.0,3.0,3.0,3.0,2.0,3.0,3.0,2.0,3.0,2.0,3.0,2.0,2.0,2.0,3.0,2.0,4.0,4.0,3.0,4.0,3.0,3.0,3.0,2.0,3.0,3.0,4.0,4.0,4.0,4.0,2.0,3.0,3.0,3.0,3.0,2.0,3.0,3.0,3.0,3.0,4.0,3.0,3.0,3.0,3.0,3.0,3.0,3.0,4.0,3.0,3.0,0.0,21.9,0.0,3.75,2.5,2.5,2.25,3.0,2.5,2.75,3.2,3.0,3.0,3.8,3.25,3.0,3.75,3.25,3.25,3.3125,3.0,4.0,3.75,3.5833333333333335,2.75,2.75,2.4,2.4,2.3333333333333335,2.3333333333333335,3.75,3.75,2.75,2.75
R0195,ORG19,0,,944,2,26,3,2,5.2,7.1,0,1.0,1,1,1,1,176.0,2362,5,3.0,4.0,4.0,5.0,3.0,2.0,3.0,3.0,5.0,5.0,3.0,4.0,4.0,4.0,5.0,5.0,3.0,3.0,3.0,3.0,3.0,2.0,4.0,3.0,2.0,4.0,4.0,2.0,4.0,,3.0,4.0,3.0,3.0,4.0,4.0,2.0,4.0,3.0,3.0,4.0,4.0,3.0,3.0,4.0,4.0,5.0,4.0,4.0,4.0,3.0,3.0,3.0,,4.0,3.0,3.0,2.0,2.0,5.0,4.0,4.0,5.0,3.0,3.0,4.0,3.0,4.0,3.0,3.0,5.0,4.0,5.0,4.0,5.0,5.0,5.0,3.0,5.0,5.0,1.0,1.0,2.0,2.0,2.0,4.0,5.0,3.0,4.0,4.0,5.0,5.0,3.0,4.0,4.0,3.0,3.0,4.0,3.0,4.0,3.0,2.0,3.0,4.0,4.0,3.0,3.0,3.0,4.0,4.0,5.0,4.0,3.0,4.0,,,,,,,,,,0.0,0.9,1.0,4.0,3.25,4.25,1.5,3.0,3.0,3.1666666666666665,3.2,3.25,3.4,3.4,3.3157894736842106,4.25,3.5,3.3333333333333335,3.0,3.533333333333333,4.0,3.5,3.75,3.75,4.625,4.625,1.6,1.5999999999999999,4.0,4.0,4.5,4.5,3.5,3.5
R0196,ORG19,0,,745,2,32,4,2,5.4,5.8,1,1.0,3,1,1,2,416.0,2362,5,3.0,4.0,3.0,3.0,3.0,4.0,4.0,5.0,3.0,2.0,1.0,3.0,4.0,4.0,5.0,3.0,3.0,3.0,3.0,3.0,4.0,5.0,3.0,4.0,2.0,3.0,2.0,1.0,1.0,2.0,3.0,4.0,3.0,2.0,2.0,2.0,3.0,2.0,3.0,2.0,2.0,2.0,1.0,1.0,3.0,4.0,3.0,3.0,3.0,3.0,2.0,1.0,3.0,3.0,5.0,3.0,3.0,3.0,4.0,3.0,4.0,3.0,5.0,4.0,3.0,2.0,3.0,4.0,3.0,3.0,4.0,3.0,3.0,5.0,4.0,4.0,3.0,1.0,4.0,3.0,2.0,3.0,3.0,2.0,3.0,2.0,3.0,2.0,3.0,2.0,3.0,3.0,3.0,2.0,5.0,3.0,3.0,2.0,2.0,3.0,2.0,3.0,2.0,2.0,1.0,3.0,3.0,3.0,3.0,3.0,5.0,1.0,2.0,3.0,,,,,,,,,,0.0,32.7,1.0,3.25,2.0,2.25,2.0,3.0,2.0,2.4166666666666665,1.8,2.8,2.4,1.6,2.15,3.25,2.25,3.5,3.25,3.0625,4.0,3.0,3.25,3.4166666666666665,3.875,3.875,2.6,2.6,2.3333333333333335,2.3333333333333335,2.75,2.75,3.25,3.25
R0197,ORG19,0,,627,1,31,1,2,3.1,3.9,0,,2,1,2,10,,2362,5,3.0,3.0,4.0,3.0,2.0,3.0,3.0,3.0,3.0,2.0,4.0,2.0,3.0,3.0,3.0,3.0,5.0,4.0,4.0,3.0,1.0,2.0,1.0,2.0,4.0,4.0,4.0,5.0,5.0,4.0,3.0,5.0,4.0,4.0,4.0,3.0,4.0,3.0,3.0,4.0,4.0,3.0,4.0,3.0,5.0,5.0,5.0,5.0,5.0,4.0,3.0,4.0,5.0,4.0,4.0,4.0,5.0,5.0,5.0,5.0,3.0,4.0,3.0,1.0,4.0,4.0,5.0,4.0,3.0,4.0,4.0,3.0,5.0,5.0,5.0,5.0,5.0,2.0,5.0,5.0,2.0,3.0,3.0,3.0,4.0,3.0,5.0,3.0,5.0,4.0,4.0,3.0,3.0,2.0,2.0,4.0,3.0,4.0,3.0,4.0,3.0,4.0,4.0,3.0,3.0,3.0,4.0,3.0,2.0,3.0,2.0,4.0,4.0,5.0,,,,,,,,,,0.0,4.5,1.0,3.25,3.25,2.75,3.0,4.0,4.5,3.4583333333333335,4.4,4.0,3.4,3.6,3.85,5.0,4.0,4.25,5.0,4.5625,2.75,4.25,3.5,3.5,4.875,4.875,3.0,3.0,3.6666666666666665,3.6666666666666665,4.0,4.0,2.75,2.75
R0198,ORG20,0,,743,1,38,3,1,10.7,12.4,3,0.0,3,1,1,6,268.0,1711,1,5.0,4.0,3.0,4.0,4.0,5.0,4.0,4.0,3.0,3.0,2.0,3.0,4.0,4.0,2.0,,3.0,3.0,4.0,4.0,3.0,3.0,3.0,3.0,2.0,4.0,3.0,3.0,3.0,2.0,3.0,2.0,3.0,1.0,3.0,3.0,3.0,3.0,4.0,3.0,3.0,3.0,3.0,3.0,4.0,4.0,5.0,4.0,2.0,3.0,3.0,3.0,3.0,2.0,3.0,3.0,4.0,4.0,3.0,4.0,5.0,4.0,3.0,2.0,4.0,4.0,3.0,3.0,2.0,4.0,3.0,3.0,2.0,2.0,3.0,4.0,3.0,4.0,2.0,4.0,2.0,3.0,2.0,2.0,3.0,4.0,3.0,2.0,4.0,3.0,5.0,4.0,4.0,2.0,2.0,2.0,4.0,3.0,5.0,3.0,3.0,3.0,2.0,3.0,4.0,4.0,2.0,1.0,3.0,4.0,3.0,3.0,4.0,3.0,3.0,3.0,3.0,3.0,3.0,1.0,5.0,4.0,2.0,1.0,6.3,1.0,4.0,1.75,2.75,2.6666666666666665,3.5,3.0,2.9565217391304346,3.0,2.2,2.8,3.0,2.75,4.25,2.75,2.75,3.75,3.375,3.5,3.5,3.0,3.3333333333333335,2.75,2.75,2.4,2.4,3.0,3.0,4.0,4.0,2.5,2.5
R0199,ORG20,0,,905,1,29,2,1,1.0,1.1,3,1.0,1,3,1,5,126.0,1711,1,3.0,3.0,3.0,3.0,3.0,3.0,3.0,3.0,3.0,3.0,3.0,3.0,3.0,3.0,3.0,3.0,3.0,3.0,3.0,3.0,3.0,3.0,3.0,3.0,3.0,3.0,3.0,3.0,3.0,3.0,3.0,3.0,3.0,3.0,3.0,3.0,3.0,3.0,3.0,3.0,3.0,3.0,3.0,3.0,3.0,3.0,3.0,3.0,3.0,3.0,3.0,3.0,3.0,3.0,3.0,3.0,3.0,3.0,3.0,3.0,3.0,3.0,3.0,3.0,3.0,3.0,3.0,3.0,3.0,3.0,3.0,3.0,3.0,3.0,3.0,3.0,3.0,3.0,3.0,3.0,3.0,3.0,3.0,3.0,3.0,3.0,3.0,3.0,3.0,3.0,3.0,3.0,3.0,3.0,3.0,3.0,2.0,4.0,2.0,3.0,2.0,3.0,3.0,3.0,4.0,3.0,3.0,2.0,2.0,3.0,3.0,3.0,3.0,4.0,3.0,2.0,2.0,1.0,2.0,2.0,3.0,5.0,5.0,1.0,6.8,1.0,3.0,3.0,3.0,3.0,3.0,3.0,3.0,3.0,3.0,3.0,3.0,3.0,3.0,3.0,3.0,3.0,3.0,3.0,3.0,3.0,3.0,3.0,3.0,3.0,3.0,3.0,3.0,3.0,3.0,3.0,3.0
R0201,ORG20,0,,689,1,33,3,1,5.8,8.1,2,0.0,1,1,1,1,357.0,1711,1,3.0,2.0,3.0,3.0,3.0,4.0,3.0,3.0,3.0,4.0,4.0,3.0,3.0,3.0,3.0,4.0,4.0,3.0,5.0,4.0,3.0,4.0,3.0,4.0,4.0,4.0,3.0,4.0,4.0,3.0,3.0,5.0,3.0,4.0,4.0,4.0,4.0,4.0,3.0,4.0,4.0,3.0,4.0,4.0,3.0,4.0,3.0,3.0,2.0,4.0,4.0,4.0,3.0,4.0,4.0,4.0,3.0,3.0,4.0,2.0,4.0,4.0,4.0,4.0,4.0,4.0,4.0,4.0,5.0,3.0,4.0,3.0,4.0,4.0,3.0,3.0,1.0,4.0,2.0,3.0,3.0,3.0,3.0,4.0,3.0,3.0,4.0,3.0,5.0,4.0,4.0,4.0,4.0,2.0,3.0,3.0,4.0,4.0,4.0,4.0,4.0,3.0,3.0,4.0,3.0,2.0,4.0,1.0,4.0,4.0,5.0,4.0,3.0,4.0,3.0,3.0,2.0,4.0,4.0,3.0,2.0,3.0,2.0,0.0,4.6,1.0,2.75,2.75,3.5,2.75,4.0,2.5,3.0416666666666665,3.8,3.6,3.8,3.8,3.75,3.25,3.5,3.75,3.0,3.375,4.0,4.0,3.75,3.9166666666666665,2.75,2.75,3.2,3.1999999999999997,3.3333333333333335,3.3333333333333335,4.25,4.25,3.0,3.0
R0202,ORG20,0,,730,1,26,2,1,0.5,2.7,0,0.0,1,1,1,6,124.0,1711,1,2.0,3.0,3.0,3.0,4.0,2.0,3.0,3.0,4.0,5.0,4.0,4.0,3.0,3.0,3.0,3.0,4.0,3.0,3.0,2.0,3.0,3.0,3.0,3.0,3.0,4.0,2.0,3.0,2.0,2.0,2.0,2.0,3.0,3.0,2.0,2.0,2.0,2.0,3.0,3.0,3.0,3.0,3.0,3.0,2.0,2.0,4.0,2.0,3.0,4.0,3.0,3.0,2.0,1.0,2.0,1.0,3.0,2.0,2.0,2.0,4.0,2.0,3.0,1.0,3.0,2.0,2.0,3.0,3.0,2.0,2.0,1.0,2.0,2.0,2.0,3.0,1.0,3.0,1.0,4.0,1.0,1.0,3.0,1.0,1.0,2.0,5.0,3.0,4.0,3.0,3.0,3.0,4.0,3.0,3.0,2.0,3.0,4.0,3.0,2.0,2.0,3.0,3.0,4.0,3.0,2.0,2.0,3.0,1.0,1.0,1.0,4.0,4.0,4.0,2.0,3.0,2.0,2.0,3.0,3.0,5.0,5.0,5.0,0.0,1.3,1.0,2.75,3.0,4.25,3.0,3.0,3.0,3.1666666666666665,2.8,2.4,2.2,3.0,2.6,2.5,3.25,1.5,2.25,2.375,2.5,2.5,2.0,2.3333333333333335,2.25,2.25,1.4,1.4000000000000001,3.3333333333333335,3.3333333333333335,3.25,3.25,3.0,3.0
R0203,ORG20,0,,1128,2,27,3,2,0.4,4.1,1,0.0,1,1,2,10,195.0,1711,1,2.0,2.0,3.0,2.0,4.0,3.0,4.0,4.0,3.0,3.0,1.0,2.0,3.0,4.0,4.0,4.0,2.0,2.0,2.0,3.0,4.0,4.0,4.0,3.0,2.0,3.0,1.0,2.0,1.0,2.0,2.0,1.0,2.0,2.0,3.0,3.0,2.0,3.0,3.0,3.0,3.0,2.0,2.0,3.0,5.0,3.0,4.0,3.0,4.0,3.0,3.0,4.0,3.0,2.0,3.0,3.0,4.0,3.0,3.0,3.0,3.0,2.0,4.0,1.0,3.0,3.0,2.0,1.0,2.0,3.0,3.0,3.0,3.0,1.0,2.0,3.0,3.0,3.0,2.0,2.0,1.0,2.0,3.0,3.0,3.0,5.0,4.0,5.0,2.0,2.0,4.0,3.0,3.0,3.0,3.0,4.0,1.0,3.0,3.0,2.0,2.0,2.0,4.0,3.0,3.0,2.0,1.0,3.0,4.0,3.0,3.0,4.0,3.0,5.0,2.0,2.0,3.0,3.0,3.0,3.0,3.0,4.0,3.0,0.0,0.1,1.0,2.25,2.25,2.25,2.25,2.25,2.25,2.25,1.8,1.8,2.8,2.6,2.25,3.75,3.5,2.75,3.25,3.3125,2.5,2.25,2.75,2.5,2.375,2.375,2.4,2.4,4.666666666666667,4.666666666666667,2.75,2.75,3.25,3.25
R0204,ORG20,0,,785,2,26,3,1,7.4,8.2,1,0.0,1,1,1,5,396.0,1711,1,1.0,1.0,1.0,2.0,4.0,4.0,4.0,5.0,4.0,2.0,3.0,2.0,4.0,5.0,4.0,4.0,2.0,3.0,2.0,3.0,4.0,4.0,3.0,4.0,2.0,2.0,2.0,1.0,2.0,1.0,2.0,2.0,3.0,2.0,2.0,2.0,3.0,3.0,3.0,2.0,2.0,3.0,2.0,1.0,2.0,1.0,3.0,1.0,2.0,3.0,2.0,3.0,3.0,3.0,3.0,2.0,2.0,1.0,2.0,3.0,2.0,3.0,4.0,4.0,2.0,3.0,2.0,2.0,3.0,3.0,2.0,2.0,3.0,,2.0,3.0,4.0,3.0,3.0,3.0,3.0,3.0,3.0,3.0,3.0,4.0,4.0,4.0,4.0,2.0,4.0,2.0,3.0,2.0,4.0,3.0,2.0,3.0,2.0,2.0,3.0,3.0,4.0,5.0,5.0,3.0,3.0,3.0,3.0,1.0,4.0,4.0,3.0,4.0,3.0,3.0,2.0,4.0,3.0,4.0,3.0,2.0,4.0,1.0,0.6,1.0,1.25,1.75,2.75,1.75,2.5,2.25,2.0416666666666665,1.8,2.0,2.6,2.0,2.1,1.75,2.5,2.75,2.0,2.25,3.25,2.25,2.5,2.6666666666666665,3.0,3.0,3.0,3.0,4.0,4.0,3.0,3.0,3.0,3.0
R0205,ORG20,0,,1070,2,28,3,1,1.6,6.0,4,1.0,1,1,1,4,403.0,1711,1,2.0,4.0,2.0,5.0,2.0,1.0,2.0,2.0,3.0,3.0,2.0,4.0,4.0,2.0,2.0,3.0,4.0,4.0,5.0,2.0,1.0,3.0,3.0,2.0,3.0,3.0,3.0,4.0,2.0,3.0,3.0,3.0,4.0,,4.0,5.0,3.0,5.0,1.0,3.0,4.0,3.0,4.0,3.0,3.0,2.0,2.0,4.0,3.0,4.0,4.0,4.0,5.0,4.0,4.0,4.0,4.0,4.0,4.0,3.0,3.0,3.0,3.0,2.0,3.0,5.0,,5.0,4.0,3.0,4.0,4.0,5.0,5.0,4.0,5.0,4.0,2.0,5.0,5.0,3.0,3.0,5.0,4.0,2.0,4.0,3.0,4.0,4.0,3.0,4.0,4.0,5.0,3.0,4.0,4.0,5.0,4.0,4.0,3.0,3.0,4.0,3.0,4.0,4.0,3.0,4.0,3.0,5.0,3.0,4.0,4.0,3.0,3.0,4.0,4.0,3.0,3.0,4.0,3.0,3.0,4.0,3.0,0.0,3.5,1.0,3.25,4.25,3.0,3.25,3.75,3.75,3.5416666666666665,3.0,3.25,4.4,3.4,3.526315789473684,2.75,3.75,4.25,3.75,3.625,2.75,4.333333333333333,3.75,3.5454545454545454,4.625,4.625,3.4,3.4,3.6666666666666665,3.6666666666666665,3.75,3.75,4.0,4.0
R0206,ORG20,0,,2750,2,29,3,2,1.0,7.5,1,1.0,2,1,1,1,251.0,1711,1,5.0,5.0,5.0,5.0,1.0,1.0,2.0,2.0,4.0,3.0,3.0,3.0,2.0,2.0,2.0,2.0,3.0,4.0,4.0,4.0,2.0,3.0,3.0,3.0,4.0,3.0,4.0,4.0,4.0,3.0,4.0,4.0,4.0,4.0,5.0,3.0,5.0,4.0,2.0,4.0,3.0,3.0,3.0,2.0,2.0,2.0,3.0,2.0,3.0,2.0,3.0,4.0,2.0,1.0,3.0,3.0,5.0,4.0,3.0,4.0,3.0,3.0,3.0,4.0,4.0,5.0,4.0,4.0,4.0,3.0,3.0,3.0,2.0,3.0,4.0,3.0,4.0,2.0,3.0,3.0,3.0,3.0,4.0,3.0,3.0,2.0,1.0,3.0,3.0,3.0,3.0,4.0,4.0,1.0,4.0,3.0,5.0,4.0,4.0,5.0,4.0,5.0,2.0,2.0,3.0,3.0,4.0,4.0,3.0,4.0,4.0,3.0,3.0,4.0,3.0,4.0,3.0,4.0,3.0,2.0,2.0,3.0,3.0,0.0,25.1,0.0,5.0,4.5,3.25,4.0,3.75,3.25,3.9583333333333335,3.8,3.8,4.2,3.0,3.7,2.25,3.0,2.25,4.0,2.875,3.25,4.25,3.25,3.5833333333333335,3.25,3.25,3.2,3.1999999999999997,2.0,2.0,3.25,3.25,3.0,3.0
R0207,ORG20,0,,1213,1,31,2,2,4.2,6.6,0,,1,1,1,5,188.0,1711,1,4.0,4.0,4.0,4.0,4.0,4.0,4.0,4.0,4.0,4.0,4.0,3.0,4.0,4.0,4.0,4.0,4.0,4.0,4.0,3.0,3.0,4.0,,4.0,4.0,4.0,4.0,4.0,4.0,4.0,4.0,4.0,4.0,4.0,4.0,4.0,4.0,4.0,3.0,4.0,4.0,4.0,4.0,4.0,4.0,4.0,4.0,4.0,4.0,4.0,4.0,4.0,4.0,4.0,4.0,4.0,4.0,3.0,4.0,4.0,4.0,4.0,4.0,4.0,4.0,4.0,4.0,4.0,4.0,4.0,4.0,4.0,4.0,4.0,4.0,4.0,4.0,4.0,4.0,4.0,4.0,4.0,4.0,4.0,4.0,3.0,4.0,4.0,4.0,4.0,4.0,4.0,3.0,3.0,3.0,3.0,3.0,3.0,3.0,4.0,5.0,5.0,4.0,3.0,4.0,4.0,4.0,3.0,4.0,5.0,4.0,2.0,3.0,2.0,4.0,5.0,4.0,3.0,4.0,3.0,2.0,3.0,1.0,0.0,10.5,0.0,4.0,2.0,3.75,2.0,3.75,2.3333333333333335,3.0,4.0,4.0,3.8,4.0,3.95,4.0,4.0,4.0,3.75,3.9375,4.0,4.0,4.0,4.0,3.75,3.75,4.0,4.0,3.6666666666666665,3.6666666666666665,4.0,4.0,3.0,3.0
R0208,ORG21,0,,1021,2,32,3,1,13.0,16.7,2,0.0,1,1,1,4,135.0,2360,3,4.0,3.0,2.0,3.0,2.0,4.0,3.0,3.0,5.0,4.0,3.0,4.0,2.0,2.0,3.0,2.0,3.0,4.0,4.0,3.0,2.0,2.0,2.0,2.0,2.0,3.0,2.0,4.0,3.0,4.0,3.0,4.0,4.0,2.0,3.0,3.0,2.0,3.0,4.0,4.0,4.0,5.0,5.0,4.0,4.0,3.0,2.0,3.0,5.0,4.0,4.0,4.0,3.0,3.0,4.0,5.0,5.0,4.0,5.0,5.0,3.0,3.0,4.0,3.0,4.0,,4.0,3.0,3.0,3.0,3.0,2.0,4.0,3.0,5.0,4.0,4.0,2.0,4.0,4.0,5.0,4.0,2.0,3.0,3.0,2.0,2.0,1.0,4.0,4.0,5.0,3.0,4.0,2.0,4.0,3.0,5.0,4.0,4.0,4.0,3.0,4.0,2.0,1.0,2.0,3.0,3.0,4.0,4.0,5.0,3.0,3.0,3.0,2.0,5.0,3.0,5.0,3.0,3.0,4.0,3.0,2.0,3.0,0.0,10.6,0.0,3.0,3.0,4.0,3.75,3.5,4.0,3.5416666666666665,2.8,3.4,2.6,4.4,3.3,3.0,4.25,3.75,4.75,3.9375,3.25,3.6666666666666665,2.75,3.1818181818181817,4.0,4.0,3.4,3.4,1.6666666666666667,1.6666666666666667,4.0,4.0,3.25,3.25
R0210,ORG21,0,,1568,1,32,4,2,4.0,6.3,3,,2,3,1,3,166.0,2360,3,3.0,3.0,2.0,3.0,4.0,4.0,3.0,3.0,2.0,3.0,3.0,3.0,3.0,2.0,4.0,4.0,2.0,3.0,3.0,3.0,5.0,3.0,3.0,3.0,3.0,3.0,3.0,3.0,2.0,2.0,2.0,3.0,3.0,3.0,4.0,2.0,2.0,2.0,3.0,4.0,3.0,3.0,3.0,3.0,3.0,4.0,2.0,2.0,5.0,3.0,3.0,4.0,2.0,2.0,3.0,2.0,3.0,2.0,2.0,2.0,3.0,3.0,3.0,3.0,3.0,4.0,2.0,2.0,3.0,2.0,3.0,3.0,3.0,2.0,3.0,2.0,1.0,5.0,2.0,3.0,2.0,2.0,3.0,3.0,3.0,4.0,4.0,4.0,5.0,3.0,4.0,4.0,4.0,4.0,3.0,2.0,2.0,4.0,2.0,2.0,2.0,2.0,2.0,4.0,4.0,3.0,3.0,4.0,2.0,3.0,3.0,4.0,4.0,4.0,3.0,3.0,4.0,1.0,4.0,3.0,4.0,2.0,3.0,0.0,2.8,1.0,2.75,2.5,2.75,2.75,2.75,2.5,2.6666666666666665,2.8,2.6,2.6,3.2,2.8,2.75,3.75,2.25,2.25,2.75,3.0,2.75,2.75,2.8333333333333335,2.125,2.125,2.6,2.6,4.0,4.0,4.0,4.0,3.25,3.25
R0211,ORG21,0,,688,2,20,3,2,2.4,5.4,1,2.0,1,1,1,9,148.0,2360,3,2.0,3.0,3.0,3.0,3.0,4.0,4.0,3.0,3.0,4.0,2.0,3.0,5.0,4.0,4.0,3.0,3.0,3.0,3.0,2.0,2.0,3.0,3.0,2.0,4.0,4.0,3.0,4.0,3.0,3.0,3.0,3.0,3.0,3.0,4.0,3.0,4.0,4.0,2.0,3.0,3.0,3.0,3.0,2.0,3.0,3.0,2.0,4.0,4.0,4.0,4.0,4.0,3.0,3.0,2.0,3.0,3.0,2.0,2.0,2.0,2.0,3.0,3.0,3.0,4.0,4.0,4.0,3.0,4.0,4.0,4.0,3.0,3.0,1.0,3.0,2.0,3.0,4.0,2.0,3.0,4.0,4.0,4.0,5.0,4.0,2.0,1.0,2.0,3.0,3.0,3.0,4.0,2.0,1.0,4.0,2.0,3.0,4.0,4.0,3.0,4.0,4.0,2.0,3.0,2.0,4.0,5.0,4.0,3.0,3.0,4.0,3.0,2.0,3.0,4.0,4.0,4.0,4.0,2.0,2.0,4.0,4.0,4.0,0.0,16.8,1.0,2.75,2.5,3.0,2.0,2.75,3.5,2.75,3.6,3.0,3.8,2.8,3.3,3.0,4.0,2.75,2.25,3.0,2.75,3.75,3.75,3.4166666666666665,2.375,2.375,4.2,4.2,1.6666666666666667,1.6666666666666667,3.25,3.25,2.25,2.25
R0212,ORG21,0,,522,1,24,4,2,2.0,3.8,1,2.0,1,2,1,8,222.0,2360,3,3.0,3.0,3.0,4.0,3.0,3.0,4.0,2.0,3.0,3.0,3.0,4.0,4.0,3.0,4.0,3.0,3.0,4.0,3.0,3.0,4.0,3.0,3.0,3.0,4.0,5.0,4.0,4.0,4.0,5.0,5.0,5.0,5.0,5.0,5.0,5.0,5.0,4.0,2.0,5.0,5.0,4.0,5.0,4.0,3.0,3.0,4.0,4.0,5.0,4.0,5.0,4.0,3.0,3.0,4.0,3.0,4.0,3.0,4.0,3.0,3.0,4.0,5.0,3.0,3.0,2.0,2.0,2.0,4.0,3.0,4.0,3.0,5.0,4.0,4.0,4.0,4.0,2.0,4.0,4.0,4.0,3.0,4.0,5.0,4.0,2.0,2.0,2.0,2.0,2.0,3.0,3.0,3.0,3.0,5.0,3.0,3.0,3.0,4.0,3.0,4.0,5.0,2.0,2.0,3.0,4.0,3.0,4.0,4.0,3.0,2.0,2.0,3.0,1.0,4.0,3.0,3.0,2.0,3.0,3.0,3.0,2.0,4.0,0.0,2.4,1.0,3.25,3.0,3.25,2.5,3.25,2.75,3.0,4.2,5.0,4.6,4.6,4.6,3.5,4.5,3.25,3.5,3.6875,3.75,2.25,3.5,3.1666666666666665,4.125,4.125,4.0,4.0,2.0,2.0,2.5,2.5,3.5,3.5
R0213,ORG21,0,,813,1,30,3,1,1.2,3.6,1,1.0,1,1,1,3,171.0,2360,3,3.0,4.0,4.0,4.0,2.0,3.0,2.0,3.0,4.0,4.0,4.0,4.0,3.0,2.0,1.0,2.0,4.0,4.0,4.0,4.0,3.0,4.0,4.0,3.0,4.0,5.0,4.0,4.0,5.0,4.0,3.0,4.0,3.0,2.0,5.0,5.0,5.0,5.0,1.0,4.0,4.0,4.0,5.0,5.0,5.0,3.0,4.0,4.0,3.0,3.0,3.0,3.0,4.0,4.0,5.0,5.0,3.0,3.0,4.0,3.0,4.0,3.0,3.0,3.0,4.0,3.0,4.0,3.0,3.0,4.0,3.0,5.0,2.0,4.0,3.0,3.0,3.0,2.0,3.0,4.0,5.0,4.0,5.0,4.0,3.0,2.0,1.0,1.0,2.0,2.0,4.0,2.0,3.0,2.0,5.0,1.0,4.0,4.0,3.0,4.0,4.0,4.0,2.0,3.0,2.0,4.0,4.0,5.0,2.0,2.0,2.0,1.0,3.0,1.0,3.0,3.0,3.0,3.0,4.0,4.0,2.0,2.0,1.0,0.0,2.9,1.0,3.75,3.5,4.0,4.0,4.0,2.5,3.625,4.4,3.2,5.0,4.4,4.25,4.0,3.0,4.5,3.25,3.6875,3.25,3.5,3.75,3.5,3.25,3.25,4.2,4.2,1.3333333333333333,1.3333333333333333,2.5,2.5,2.75,2.75
R0214,ORG21,0,,471,1,26,5,1,4.9,5.5,4,4.0,1,1,1,3,1268.0,2360,3,3.0,3.0,3.0,3.0,2.0,4.0,4.0,3.0,4.0,4.0,2.0,3.0,4.0,2.0,5.0,5.0,3.0,2.0,5.0,3.0,2.0,1.0,2.0,2.0,3.0,4.0,3.0,3.0,1.0,5.0,5.0,5.0,5.0,4.0,5.0,5.0,5.0,5.0,1.0,,3.0,4.0,4.0,5.0,3.0,3.0,4.0,3.0,3.0,2.0,3.0,3.0,3.0,3.0,4.0,5.0,4.0,4.0,4.0,5.0,5.0,5.0,5.0,4.0,4.0,5.0,4.0,4.0,4.0,4.0,4.0,4.0,3.0,2.0,4.0,3.0,3.0,2.0,3.0,2.0,3.0,4.0,5.0,5.0,4.0,2.0,1.0,1.0,4.0,4.0,4.0,4.0,5.0,3.0,4.0,1.0,3.0,3.0,4.0,4.0,5.0,4.0,2.0,1.0,1.0,3.0,2.0,3.0,5.0,4.0,5.0,1.0,2.0,1.0,4.0,3.0,4.0,4.0,3.0,2.0,2.0,2.0,1.0,0.0,25.2,0.0,3.0,2.75,3.25,2.0,3.25,4.25,3.0833333333333335,2.8,4.8,5.0,4.0,4.157894736842105,3.25,2.75,3.75,4.25,3.5,4.75,4.25,4.0,4.333333333333333,3.0,3.0,4.2,4.2,1.3333333333333333,1.3333333333333333,4.0,4.0,3.25,3.25
R0215,ORG21,0,,887,2,37,3,1,6.2,7.5,1,0.0,2,2,1,10,242.0,2360,3,4.0,2.0,1.0,3.0,4.0,3.0,4.0,5.0,2.0,3.0,2.0,2.0,5.0,4.0,5.0,4.0,2.0,3.0,2.0,2.0,4.0,3.0,4.0,4.0,3.0,4.0,4.0,4.0,3.0,3.0,2.0,2.0,1.0,2.0,4.0,3.0,3.0,3.0,3.0,2.0,2.0,3.0,2.0,2.0,5.0,4.0,5.0,4.0,4.0,5.0,4.0,4.0,4.0,4.0,4.0,5.0,4.0,4.0,4.0,4.0,2.0,3.0,1.0,2.0,5.0,4.0,3.0,4.0,3.0,2.0,3.0,2.0,4.0,5.0,4.0,3.0,4.0,1.0,5.0,4.0,3.0,3.0,4.0,3.0,4.0,2.0,2.0,2.0,5.0,5.0,5.0,5.0,3.0,4.0,4.0,5.0,4.0,3.0,4.0,4.0,2.0,4.0,3.0,2.0,3.0,,,,,,,,,,,,,,,,,,,0.0,14.4,1.0,2.5,2.0,2.25,1.5,2.25,2.25,2.125,3.6,2.0,3.2,2.2,2.75,4.5,4.25,4.25,4.0,4.25,2.0,4.0,2.5,2.8333333333333335,4.25,4.25,3.4,3.4,2.0,2.0,5.0,5.0,4.0,4.0
R0216,ORG21,0,,514,1,30,3,2,0.3,3.4,2,0.0,2,2,1,9,249.0,2360,3,3.0,3.0,3.0,3.0,3.0,3.0,3.0,3.0,3.0,3.0,3.0,,3.0,3.0,3.0,3.0,3.0,3.0,3.0,3.0,3.0,3.0,3.0,3.0,3.0,3.0,3.0,3.0,3.0,3.0,3.0,3.0,3.0,3.0,3.0,3.0,3.0,3.0,3.0,3.0,3.0,3.0,3.0,3.0,3.0,3.0,3.0,3.0,3.0,3.0,3.0,3.0,3.0,3.0,3.0,3.0,3.0,3.0,3.0,3.0,3.0,3.0,3.0,3.0,3.0,3.0,3.0,3.0,3.0,3.0,3.0,3.0,3.0,3.0,3.0,3.0,3.0,3.0,3.0,3.0,3.0,3.0,3.0,3.0,3.0,3.0,3.0,3.0,3.0,3.0,3.0,3.0,3.0,3.0,3.0,3.0,3.0,3.0,4.0,3.0,3.0,4.0,3.0,3.0,2.0,4.0,5.0,5.0,4.0,4.0,3.0,2.0,2.0,3.0,4.0,3.0,3.0,3.0,4.0,5.0,2.0,1.0,2.0,1.0,28.7,0.0,3.0,3.0,3.0,3.0,3.0,3.0,3.0,3.0,3.0,3.0,3.0,3.0,3.0,3.0,3.0,3.0,3.0,3.0,3.0,3.0,3.0,3.0,3.0,3.0,3.0,3.0,3.0,3.0,3.0,3.0,3.0
R0217,ORG21,0,,850,2,31,3,1,3.7,5.8,0,0.0,1,3,1,4,193.0,2360,3,2.0,1.0,,2.0,3.0,2.0,3.0,5.0,1.0,2.0,3.0,2.0,3.0,4.0,3.0,4.0,2.0,3.0,2.0,3.0,5.0,4.0,4.0,4.0,3.0,2.0,2.0,3.0,2.0,2.0,3.0,4.0,3.0,4.0,3.0,3.0,3.0,4.0,4.0,3.0,4.0,4.0,3.0,2.0,3.0,2.0,2.0,3.0,2.0,2.0,2.0,2.0,4.0,3.0,5.0,5.0,2.0,2.0,3.0,2.0,3.0,3.0,2.0,3.0,2.0,3.0,2.0,2.0,3.0,3.0,2.0,2.0,1.0,1.0,1.0,2.0,2.0,4.0,1.0,1.0,4.0,3.0,2.0,1.0,2.0,4.0,5.0,5.0,2.0,3.0,4.0,3.0,3.0,5.0,5.0,4.0,3.0,2.0,3.0,3.0,3.0,3.0,5.0,4.0,5.0,2.0,2.0,2.0,2.0,3.0,3.0,4.0,4.0,5.0,,,,,,,,,,0.0,6.8,1.0,1.6666666666666667,2.75,2.0,2.5,2.5,1.75,2.217391304347826,2.4,3.2,3.0,3.2,2.95,2.5,2.0,4.25,2.25,2.75,2.75,2.25,2.5,2.5,1.375,1.375,2.4,2.4,4.666666666666667,4.666666666666667,3.0,3.0,4.25,4.25
R0218,ORG22,0,,1221,2,42,3,1,2.4,5.7,2,2.0,2,1,1,5,425.0,2768,5,4.0,4.0,4.0,4.0,1.0,3.0,3.0,3.0,3.0,3.0,4.0,4.0,3.0,2.0,4.0,3.0,3.0,4.0,3.0,2.0,3.0,3.0,2.0,3.0,4.0,5.0,3.0,4.0,4.0,3.0,3.0,3.0,5.0,3.0,5.0,4.0,3.0,3.0,2.0,3.0,5.0,3.0,3.0,2.0,4.0,3.0,3.0,3.0,3.0,4.0,4.0,5.0,3.0,5.0,4.0,5.0,4.0,3.0,3.0,4.0,3.0,4.0,3.0,3.0,3.0,3.0,4.0,4.0,3.0,4.0,4.0,4.0,3.0,3.0,2.0,2.0,1.0,5.0,3.0,4.0,4.0,3.0,4.0,2.0,4.0,1.0,2.0,2.0,4.0,4.0,4.0,5.0,3.0,3.0,4.0,4.0,3.0,4.0,4.0,4.0,5.0,5.0,4.0,2.0,3.0,4.0,3.0,3.0,5.0,5.0,5.0,3.0,2.0,3.0,3.0,4.0,3.0,3.0,4.0,4.0,2.0,2.0,3.0,0.0,28.5,0.0,4.0,3.5,3.5,3.0,3.0,3.25,3.375,4.0,3.4,3.8,3.2,3.6,3.25,4.0,4.25,3.5,3.75,3.25,3.5,3.75,3.5,2.375,2.375,3.4,3.4,1.6666666666666667,1.6666666666666667,4.25,4.25,3.5,3.5
R0219,ORG22,0,,935,1,30,3,1,5.5,6.7,2,2.0,3,2,1,10,191.0,2768,5,4.0,4.0,3.0,4.0,4.0,3.0,3.0,2.0,4.0,4.0,3.0,3.0,4.0,4.0,4.0,3.0,5.0,4.0,3.0,3.0,3.0,2.0,2.0,4.0,3.0,3.0,4.0,4.0,3.0,2.0,4.0,3.0,5.0,3.0,3.0,4.0,3.0,4.0,2.0,2.0,4.0,3.0,3.0,4.0,3.0,3.0,3.0,3.0,3.0,4.0,4.0,4.0,4.0,2.0,3.0,3.0,3.0,2.0,4.0,2.0,4.0,4.0,3.0,3.0,3.0,4.0,4.0,3.0,3.0,4.0,3.0,3.0,5.0,4.0,5.0,4.0,3.0,2.0,5.0,5.0,3.0,4.0,3.0,5.0,5.0,4.0,4.0,2.0,3.0,3.0,4.0,3.0,5.0,4.0,5.0,4.0,4.0,5.0,4.0,4.0,4.0,4.0,2.0,3.0,3.0,4.0,4.0,4.0,3.0,3.0,3.0,1.0,2.0,2.0,,,,,,,,,,0.0,7.7,1.0,3.75,3.0,3.5,2.25,3.75,3.25,3.25,3.4,3.4,3.6,3.2,3.4,3.0,3.75,3.0,2.75,3.125,3.5,3.5,3.25,3.4166666666666665,4.375,4.375,4.0,4.0,3.3333333333333335,3.3333333333333335,3.25,3.25,4.5,4.5
R0220,ORG22,0,,1411,2,27,3,1,1.0,5.2,3,1.0,1,1,1,9,1678.0,2768,5,3.0,3.0,3.0,3.0,3.0,3.0,3.0,3.0,3.0,3.0,3.0,3.0,3.0,3.0,3.0,3.0,3.0,3.0,3.0,3.0,3.0,3.0,3.0,3.0,3.0,3.0,3.0,3.0,3.0,3.0,3.0,3.0,3.0,3.0,3.0,3.0,3.0,3.0,3.0,3.0,3.0,3.0,3.0,3.0,3.0,3.0,3.0,3.0,3.0,3.0,3.0,3.0,3.0,3.0,3.0,3.0,3.0,3.0,3.0,3.0,3.0,3.0,3.0,3.0,3.0,3.0,3.0,3.0,3.0,3.0,3.0,3.0,3.0,3.0,3.0,,3.0,3.0,3.0,3.0,3.0,3.0,3.0,3.0,3.0,3.0,3.0,3.0,3.0,3.0,3.0,3.0,3.0,3.0,3.0,3.0,2.0,3.0,4.0,3.0,3.0,3.0,4.0,4.0,4.0,4.0,3.0,3.0,4.0,5.0,4.0,3.0,4.0,3.0,3.0,4.0,4.0,4.0,4.0,3.0,3.0,4.0,4.0,1.0,0.5,1.0,3.0,3.0,3.0,3.0,3.0,3.0,3.0,3.0,3.0,3.0,3.0,3.0,3.0,3.0,3.0,3.0,3.0,3.0,3.0,3.0,3.0,3.0,3.0,3.0,3.0,3.0,3.0,3.0,3.0,3.0,3.0
R0221,ORG22,0,,480,1,31,3,1,5.3,8.3,2,1.0,2,1,1,9,272.0,2768,5,4.0,4.0,3.0,4.0,2.0,2.0,2.0,2.0,3.0,3.0,2.0,2.0,4.0,3.0,3.0,4.0,3.0,3.0,3.0,4.0,3.0,2.0,3.0,3.0,1.0,4.0,4.0,3.0,3.0,2.0,4.0,2.0,3.0,4.0,3.0,3.0,3.0,3.0,3.0,2.0,3.0,2.0,3.0,3.0,4.0,3.0,3.0,4.0,5.0,5.0,4.0,3.0,4.0,3.0,4.0,4.0,4.0,4.0,5.0,4.0,4.0,2.0,2.0,4.0,4.0,4.0,4.0,3.0,4.0,3.0,4.0,3.0,2.0,3.0,3.0,,3.0,,2.0,4.0,4.0,5.0,4.0,5.0,4.0,5.0,4.0,3.0,3.0,3.0,3.0,3.0,4.0,3.0,3.0,3.0,3.0,3.0,3.0,3.0,3.0,3.0,4.0,4.0,3.0,4.0,3.0,3.0,2.0,4.0,2.0,3.0,4.0,4.0,2.0,2.0,2.0,3.0,4.0,3.0,3.0,5.0,5.0,0.0,1.6,1.0,3.75,4.0,2.5,2.5,3.25,3.25,3.2083333333333335,3.0,3.0,3.0,2.6,2.9,3.5,4.25,3.75,4.25,3.9375,3.0,3.75,3.5,3.4166666666666665,2.8333333333333335,2.833333333333333,4.4,4.3999999999999995,4.0,4.0,3.0,3.0,3.25,3.25
R0222,ORG22,0,,627,2,35,3,1,1.9,11.0,2,,2,1,2,10,260.0,2768,5,4.0,4.0,4.0,4.0,3.0,3.0,1.0,3.0,4.0,4.0,3.0,3.0,3.0,4.0,5.0,4.0,4.0,4.0,4.0,3.0,3.0,3.0,4.0,4.0,5.0,4.0,4.0,4.0,3.0,4.0,5.0,5.0,5.0,3.0,5.0,4.0,3.0,4.0,2.0,3.0,3.0,4.0,4.0,3.0,4.0,3.0,4.0,4.0,3.0,5.0,3.0,3.0,2.0,2.0,2.0,2.0,3.0,2.0,2.0,3.0,4.0,3.0,4.0,3.0,5.0,4.0,2.0,3.0,5.0,4.0,3.0,5.0,3.0,2.0,3.0,3.0,2.0,4.0,3.0,3.0,4.0,3.0,4.0,4.0,4.0,3.0,2.0,2.0,2.0,3.0,3.0,3.0,2.0,3.0,2.0,3.0,4.0,4.0,3.0,4.0,4.0,5.0,3.0,3.0,3.0,3.0,4.0,4.0,4.0,3.0,3.0,3.0,3.0,3.0,,,,,,,,,,1.0,30.2,0.0,4.0,3.5,3.5,2.0,3.75,2.5,3.2083333333333335,4.0,4.4,4.0,3.4,3.95,3.75,3.5,2.0,2.5,2.9375,3.5,3.5,4.25,3.75,2.625,2.625,3.8,3.8000000000000003,2.3333333333333335,2.3333333333333335,2.75,2.75,2.5,2.5
R0224,ORG22,0,,1105,1,33,3,1,3.6,6.4,2,1.0,1,1,1,4,191.0,2768,5,3.0,4.0,4.0,5.0,3.0,3.0,3.0,3.0,3.0,3.0,4.0,3.0,2.0,1.0,2.0,1.0,3.0,4.0,4.0,4.0,3.0,3.0,3.0,4.0,2.0,4.0,3.0,3.0,3.0,3.0,3.0,4.0,4.0,4.0,2.0,2.0,3.0,2.0,2.0,4.0,4.0,3.0,4.0,2.0,1.0,4.0,3.0,3.0,3.0,3.0,3.0,4.0,3.0,4.0,3.0,4.0,3.0,2.0,1.0,2.0,1.0,3.0,3.0,1.0,2.0,3.0,2.0,2.0,3.0,3.0,2.0,2.0,5.0,4.0,3.0,4.0,2.0,2.0,3.0,4.0,3.0,3.0,3.0,4.0,4.0,4.0,4.0,4.0,3.0,2.0,2.0,3.0,4.0,4.0,3.0,3.0,3.0,3.0,4.0,2.0,2.0,3.0,5.0,4.0,3.0,3.0,4.0,3.0,2.0,3.0,2.0,4.0,3.0,4.0,3.0,3.0,4.0,3.0,3.0,3.0,4.0,3.0,3.0,0.0,6.2,1.0,4.0,3.0,3.25,4.5,3.75,2.75,3.5416666666666665,3.0,3.6,2.6,3.4,3.15,2.75,3.25,3.5,2.0,2.875,2.0,2.25,2.5,2.25,3.625,3.625,3.4,3.4,4.0,4.0,2.5,2.5,3.5,3.5
R0225,ORG22,0,,501,2,32,2,1,6.1,10.1,2,1.0,1,2,2,5,144.0,2768,5,3.0,3.0,2.0,2.0,4.0,3.0,3.0,5.0,3.0,3.0,3.0,2.0,3.0,2.0,4.0,3.0,3.0,3.0,2.0,3.0,3.0,4.0,5.0,4.0,4.0,3.0,2.0,3.0,2.0,2.0,2.0,4.0,3.0,2.0,3.0,3.0,3.0,2.0,4.0,4.0,4.0,4.0,3.0,4.0,4.0,4.0,4.0,4.0,5.0,5.0,5.0,5.0,3.0,4.0,3.0,4.0,4.0,3.0,2.0,4.0,2.0,4.0,4.0,4.0,3.0,3.0,3.0,3.0,3.0,3.0,3.0,2.0,3.0,3.0,3.0,4.0,3.0,3.0,3.0,4.0,2.0,2.0,2.0,3.0,3.0,3.0,4.0,4.0,3.0,3.0,4.0,3.0,4.0,3.0,2.0,5.0,2.0,4.0,3.0,3.0,4.0,4.0,3.0,4.0,4.0,4.0,3.0,3.0,4.0,5.0,4.0,4.0,3.0,4.0,,,,,,,,,,0.0,3.0,1.0,2.5,2.25,2.75,3.0,2.75,2.0,2.5416666666666665,2.8,2.6,2.6,3.8,2.95,4.0,5.0,3.5,3.25,3.9375,3.5,3.0,2.75,3.0833333333333335,3.25,3.25,2.4,2.4,3.6666666666666665,3.6666666666666665,3.25,3.25,3.5,3.5
R0226,ORG22,0,,1037,2,24,3,1,4.1,6.0,1,2.0,2,1,1,1,231.0,2768,5,4.0,3.0,5.0,3.0,2.0,2.0,3.0,3.0,3.0,4.0,4.0,3.0,3.0,3.0,3.0,4.0,3.0,3.0,2.0,2.0,2.0,3.0,4.0,2.0,4.0,4.0,4.0,4.0,4.0,3.0,4.0,3.0,3.0,3.0,4.0,4.0,3.0,3.0,3.0,5.0,5.0,4.0,4.0,3.0,5.0,5.0,5.0,5.0,4.0,2.0,2.0,3.0,5.0,4.0,3.0,5.0,5.0,4.0,5.0,5.0,3.0,3.0,4.0,4.0,4.0,4.0,3.0,4.0,3.0,3.0,4.0,4.0,4.0,3.0,4.0,5.0,4.0,1.0,4.0,4.0,5.0,4.0,5.0,4.0,3.0,3.0,3.0,3.0,4.0,5.0,5.0,4.0,4.0,4.0,4.0,3.0,2.0,3.0,4.0,3.0,4.0,5.0,4.0,4.0,4.0,2.0,3.0,3.0,4.0,3.0,3.0,2.0,3.0,3.0,3.0,4.0,3.0,4.0,4.0,4.0,2.0,3.0,1.0,0.0,4.0,1.0,3.75,3.5,3.5,2.75,2.5,3.25,3.2083333333333335,4.0,3.2,3.4,4.2,3.7,5.0,2.75,4.25,4.75,4.1875,3.5,3.75,3.5,3.5833333333333335,4.125,4.125,4.2,4.2,3.0,3.0,4.5,4.5,3.75,3.75
R0227,ORG22,0,,1059,1,31,3,1,3.5,6.2,2,4.0,1,3,1,6,459.0,2768,5,3.0,2.0,3.0,3.0,3.0,4.0,3.0,4.0,3.0,3.0,3.0,4.0,2.0,4.0,3.0,3.0,3.0,4.0,3.0,4.0,4.0,4.0,4.0,2.0,2.0,2.0,2.0,3.0,2.0,3.0,4.0,4.0,3.0,5.0,,2.0,2.0,2.0,5.0,3.0,3.0,2.0,3.0,2.0,2.0,2.0,4.0,3.0,3.0,4.0,4.0,4.0,2.0,4.0,2.0,3.0,2.0,3.0,4.0,3.0,4.0,3.0,2.0,4.0,4.0,4.0,4.0,5.0,3.0,3.0,4.0,3.0,3.0,3.0,2.0,1.0,3.0,3.0,3.0,3.0,4.0,3.0,3.0,4.0,3.0,3.0,3.0,3.0,2.0,2.0,3.0,2.0,2.0,1.0,2.0,4.0,3.0,3.0,4.0,4.0,4.0,4.0,2.0,4.0,4.0,4.0,2.0,2.0,3.0,2.0,3.0,3.0,3.0,3.0,2.0,3.0,3.0,2.0,2.0,3.0,2.0,3.0,3.0,0.0,19.1,0.0,2.75,2.5,3.25,3.0,3.5,2.5,2.9166666666666665,2.2,3.8,1.75,2.6,2.6315789473684212,2.75,3.75,2.75,3.0,3.0625,3.25,4.25,3.25,3.5833333333333335,2.625,2.625,3.4,3.4,3.0,3.0,2.25,2.25,2.25,2.25
R0228,ORG22,0,,709,1,33,3,1,5.2,6.9,2,0.0,2,2,1,4,270.0,2768,5,3.0,2.0,1.0,3.0,3.0,3.0,4.0,4.0,3.0,3.0,3.0,3.0,4.0,3.0,4.0,5.0,,4.0,5.0,4.0,5.0,4.0,5.0,4.0,4.0,3.0,4.0,3.0,3.0,3.0,3.0,4.0,3.0,3.0,3.0,3.0,2.0,4.0,3.0,3.0,4.0,4.0,4.0,3.0,2.0,3.0,4.0,3.0,2.0,4.0,2.0,4.0,5.0,4.0,4.0,4.0,4.0,2.0,4.0,3.0,3.0,4.0,3.0,4.0,3.0,3.0,3.0,3.0,3.0,3.0,3.0,4.0,2.0,3.0,4.0,3.0,3.0,3.0,3.0,3.0,2.0,5.0,4.0,3.0,4.0,3.0,4.0,4.0,4.0,5.0,4.0,4.0,4.0,5.0,5.0,3.0,5.0,3.0,2.0,4.0,3.0,3.0,4.0,4.0,3.0,3.0,3.0,4.0,3.0,2.0,3.0,4.0,4.0,5.0,3.0,3.0,4.0,2.0,1.0,1.0,2.0,2.0,4.0,0.0,3.7,1.0,2.25,2.5,3.0,2.0,4.333333333333333,1.5,2.5217391304347827,3.4,3.2,3.0,3.6,3.3,3.0,3.0,4.25,3.25,3.375,3.5,3.0,3.25,3.25,3.0,3.0,3.6,3.6,3.6666666666666665,3.6666666666666665,4.25,4.25,4.25,4.25
R0229,ORG22,0,,828,1,37,1,2,0.4,1.6,1,0.0,1,1,1,6,194.0,2768,5,4.0,4.0,3.0,5.0,2.0,2.0,3.0,2.0,4.0,4.0,4.0,3.0,3.0,2.0,2.0,3.0,3.0,5.0,4.0,3.0,2.0,2.0,2.0,2.0,4.0,4.0,4.0,4.0,4.0,4.0,4.0,5.0,4.0,3.0,3.0,4.0,4.0,4.0,2.0,5.0,4.0,5.0,5.0,4.0,3.0,3.0,4.0,5.0,4.0,5.0,5.0,5.0,4.0,4.0,4.0,4.0,5.0,4.0,5.0,5.0,4.0,5.0,5.0,5.0,4.0,4.0,4.0,5.0,5.0,4.0,4.0,4.0,2.0,4.0,3.0,4.0,3.0,2.0,3.0,3.0,4.0,5.0,5.0,5.0,5.0,2.0,2.0,2.0,4.0,4.0,4.0,4.0,2.0,2.0,3.0,3.0,3.0,3.0,4.0,5.0,5.0,5.0,2.0,1.0,2.0,4.0,5.0,3.0,5.0,4.0,5.0,3.0,4.0,3.0,5.0,4.0,4.0,3.0,5.0,5.0,2.0,3.0,3.0,0.0,30.7,0.0,4.0,3.75,3.75,3.5,3.75,4.0,3.7916666666666665,4.0,4.0,3.8,4.6,4.1,3.75,4.75,4.0,4.75,4.3125,4.75,4.25,4.25,4.416666666666667,3.25,3.25,4.8,4.8,2.0,2.0,4.0,4.0,2.5,2.5
R0230,ORG22,0,,854,1,29,3,2,1.0,4.4,1,,2,1,2,6,,2768,5,4.0,5.0,5.0,4.0,1.0,2.0,2.0,3.0,4.0,4.0,3.0,4.0,3.0,2.0,2.0,2.0,5.0,4.0,5.0,3.0,2.0,2.0,3.0,3.0,3.0,5.0,4.0,4.0,4.0,5.0,5.0,4.0,5.0,5.0,4.0,,3.0,4.0,3.0,4.0,2.0,2.0,4.0,3.0,3.0,2.0,3.0,4.0,4.0,4.0,3.0,2.0,4.0,4.0,3.0,4.0,3.0,2.0,3.0,2.0,2.0,2.0,2.0,2.0,3.0,2.0,2.0,3.0,1.0,1.0,1.0,1.0,2.0,3.0,3.0,2.0,3.0,3.0,2.0,3.0,4.0,4.0,2.0,3.0,3.0,3.0,4.0,4.0,2.0,2.0,2.0,2.0,2.0,4.0,1.0,2.0,3.0,4.0,4.0,1.0,1.0,2.0,3.0,5.0,5.0,3.0,3.0,3.0,2.0,2.0,2.0,4.0,4.0,4.0,4.0,2.0,3.0,2.0,2.0,2.0,5.0,3.0,5.0,1.0,0.2,1.0,4.5,4.0,3.75,3.75,4.25,3.5,3.9583333333333335,4.0,4.8,3.5,3.0,3.8421052631578947,3.0,3.25,3.75,2.5,3.125,2.0,2.5,1.0,1.8333333333333333,2.625,2.625,3.2,3.1999999999999997,3.6666666666666665,3.6666666666666665,2.0,2.0,2.25,2.25
R0231,ORG22,0,,722,2,32,3,1,3.5,5.3,2,3.0,1,1,2,5,339.0,2768,5,3.0,3.0,4.0,4.0,3.0,4.0,3.0,3.0,3.0,3.0,2.0,3.0,2.0,3.0,3.0,2.0,2.0,3.0,4.0,2.0,2.0,3.0,3.0,3.0,2.0,3.0,3.0,3.0,2.0,4.0,3.0,3.0,4.0,3.0,4.0,2.0,3.0,3.0,4.0,3.0,3.0,2.0,2.0,3.0,5.0,5.0,4.0,4.0,4.0,5.0,4.0,5.0,4.0,4.0,2.0,5.0,4.0,4.0,4.0,2.0,4.0,5.0,3.0,4.0,3.0,5.0,4.0,4.0,3.0,1.0,3.0,4.0,4.0,3.0,3.0,4.0,3.0,2.0,4.0,4.0,3.0,3.0,3.0,4.0,3.0,3.0,4.0,3.0,3.0,3.0,4.0,4.0,3.0,4.0,4.0,4.0,4.0,4.0,4.0,3.0,4.0,4.0,4.0,4.0,4.0,3.0,4.0,3.0,3.0,4.0,3.0,3.0,4.0,3.0,3.0,4.0,3.0,3.0,2.0,4.0,3.0,3.0,3.0,0.0,19.3,0.0,3.5,2.75,2.75,3.5,2.75,3.25,3.0833333333333335,2.6,3.4,2.8,2.6,2.85,4.5,4.5,3.75,3.5,4.0625,4.0,4.0,2.75,3.5833333333333335,3.625,3.625,3.2,3.1999999999999997,3.3333333333333335,3.3333333333333335,3.5,3.5,3.75,3.75
R0232,ORG22,0,,860,2,30,2,1,2.7,4.5,1,3.0,3,1,1,1,351.0,2768,5,3.0,3.0,3.0,3.0,3.0,3.0,3.0,3.0,3.0,3.0,3.0,3.0,3.0,3.0,3.0,3.0,3.0,3.0,3.0,3.0,3.0,3.0,3.0,3.0,3.0,3.0,3.0,3.0,3.0,3.0,3.0,3.0,3.0,3.0,3.0,3.0,3.0,3.0,3.0,3.0,3.0,3.0,3.0,3.0,3.0,3.0,3.0,3.0,3.0,3.0,3.0,3.0,3.0,3.0,3.0,3.0,3.0,3.0,3.0,3.0,3.0,3.0,3.0,3.0,3.0,3.0,3.0,3.0,3.0,3.0,3.0,3.0,3.0,3.0,3.0,3.0,3.0,3.0,3.0,3.0,3.0,3.0,3.0,3.0,3.0,3.0,3.0,3.0,3.0,3.0,3.0,3.0,3.0,3.0,3.0,3.0,1.0,3.0,4.0,3.0,3.0,4.0,4.0,3.0,3.0,2.0,3.0,3.0,2.0,3.0,2.0,3.0,5.0,3.0,2.0,3.0,2.0,2.0,2.0,3.0,4.0,3.0,4.0,0.0,24.0,1.0,3.0,3.0,3.0,3.0,3.0,3.0,3.0,3.0,3.0,3.0,3.0,3.0,3.0,3.0,3.0,3.0,3.0,3.0,3.0,3.0,3.0,3.0,3.0,3.0,3.0,3.0,3.0,3.0,3.0,3.0,3.0
R0233,ORG22,0,,475,2,32,5,1,0.4,2.2,2,2.0,2,1,1,4,243.0,2768,5,2.0,3.0,3.0,3.0,4.0,3.0,3.0,4.0,2.0,3.0,2.0,2.0,3.0,4.0,3.0,4.0,3.0,3.0,2.0,2.0,4.0,4.0,4.0,4.0,5.0,3.0,3.0,3.0,4.0,4.0,4.0,3.0,4.0,5.0,2.0,3.0,3.0,2.0,3.0,3.0,3.0,2.0,4.0,3.0,4.0,5.0,5.0,4.0,4.0,4.0,3.0,3.0,2.0,4.0,4.0,5.0,5.0,4.0,4.0,4.0,4.0,4.0,4.0,2.0,4.0,4.0,3.0,5.0,5.0,5.0,5.0,5.0,2.0,3.0,2.0,2.0,3.0,5.0,3.0,3.0,4.0,4.0,2.0,3.0,4.0,4.0,4.0,3.0,4.0,3.0,3.0,3.0,4.0,3.0,4.0,4.0,4.0,3.0,3.0,4.0,4.0,5.0,4.0,3.0,4.0,4.0,4.0,3.0,4.0,3.0,3.0,2.0,4.0,2.0,2.0,4.0,3.0,4.0,4.0,4.0,1.0,3.0,3.0,1.0,9.4,1.0,2.75,2.5,2.25,2.5,2.5,2.0,2.4166666666666665,3.6,4.0,2.6,3.0,3.3,4.5,3.5,3.75,4.25,4.0,3.5,4.0,5.0,4.166666666666667,2.375,2.375,3.4,3.4,3.6666666666666665,3.6666666666666665,3.25,3.25,3.75,3.75
R0234,ORG22,0,,1100,1,29,3,1,4.0,4.3,0,1.0,1,1,1,4,256.0,2768,5,2.0,3.0,2.0,2.0,5.0,5.0,5.0,4.0,1.0,2.0,1.0,3.0,3.0,4.0,5.0,5.0,1.0,2.0,1.0,2.0,4.0,3.0,3.0,4.0,1.0,2.0,2.0,2.0,1.0,3.0,2.0,2.0,4.0,2.0,3.0,2.0,4.0,3.0,3.0,1.0,3.0,3.0,2.0,2.0,5.0,3.0,4.0,3.0,5.0,4.0,4.0,4.0,3.0,2.0,2.0,3.0,4.0,3.0,5.0,4.0,4.0,3.0,3.0,4.0,3.0,4.0,3.0,3.0,2.0,2.0,3.0,3.0,2.0,3.0,2.0,2.0,3.0,2.0,2.0,3.0,3.0,3.0,4.0,4.0,4.0,3.0,4.0,3.0,3.0,2.0,3.0,3.0,4.0,2.0,4.0,4.0,2.0,3.0,3.0,2.0,3.0,3.0,4.0,4.0,3.0,2.0,1.0,1.0,3.0,2.0,3.0,4.0,4.0,5.0,2.0,3.0,2.0,2.0,3.0,3.0,3.0,3.0,3.0,0.0,3.2,1.0,2.25,1.25,1.75,1.75,1.5,2.5,1.8333333333333333,1.6,2.6,3.0,2.2,2.35,3.75,4.25,2.5,4.0,3.625,3.5,3.25,2.5,3.0833333333333335,2.625,2.625,3.6,3.6,3.3333333333333335,3.3333333333333335,2.75,2.75,3.5,3.5
R0236,ORG22,0,,832,1,28,1,1,0.2,1.8,2,1.0,3,2,1,5,,2768,5,2.0,3.0,3.0,3.0,3.0,4.0,4.0,4.0,3.0,3.0,3.0,2.0,3.0,3.0,2.0,3.0,2.0,3.0,3.0,4.0,4.0,4.0,4.0,4.0,3.0,3.0,3.0,2.0,3.0,3.0,4.0,2.0,4.0,5.0,3.0,2.0,2.0,4.0,4.0,3.0,2.0,2.0,3.0,2.0,2.0,3.0,4.0,2.0,3.0,3.0,2.0,2.0,4.0,5.0,3.0,4.0,2.0,3.0,3.0,3.0,1.0,1.0,2.0,3.0,2.0,3.0,2.0,3.0,2.0,3.0,2.0,4.0,2.0,2.0,1.0,2.0,2.0,4.0,2.0,2.0,5.0,4.0,5.0,5.0,4.0,5.0,5.0,4.0,3.0,4.0,3.0,3.0,3.0,4.0,3.0,3.0,2.0,3.0,4.0,2.0,3.0,3.0,5.0,5.0,5.0,3.0,3.0,2.0,4.0,5.0,3.0,5.0,3.0,4.0,3.0,3.0,2.0,4.0,5.0,3.0,3.0,3.0,3.0,1.0,12.4,1.0,2.75,2.25,2.75,3.25,3.0,2.0,2.6666666666666665,2.8,3.6,2.6,2.4,2.85,2.75,2.5,4.0,2.75,3.0,1.75,2.5,2.75,2.3333333333333335,1.875,1.875,4.6,4.6000000000000005,4.666666666666667,4.666666666666667,3.25,3.25,3.25,3.25
R0237,ORG22,0,,616,1,28,3,1,1.7,6.5,1,2.0,1,1,1,10,254.0,2768,5,3.0,3.0,3.0,3.0,3.0,2.0,3.0,2.0,3.0,3.0,2.0,3.0,3.0,3.0,2.0,4.0,3.0,5.0,5.0,4.0,3.0,2.0,4.0,3.0,5.0,4.0,4.0,5.0,5.0,3.0,4.0,4.0,4.0,3.0,4.0,5.0,3.0,4.0,2.0,5.0,4.0,3.0,5.0,4.0,5.0,5.0,5.0,4.0,5.0,5.0,5.0,5.0,4.0,3.0,4.0,4.0,5.0,4.0,5.0,4.0,3.0,5.0,5.0,5.0,5.0,5.0,5.0,5.0,4.0,5.0,5.0,5.0,5.0,5.0,5.0,5.0,5.0,1.0,4.0,5.0,4.0,4.0,5.0,4.0,4.0,3.0,4.0,3.0,5.0,5.0,4.0,5.0,3.0,2.0,4.0,3.0,4.0,4.0,3.0,5.0,5.0,5.0,4.0,5.0,3.0,4.0,3.0,4.0,4.0,3.0,3.0,3.0,3.0,2.0,3.0,4.0,3.0,4.0,3.0,3.0,3.0,1.0,2.0,1.0,0.8,1.0,3.0,3.5,2.75,3.0,4.25,3.0,3.25,4.6,3.6,4.0,4.2,4.1,4.75,5.0,3.75,4.5,4.5,4.5,5.0,4.75,4.75,4.875,4.875,4.2,4.2,3.3333333333333335,3.3333333333333335,4.75,4.75,3.0,3.0
R0238,ORG23,0,,488,2,20,4,1,4.0,6.0,1,2.0,1,2,1,2,263.0,1365,3,3.0,4.0,4.0,4.0,3.0,3.0,3.0,3.0,3.0,2.0,3.0,3.0,4.0,3.0,4.0,5.0,3.0,4.0,4.0,4.0,4.0,3.0,5.0,3.0,3.0,3.0,3.0,2.0,1.0,4.0,3.0,3.0,4.0,5.0,3.0,4.0,3.0,2.0,2.0,4.0,3.0,4.0,2.0,3.0,2.0,2.0,3.0,2.0,4.0,4.0,2.0,3.0,3.0,4.0,3.0,4.0,2.0,1.0,1.0,2.0,1.0,2.0,4.0,2.0,4.0,4.0,3.0,4.0,2.0,2.0,2.0,2.0,2.0,4.0,3.0,3.0,3.0,2.0,3.0,2.0,2.0,2.0,3.0,2.0,2.0,3.0,3.0,3.0,4.0,2.0,5.0,4.0,2.0,2.0,3.0,3.0,3.0,3.0,3.0,3.0,2.0,3.0,3.0,3.0,3.0,3.0,2.0,2.0,4.0,4.0,3.0,3.0,3.0,3.0,3.0,3.0,4.0,4.0,4.0,2.0,2.0,2.0,3.0,0.0,3.0,1.0,3.75,3.0,2.75,2.0,3.75,2.25,2.9166666666666665,2.4,3.8,3.2,3.2,3.15,2.25,3.25,3.5,1.5,2.625,2.25,3.75,2.0,2.6666666666666665,3.0,3.0,2.2,2.1999999999999997,3.0,3.0,3.75,3.75,2.5,2.5
R0239,ORG23,0,,495,1,26,3,1,0.5,4.4,1,1.0,3,1,1,7,217.0,1365,3,3.0,3.0,4.0,2.0,2.0,3.0,3.0,4.0,3.0,4.0,5.0,3.0,2.0,3.0,2.0,3.0,3.0,4.0,4.0,4.0,2.0,3.0,3.0,3.0,3.0,5.0,3.0,4.0,4.0,4.0,4.0,3.0,4.0,4.0,3.0,2.0,3.0,2.0,4.0,2.0,3.0,1.0,3.0,2.0,3.0,,,4.0,3.0,3.0,3.0,4.0,4.0,3.0,5.0,4.0,4.0,4.0,4.0,5.0,3.0,3.0,3.0,3.0,3.0,3.0,3.0,3.0,3.0,4.0,3.0,4.0,3.0,2.0,3.0,2.0,2.0,3.0,2.0,2.0,2.0,4.0,4.0,3.0,3.0,4.0,5.0,4.0,3.0,1.0,2.0,,4.0,2.0,2.0,3.0,3.0,4.0,4.0,3.0,3.0,3.0,3.0,4.0,4.0,3.0,3.0,3.0,3.0,3.0,3.0,3.0,4.0,3.0,2.0,4.0,3.0,3.0,3.0,3.0,3.0,2.0,3.0,1.0,2.3,1.0,3.0,3.0,3.75,3.5,3.75,3.25,3.375,3.8,3.8,2.4,2.2,3.05,3.5,3.25,4.0,4.25,3.7857142857142856,3.0,3.0,3.5,3.1666666666666665,2.375,2.375,3.2,3.1999999999999997,4.333333333333333,4.333333333333333,2.0,2.0,2.75,2.75
R0240,ORG23,0,,970,2,38,1,1,0.5,1.8,0,0.0,1,1,1,7,439.0,1365,3,3.0,3.0,3.0,3.0,3.0,3.0,3.0,3.0,3.0,3.0,3.0,3.0,3.0,3.0,3.0,3.0,3.0,3.0,3.0,3.0,3.0,3.0,3.0,3.0,3.0,3.0,3.0,3.0,3.0,3.0,3.0,3.0,3.0,3.0,3.0,3.0,3.0,3.0,3.0,3.0,3.0,3.0,3.0,3.0,3.0,3.0,3.0,3.0,3.0,3.0,3.0,3.0,3.0,3.0,3.0,3.0,3.0,3.0,3.0,3.0,3.0,3.0,3.0,3.0,3.0,3.0,3.0,3.0,3.0,3.0,3.0,3.0,3.0,3.0,3.0,3.0,3.0,3.0,3.0,3.0,3.0,3.0,3.0,3.0,3.0,3.0,3.0,3.0,3.0,3.0,3.0,3.0,3.0,3.0,3.0,3.0,3.0,4.0,4.0,3.0,1.0,2.0,3.0,2.0,3.0,3.0,3.0,3.0,2.0,3.0,4.0,4.0,4.0,3.0,2.0,4.0,3.0,3.0,4.0,2.0,3.0,3.0,3.0,0.0,9.0,1.0,3.0,3.0,3.0,3.0,3.0,3.0,3.0,3.0,3.0,3.0,3.0,3.0,3.0,3.0,3.0,3.0,3.0,3.0,3.0,3.0,3.0,3.0,3.0,3.0,3.0,3.0,3.0,3.0,3.0,3.0,3.0
R0241,ORG23,0,,690,2,35,5,2,6.0,6.3,1,0.0,1,1,2,4,211.0,1365,3,4.0,3.0,3.0,3.0,2.0,4.0,3.0,3.0,4.0,4.0,4.0,4.0,2.0,2.0,1.0,2.0,4.0,4.0,2.0,3.0,2.0,2.0,2.0,3.0,4.0,3.0,4.0,3.0,3.0,2.0,3.0,3.0,3.0,4.0,3.0,3.0,3.0,2.0,3.0,3.0,3.0,3.0,3.0,3.0,3.0,3.0,4.0,3.0,3.0,4.0,3.0,4.0,4.0,3.0,4.0,5.0,4.0,,4.0,4.0,4.0,3.0,4.0,4.0,3.0,2.0,3.0,4.0,3.0,4.0,3.0,3.0,3.0,5.0,5.0,4.0,4.0,2.0,4.0,4.0,4.0,3.0,3.0,3.0,4.0,3.0,4.0,4.0,4.0,3.0,4.0,3.0,4.0,2.0,4.0,3.0,3.0,3.0,2.0,4.0,4.0,4.0,5.0,4.0,3.0,3.0,3.0,2.0,3.0,3.0,4.0,4.0,3.0,3.0,3.0,4.0,3.0,2.0,4.0,4.0,1.0,2.0,2.0,0.0,1.3,1.0,3.25,3.0,4.0,4.25,3.25,3.75,3.5833333333333335,3.4,3.0,2.8,3.0,3.05,3.25,3.5,4.0,4.0,3.6666666666666665,3.75,3.0,3.25,3.3333333333333335,4.125,4.125,3.4,3.4,3.6666666666666665,3.6666666666666665,3.5,3.5,3.25,3.25
R0242,ORG23,0,,1460,2,25,2,1,2.0,9.0,1,1.0,3,1,1,9,667.0,1365,3,3.0,4.0,2.0,3.0,2.0,2.0,3.0,3.0,2.0,3.0,3.0,4.0,4.0,3.0,4.0,4.0,3.0,4.0,3.0,2.0,2.0,2.0,3.0,2.0,3.0,3.0,3.0,3.0,4.0,3.0,4.0,4.0,4.0,4.0,4.0,4.0,4.0,3.0,2.0,2.0,3.0,3.0,3.0,3.0,3.0,2.0,5.0,3.0,2.0,2.0,1.0,1.0,2.0,2.0,3.0,4.0,4.0,3.0,3.0,3.0,3.0,1.0,4.0,3.0,3.0,3.0,1.0,2.0,2.0,2.0,3.0,3.0,2.0,4.0,5.0,4.0,2.0,3.0,4.0,4.0,3.0,4.0,4.0,5.0,5.0,4.0,5.0,4.0,3.0,2.0,3.0,2.0,3.0,3.0,3.0,3.0,4.0,3.0,3.0,3.0,3.0,2.0,4.0,4.0,4.0,4.0,3.0,2.0,3.0,3.0,2.0,3.0,3.0,4.0,3.0,3.0,3.0,2.0,2.0,2.0,2.0,4.0,3.0,1.0,1.1,1.0,3.0,3.5,3.0,2.25,3.0,3.75,3.0833333333333335,3.2,3.8,3.8,2.8,3.4,3.25,1.5,2.75,3.25,2.6875,2.75,2.25,2.5,2.5,3.5,3.5,4.2,4.2,4.333333333333333,4.333333333333333,2.5,2.5,3.0,3.0
R0243,ORG23,0,,608,1,21,2,2,8.6,8.7,2,1.0,3,1,1,9,172.0,1365,3,5.0,3.0,3.0,3.0,3.0,3.0,4.0,3.0,3.0,4.0,2.0,3.0,2.0,3.0,2.0,2.0,4.0,3.0,3.0,3.0,4.0,4.0,3.0,3.0,3.0,3.0,5.0,4.0,3.0,3.0,2.0,2.0,2.0,3.0,4.0,5.0,4.0,4.0,3.0,2.0,3.0,2.0,2.0,2.0,2.0,3.0,5.0,2.0,4.0,3.0,3.0,3.0,1.0,3.0,4.0,2.0,2.0,3.0,3.0,2.0,3.0,1.0,3.0,3.0,2.0,2.0,2.0,3.0,2.0,3.0,4.0,4.0,3.0,5.0,4.0,3.0,4.0,3.0,4.0,4.0,2.0,3.0,2.0,2.0,3.0,3.0,3.0,3.0,2.0,2.0,3.0,3.0,4.0,3.0,2.0,3.0,4.0,3.0,3.0,2.0,2.0,3.0,3.0,3.0,3.0,3.0,3.0,3.0,3.0,3.0,2.0,3.0,3.0,3.0,2.0,2.0,3.0,3.0,3.0,3.0,3.0,2.0,4.0,0.0,9.9,0.0,3.5,2.75,3.0,3.75,3.25,2.5,3.125,3.6,2.4,4.0,2.2,3.05,3.0,3.25,2.5,2.5,2.8125,2.5,2.25,3.25,2.6666666666666665,3.75,3.75,2.4,2.4,3.0,3.0,2.5,2.5,3.0,3.0
R0244,ORG23,0,,774,2,35,2,2,0.6,1.8,0,1.0,3,3,1,7,365.0,1365,3,4.0,5.0,4.0,4.0,3.0,3.0,4.0,2.0,4.0,4.0,3.0,4.0,3.0,2.0,2.0,3.0,3.0,2.0,5.0,3.0,3.0,2.0,3.0,3.0,4.0,5.0,3.0,4.0,3.0,4.0,4.0,3.0,4.0,2.0,4.0,5.0,4.0,5.0,1.0,4.0,4.0,4.0,5.0,2.0,4.0,5.0,3.0,3.0,3.0,4.0,4.0,3.0,4.0,4.0,5.0,5.0,4.0,3.0,5.0,4.0,4.0,5.0,4.0,5.0,5.0,5.0,5.0,5.0,4.0,3.0,4.0,2.0,3.0,3.0,3.0,4.0,3.0,3.0,2.0,3.0,4.0,4.0,4.0,3.0,3.0,1.0,2.0,3.0,4.0,3.0,4.0,3.0,3.0,3.0,3.0,2.0,3.0,4.0,4.0,4.0,3.0,5.0,3.0,2.0,1.0,4.0,4.0,4.0,4.0,4.0,3.0,2.0,3.0,3.0,4.0,4.0,5.0,3.0,4.0,3.0,3.0,3.0,2.0,0.0,12.4,0.0,4.25,3.0,3.75,3.5,3.25,3.25,3.5,3.8,3.4,4.6,3.8,3.9,3.75,3.5,4.5,4.0,3.9375,4.5,5.0,3.25,4.25,3.0,3.0,3.6,3.6,2.0,2.0,3.5,3.5,2.75,2.75
R0245,ORG23,0,,1477,1,34,2,2,5.6,8.9,1,0.0,2,3,1,4,247.0,1365,3,3.0,3.0,4.0,3.0,3.0,4.0,3.0,3.0,3.0,3.0,2.0,2.0,3.0,4.0,5.0,4.0,2.0,3.0,3.0,2.0,3.0,2.0,4.0,4.0,4.0,4.0,4.0,4.0,4.0,4.0,4.0,3.0,4.0,3.0,5.0,4.0,5.0,4.0,2.0,4.0,5.0,3.0,4.0,3.0,4.0,5.0,4.0,3.0,3.0,4.0,4.0,4.0,4.0,5.0,5.0,5.0,5.0,5.0,5.0,4.0,4.0,5.0,4.0,4.0,5.0,5.0,5.0,5.0,5.0,5.0,5.0,5.0,4.0,2.0,2.0,4.0,4.0,3.0,3.0,4.0,3.0,5.0,4.0,4.0,3.0,3.0,3.0,3.0,4.0,4.0,4.0,3.0,4.0,5.0,5.0,5.0,2.0,4.0,3.0,5.0,4.0,5.0,2.0,3.0,4.0,3.0,3.0,3.0,5.0,5.0,5.0,3.0,2.0,3.0,4.0,4.0,5.0,5.0,4.0,3.0,3.0,4.0,5.0,0.0,26.3,1.0,3.25,2.75,2.5,2.0,2.5,2.75,2.625,4.0,3.6,4.4,3.8,3.95,4.0,3.75,4.75,4.75,4.3125,4.25,5.0,5.0,4.75,3.25,3.25,3.8,3.8000000000000003,3.0,3.0,3.75,3.75,4.75,4.75
R0246,ORG24,0,,879,1,31,2,1,1.6,2.9,0,2.0,1,2,1,4,164.0,2040,4,3.0,4.0,3.0,4.0,3.0,2.0,4.0,3.0,3.0,4.0,4.0,4.0,2.0,2.0,2.0,3.0,3.0,3.0,4.0,3.0,2.0,3.0,3.0,2.0,3.0,3.0,3.0,3.0,3.0,3.0,3.0,3.0,3.0,1.0,4.0,4.0,4.0,4.0,2.0,3.0,3.0,4.0,3.0,2.0,5.0,4.0,3.0,4.0,5.0,5.0,5.0,5.0,3.0,3.0,5.0,4.0,4.0,3.0,3.0,4.0,2.0,3.0,3.0,4.0,3.0,3.0,2.0,3.0,3.0,3.0,2.0,2.0,3.0,4.0,5.0,3.0,5.0,1.0,5.0,4.0,3.0,2.0,3.0,2.0,3.0,4.0,3.0,4.0,3.0,3.0,4.0,4.0,3.0,5.0,3.0,4.0,5.0,5.0,4.0,3.0,2.0,3.0,3.0,4.0,3.0,3.0,3.0,4.0,4.0,4.0,5.0,3.0,3.0,5.0,4.0,4.0,3.0,3.0,4.0,3.0,3.0,3.0,3.0,1.0,27.2,0.0,3.5,3.0,3.75,3.75,3.25,3.5,3.4583333333333335,3.0,2.6,4.0,3.0,3.15,4.0,5.0,3.75,3.5,4.0625,3.0,2.75,2.5,2.75,4.25,4.25,2.6,2.6,3.6666666666666665,3.6666666666666665,3.5,3.5,3.75,3.75
R0247,ORG24,0,,817,2,28,3,2,0.9,2.6,3,0.0,3,2,1,10,,2040,4,3.0,3.0,3.0,3.0,3.0,3.0,3.0,3.0,3.0,3.0,3.0,3.0,3.0,3.0,3.0,3.0,3.0,3.0,3.0,3.0,3.0,3.0,3.0,3.0,3.0,3.0,3.0,3.0,3.0,3.0,3.0,3.0,3.0,3.0,3.0,3.0,3.0,3.0,3.0,3.0,3.0,3.0,3.0,3.0,3.0,3.0,3.0,3.0,3.0,3.0,3.0,3.0,3.0,3.0,3.0,3.0,3.0,3.0,3.0,3.0,3.0,3.0,3.0,3.0,3.0,3.0,3.0,3.0,3.0,3.0,3.0,3.0,3.0,3.0,3.0,3.0,3.0,3.0,3.0,3.0,3.0,3.0,3.0,3.0,3.0,3.0,3.0,3.0,3.0,3.0,3.0,3.0,3.0,3.0,3.0,3.0,2.0,2.0,2.0,4.0,4.0,4.0,3.0,3.0,3.0,3.0,3.0,3.0,3.0,4.0,4.0,4.0,2.0,4.0,,,,,,,,,,0.0,10.8,1.0,3.0,3.0,3.0,3.0,3.0,3.0,3.0,3.0,3.0,3.0,3.0,3.0,3.0,3.0,3.0,3.0,3.0,3.0,3.0,3.0,3.0,3.0,3.0,3.0,3.0,3.0,3.0,3.0,3.0,3.0,3.0
R0248,ORG24,0,,758,1,22,3,1,6.2,12.9,2,1.0,2,1,1,4,155.0,2040,4,3.0,2.0,2.0,4.0,4.0,3.0,4.0,5.0,3.0,3.0,2.0,3.0,4.0,3.0,3.0,4.0,3.0,2.0,2.0,,3.0,4.0,4.0,3.0,2.0,3.0,4.0,3.0,3.0,4.0,2.0,3.0,3.0,5.0,4.0,3.0,3.0,4.0,1.0,4.0,3.0,4.0,5.0,4.0,1.0,2.0,2.0,2.0,3.0,5.0,3.0,4.0,4.0,3.0,4.0,4.0,4.0,3.0,3.0,3.0,4.0,4.0,4.0,2.0,3.0,5.0,4.0,4.0,4.0,4.0,5.0,4.0,2.0,3.0,4.0,3.0,3.0,2.0,3.0,4.0,4.0,4.0,4.0,4.0,3.0,3.0,3.0,2.0,3.0,5.0,5.0,4.0,2.0,3.0,2.0,3.0,2.0,4.0,3.0,5.0,4.0,4.0,2.0,2.0,2.0,5.0,3.0,3.0,3.0,3.0,4.0,2.0,2.0,1.0,1.0,4.0,3.0,5.0,4.0,4.0,2.0,3.0,3.0,0.0,26.0,0.0,2.75,2.0,2.75,2.5,2.3333333333333335,2.5,2.4782608695652173,3.0,3.4,3.8,4.0,3.55,1.75,3.75,3.75,3.25,3.125,3.5,4.0,4.25,3.9166666666666665,3.25,3.25,3.8,3.8000000000000003,2.6666666666666665,2.6666666666666665,4.25,4.25,2.5,2.5
R0249,ORG24,0,,1441,1,34,3,1,1.8,2.7,4,0.0,2,1,1,4,97.0,2040,4,4.0,2.0,3.0,2.0,2.0,4.0,3.0,4.0,2.0,3.0,2.0,3.0,4.0,4.0,5.0,3.0,2.0,2.0,2.0,2.0,3.0,3.0,4.0,3.0,3.0,4.0,4.0,3.0,3.0,3.0,2.0,2.0,4.0,3.0,5.0,5.0,4.0,4.0,3.0,3.0,3.0,2.0,4.0,2.0,3.0,3.0,4.0,5.0,3.0,2.0,2.0,2.0,2.0,3.0,3.0,3.0,4.0,2.0,3.0,4.0,4.0,4.0,3.0,4.0,4.0,4.0,4.0,,3.0,3.0,5.0,3.0,5.0,3.0,2.0,4.0,4.0,3.0,3.0,3.0,5.0,4.0,3.0,4.0,5.0,3.0,2.0,2.0,3.0,2.0,2.0,2.0,2.0,2.0,3.0,3.0,2.0,4.0,3.0,4.0,3.0,4.0,3.0,3.0,3.0,1.0,2.0,2.0,4.0,4.0,3.0,3.0,3.0,3.0,2.0,3.0,3.0,4.0,4.0,3.0,3.0,3.0,3.0,0.0,19.4,1.0,2.75,2.75,2.5,2.0,2.0,2.75,2.4583333333333335,3.4,2.8,4.2,2.8,3.3,3.75,2.25,2.75,3.25,3.0,3.75,4.0,3.5,3.727272727272727,3.375,3.375,4.2,4.2,2.3333333333333335,2.3333333333333335,2.25,2.25,2.5,2.5
R0250,ORG24,0,,1112,1,33,3,1,1.9,9.2,2,1.0,1,1,1,7,161.0,2040,4,2.0,3.0,1.0,2.0,3.0,4.0,3.0,5.0,3.0,3.0,3.0,2.0,5.0,4.0,5.0,5.0,1.0,3.0,4.0,3.0,4.0,5.0,4.0,4.0,2.0,3.0,2.0,4.0,3.0,3.0,4.0,4.0,3.0,3.0,3.0,3.0,3.0,4.0,3.0,2.0,3.0,1.0,2.0,2.0,2.0,2.0,2.0,3.0,3.0,3.0,2.0,3.0,3.0,2.0,3.0,2.0,2.0,2.0,2.0,1.0,4.0,3.0,3.0,4.0,3.0,3.0,3.0,2.0,4.0,4.0,3.0,3.0,2.0,2.0,3.0,3.0,3.0,5.0,2.0,3.0,4.0,5.0,5.0,5.0,3.0,3.0,4.0,4.0,2.0,2.0,2.0,3.0,3.0,5.0,4.0,4.0,2.0,3.0,3.0,4.0,4.0,3.0,3.0,4.0,4.0,4.0,4.0,4.0,3.0,2.0,2.0,3.0,4.0,3.0,3.0,2.0,3.0,2.0,2.0,3.0,4.0,4.0,4.0,0.0,23.6,0.0,2.0,2.25,2.75,1.25,2.75,1.75,2.125,2.8,3.4,3.2,2.0,2.85,2.25,2.75,2.5,1.75,2.3125,3.5,2.75,3.5,3.25,2.375,2.375,4.4,4.3999999999999995,3.6666666666666665,3.6666666666666665,2.25,2.25,4.0,4.0
R0251,ORG24,0,,765,2,36,3,1,1.8,4.4,1,0.0,2,3,1,10,112.0,2040,4,4.0,5.0,4.0,4.0,2.0,3.0,2.0,2.0,5.0,4.0,4.0,3.0,3.0,2.0,3.0,4.0,5.0,3.0,3.0,3.0,2.0,3.0,2.0,3.0,4.0,3.0,4.0,4.0,5.0,4.0,4.0,3.0,3.0,5.0,5.0,5.0,4.0,5.0,2.0,4.0,4.0,4.0,5.0,5.0,3.0,4.0,4.0,3.0,5.0,5.0,4.0,5.0,3.0,5.0,4.0,5.0,4.0,2.0,5.0,3.0,5.0,4.0,5.0,5.0,5.0,4.0,5.0,5.0,4.0,4.0,4.0,4.0,3.0,3.0,5.0,5.0,4.0,2.0,4.0,5.0,1.0,3.0,3.0,4.0,2.0,5.0,3.0,4.0,2.0,3.0,3.0,3.0,4.0,4.0,3.0,3.0,5.0,5.0,4.0,4.0,3.0,4.0,3.0,4.0,4.0,3.0,4.0,4.0,4.0,3.0,3.0,3.0,4.0,3.0,3.0,4.0,3.0,3.0,3.0,4.0,3.0,3.0,4.0,0.0,11.3,1.0,4.25,3.75,4.0,3.0,3.5,3.5,3.6666666666666665,4.0,3.8,4.6,4.4,4.2,3.5,4.75,4.25,3.5,4.0,4.75,4.75,4.0,4.5,4.125,4.125,2.6,2.6,4.0,4.0,2.75,2.75,3.5,3.5
R0252,ORG24,0,,1092,1,28,3,1,2.9,5.4,0,3.0,2,1,1,3,472.0,2040,4,2.0,4.0,3.0,3.0,4.0,3.0,3.0,4.0,3.0,4.0,3.0,3.0,4.0,4.0,3.0,3.0,3.0,2.0,4.0,4.0,4.0,4.0,2.0,3.0,2.0,4.0,3.0,2.0,2.0,2.0,2.0,2.0,3.0,2.0,2.0,2.0,1.0,2.0,4.0,3.0,3.0,2.0,3.0,3.0,3.0,4.0,4.0,4.0,3.0,4.0,2.0,3.0,3.0,2.0,3.0,3.0,4.0,3.0,2.0,2.0,3.0,4.0,4.0,4.0,4.0,4.0,4.0,4.0,3.0,3.0,4.0,3.0,2.0,2.0,2.0,1.0,3.0,3.0,2.0,3.0,2.0,1.0,2.0,3.0,1.0,3.0,3.0,1.0,4.0,4.0,4.0,4.0,3.0,2.0,3.0,3.0,3.0,3.0,4.0,4.0,3.0,3.0,3.0,3.0,2.0,,,,,,,,,,,,,,,,,,,0.0,1.2,1.0,3.0,2.5,3.25,2.5,3.25,2.75,2.875,2.6,2.2,1.8,2.8,2.35,3.75,3.0,2.75,2.75,3.0625,3.75,4.0,3.25,3.6666666666666665,2.25,2.25,1.8,1.8,2.3333333333333335,2.3333333333333335,4.0,4.0,2.75,2.75
R0253,ORG24,0,,1314,2,34,3,1,0.6,2.1,2,3.0,1,1,1,9,190.0,2040,4,4.0,3.0,3.0,3.0,3.0,2.0,3.0,3.0,3.0,4.0,4.0,3.0,2.0,3.0,3.0,3.0,3.0,3.0,4.0,3.0,3.0,1.0,3.0,2.0,4.0,4.0,4.0,3.0,4.0,3.0,2.0,2.0,2.0,2.0,3.0,4.0,4.0,3.0,2.0,4.0,4.0,4.0,3.0,3.0,5.0,4.0,5.0,3.0,5.0,4.0,4.0,3.0,3.0,3.0,3.0,4.0,4.0,3.0,5.0,5.0,3.0,2.0,4.0,4.0,4.0,4.0,3.0,3.0,4.0,4.0,5.0,4.0,4.0,3.0,3.0,4.0,3.0,4.0,2.0,5.0,5.0,3.0,5.0,4.0,4.0,2.0,1.0,2.0,4.0,4.0,4.0,4.0,,2.0,2.0,3.0,3.0,5.0,5.0,5.0,4.0,3.0,2.0,3.0,2.0,,,,,,,,,,,,,,,,,,,0.0,13.4,0.0,3.25,3.25,3.5,3.25,3.25,3.75,3.375,3.8,2.2,3.6,3.6,3.3,4.25,4.0,3.25,4.25,3.9375,3.25,3.5,4.25,3.6666666666666665,3.25,3.25,4.2,4.2,1.6666666666666667,1.6666666666666667,4.0,4.0,2.3333333333333335,2.3333333333333335
R0254,ORG25,0,,840,1,37,2,1,10.5,11.8,2,3.0,3,2,1,6,,2976,4,3.0,2.0,4.0,5.0,2.0,3.0,4.0,3.0,4.0,4.0,2.0,3.0,4.0,2.0,3.0,3.0,3.0,4.0,5.0,5.0,3.0,2.0,2.0,3.0,4.0,5.0,5.0,4.0,4.0,5.0,4.0,5.0,3.0,4.0,3.0,4.0,3.0,4.0,4.0,3.0,3.0,3.0,3.0,4.0,4.0,3.0,5.0,2.0,4.0,3.0,3.0,3.0,4.0,3.0,5.0,5.0,4.0,3.0,4.0,4.0,3.0,3.0,4.0,3.0,4.0,4.0,4.0,4.0,3.0,3.0,3.0,2.0,4.0,4.0,4.0,3.0,3.0,4.0,2.0,2.0,4.0,3.0,4.0,3.0,3.0,3.0,3.0,3.0,3.0,3.0,3.0,3.0,4.0,4.0,4.0,4.0,3.0,3.0,2.0,3.0,3.0,5.0,4.0,4.0,3.0,,,,,,,,,,,,,,,,,,,0.0,6.4,1.0,3.5,3.0,3.25,3.0,4.25,3.5,3.4166666666666665,4.4,4.2,3.2,3.2,3.75,3.5,3.25,4.25,3.75,3.6875,3.25,4.0,2.75,3.3333333333333335,3.0,3.0,3.4,3.4,3.0,3.0,3.0,3.0,4.0,4.0
R0255,ORG25,0,,721,1,33,3,1,2.0,4.6,1,4.0,4,3,1,4,217.0,2976,4,4.0,3.0,3.0,3.0,4.0,4.0,3.0,5.0,3.0,3.0,4.0,2.0,5.0,4.0,4.0,3.0,3.0,3.0,5.0,4.0,4.0,4.0,4.0,4.0,3.0,4.0,5.0,4.0,4.0,4.0,3.0,4.0,,2.0,2.0,2.0,2.0,3.0,4.0,3.0,4.0,2.0,3.0,2.0,3.0,3.0,3.0,4.0,3.0,3.0,3.0,4.0,3.0,4.0,3.0,4.0,4.0,4.0,5.0,4.0,5.0,2.0,3.0,3.0,4.0,3.0,5.0,5.0,4.0,3.0,5.0,4.0,3.0,3.0,3.0,2.0,3.0,2.0,2.0,2.0,1.0,3.0,1.0,2.0,1.0,3.0,4.0,3.0,3.0,3.0,3.0,3.0,5.0,3.0,2.0,3.0,4.0,3.0,3.0,4.0,4.0,4.0,4.0,4.0,3.0,3.0,2.0,3.0,3.0,3.0,3.0,3.0,4.0,3.0,2.0,2.0,3.0,3.0,4.0,2.0,4.0,4.0,4.0,0.0,3.2,1.0,3.25,2.0,3.0,2.0,3.75,2.0,2.6666666666666665,4.0,3.25,2.2,2.8,3.0526315789473686,3.25,3.25,3.5,4.25,3.5625,3.25,4.25,4.0,3.8333333333333335,2.75,2.75,1.6,1.5999999999999999,3.3333333333333335,3.3333333333333335,3.0,3.0,3.25,3.25
R0256,ORG25,0,,687,1,31,2,1,2.1,3.0,2,0.0,2,2,1,1,174.0,2976,4,2.0,3.0,1.0,1.0,3.0,4.0,4.0,3.0,3.0,3.0,2.0,3.0,4.0,4.0,2.0,4.0,3.0,3.0,2.0,2.0,4.0,4.0,4.0,4.0,3.0,3.0,2.0,3.0,3.0,4.0,4.0,5.0,4.0,3.0,4.0,4.0,4.0,4.0,2.0,4.0,3.0,3.0,3.0,3.0,3.0,3.0,2.0,3.0,3.0,3.0,3.0,3.0,2.0,2.0,3.0,4.0,3.0,3.0,3.0,4.0,4.0,4.0,4.0,3.0,4.0,3.0,4.0,4.0,2.0,3.0,2.0,3.0,2.0,3.0,3.0,3.0,2.0,3.0,3.0,3.0,4.0,3.0,2.0,3.0,2.0,3.0,3.0,3.0,3.0,4.0,4.0,3.0,5.0,3.0,5.0,4.0,2.0,2.0,2.0,4.0,3.0,3.0,2.0,3.0,3.0,2.0,3.0,2.0,3.0,4.0,4.0,2.0,4.0,4.0,,,,,,,,,,0.0,10.2,1.0,1.75,2.5,2.75,2.5,2.5,2.0,2.3333333333333335,2.8,4.0,4.0,3.2,3.5,2.75,3.0,2.75,3.25,2.9375,3.75,3.75,2.5,3.3333333333333335,2.75,2.75,2.8,2.8000000000000003,3.0,3.0,3.5,3.5,4.25,4.25
R0257,ORG25,0,,547,2,23,3,2,4.9,9.4,1,2.0,3,2,2,1,228.0,2976,4,4.0,4.0,3.0,3.0,2.0,2.0,3.0,3.0,4.0,4.0,3.0,3.0,4.0,3.0,4.0,5.0,1.0,2.0,3.0,2.0,3.0,4.0,4.0,3.0,2.0,1.0,2.0,4.0,2.0,1.0,2.0,3.0,4.0,2.0,3.0,2.0,2.0,2.0,3.0,4.0,3.0,3.0,2.0,3.0,3.0,4.0,2.0,4.0,3.0,2.0,2.0,2.0,3.0,3.0,4.0,4.0,5.0,3.0,4.0,3.0,3.0,4.0,4.0,3.0,3.0,4.0,4.0,5.0,2.0,3.0,3.0,3.0,2.0,3.0,3.0,3.0,2.0,5.0,3.0,3.0,3.0,3.0,3.0,4.0,3.0,2.0,4.0,2.0,3.0,2.0,4.0,3.0,3.0,4.0,3.0,2.0,3.0,3.0,3.0,4.0,4.0,4.0,3.0,3.0,3.0,4.0,4.0,2.0,4.0,5.0,5.0,3.0,4.0,3.0,2.0,3.0,2.0,4.0,4.0,3.0,4.0,3.0,2.0,0.0,12.9,0.0,3.5,3.5,3.5,2.0,2.0,2.5,2.8333333333333335,2.2,2.4,2.4,3.0,2.5,3.25,2.25,3.5,3.75,3.1875,3.5,4.0,2.75,3.4166666666666665,2.5,2.5,3.2,3.1999999999999997,2.6666666666666665,2.6666666666666665,3.0,3.0,3.0,3.0
R0258,ORG25,0,,489,1,31,2,2,4.1,10.4,3,2.0,2,1,1,5,265.0,2976,4,4.0,2.0,2.0,3.0,3.0,5.0,4.0,4.0,2.0,2.0,2.0,3.0,2.0,4.0,3.0,4.0,3.0,3.0,1.0,3.0,4.0,3.0,4.0,2.0,4.0,4.0,2.0,4.0,4.0,3.0,4.0,4.0,4.0,3.0,3.0,3.0,3.0,4.0,3.0,3.0,3.0,4.0,3.0,2.0,5.0,3.0,3.0,3.0,5.0,5.0,4.0,4.0,2.0,1.0,3.0,2.0,4.0,5.0,4.0,5.0,4.0,3.0,3.0,4.0,5.0,4.0,5.0,5.0,4.0,5.0,4.0,4.0,4.0,4.0,5.0,3.0,4.0,2.0,3.0,4.0,5.0,3.0,2.0,4.0,4.0,5.0,4.0,5.0,4.0,5.0,5.0,5.0,2.0,2.0,3.0,3.0,3.0,3.0,4.0,4.0,3.0,4.0,4.0,5.0,5.0,,,,,,,,,,,,,,,,,,,1.0,15.8,1.0,2.75,2.0,2.25,2.75,2.5,2.75,2.5,3.6,3.6,3.2,3.0,3.35,3.5,4.5,2.0,4.5,3.625,3.5,4.75,4.25,4.166666666666667,3.875,3.875,3.6,3.6,4.666666666666667,4.666666666666667,4.75,4.75,2.5,2.5
R0259,ORG25,0,,877,1,22,4,1,6.1,8.3,4,1.0,3,1,1,4,166.0,2976,4,1.0,2.0,2.0,4.0,2.0,3.0,2.0,2.0,4.0,3.0,,3.0,4.0,4.0,3.0,4.0,2.0,3.0,3.0,4.0,5.0,4.0,4.0,3.0,3.0,4.0,3.0,3.0,3.0,3.0,3.0,3.0,4.0,3.0,4.0,3.0,3.0,4.0,3.0,3.0,3.0,4.0,3.0,3.0,5.0,3.0,5.0,4.0,4.0,4.0,3.0,3.0,5.0,4.0,4.0,5.0,4.0,4.0,5.0,4.0,4.0,3.0,4.0,4.0,4.0,5.0,4.0,4.0,3.0,3.0,3.0,3.0,4.0,3.0,3.0,5.0,3.0,2.0,4.0,4.0,4.0,3.0,3.0,3.0,3.0,3.0,3.0,3.0,5.0,5.0,4.0,5.0,4.0,5.0,4.0,4.0,4.0,3.0,4.0,4.0,3.0,3.0,3.0,3.0,3.0,3.0,4.0,3.0,3.0,3.0,3.0,3.0,3.0,2.0,2.0,3.0,3.0,3.0,3.0,3.0,3.0,4.0,3.0,0.0,0.9,1.0,2.25,3.75,3.3333333333333335,2.25,3.0,2.0,2.739130434782609,3.2,3.2,3.4,3.2,3.25,4.25,3.5,4.5,4.25,4.125,3.75,4.25,3.0,3.6666666666666665,3.75,3.75,3.2,3.1999999999999997,3.0,3.0,4.75,4.75,4.25,4.25
R0260,ORG25,0,,1017,1,39,2,1,1.7,2.4,1,0.0,1,1,1,1,265.0,2976,4,3.0,2.0,2.0,2.0,3.0,5.0,3.0,3.0,2.0,4.0,3.0,4.0,4.0,4.0,4.0,3.0,3.0,3.0,5.0,4.0,3.0,3.0,3.0,4.0,3.0,3.0,2.0,3.0,1.0,2.0,2.0,1.0,2.0,3.0,2.0,3.0,2.0,2.0,4.0,3.0,3.0,3.0,1.0,1.0,3.0,2.0,3.0,1.0,4.0,3.0,3.0,3.0,3.0,2.0,2.0,3.0,2.0,3.0,1.0,2.0,4.0,3.0,4.0,3.0,3.0,4.0,2.0,2.0,4.0,3.0,3.0,3.0,3.0,2.0,1.0,2.0,3.0,5.0,2.0,3.0,2.0,2.0,1.0,2.0,4.0,4.0,3.0,3.0,2.0,2.0,3.0,,3.0,3.0,4.0,4.0,2.0,2.0,2.0,2.0,2.0,3.0,2.0,3.0,3.0,1.0,1.0,1.0,3.0,2.0,1.0,3.0,3.0,4.0,2.0,1.0,1.0,1.0,2.0,1.0,3.0,3.0,3.0,1.0,0.9,1.0,2.25,2.5,3.25,2.25,3.75,2.75,2.7916666666666665,2.4,2.0,2.2,2.2,2.2,2.25,3.25,2.5,2.0,2.5,3.5,2.75,3.25,3.1666666666666665,2.125,2.125,2.2,2.1999999999999997,3.3333333333333335,3.3333333333333335,2.3333333333333335,2.3333333333333335,3.5,3.5
R0261,ORG25,0,,827,1,35,3,1,2.4,4.4,3,,1,1,1,10,220.0,2976,4,3.0,4.0,2.0,3.0,3.0,2.0,4.0,2.0,2.0,2.0,1.0,2.0,4.0,4.0,3.0,4.0,3.0,3.0,3.0,4.0,5.0,4.0,4.0,5.0,3.0,3.0,3.0,3.0,4.0,2.0,2.0,1.0,2.0,2.0,3.0,3.0,3.0,2.0,4.0,3.0,3.0,2.0,3.0,2.0,2.0,4.0,2.0,3.0,3.0,3.0,3.0,3.0,3.0,2.0,3.0,2.0,2.0,1.0,2.0,2.0,3.0,3.0,3.0,3.0,3.0,3.0,3.0,3.0,3.0,3.0,5.0,2.0,4.0,3.0,2.0,1.0,4.0,3.0,2.0,4.0,1.0,2.0,1.0,2.0,4.0,3.0,4.0,2.0,4.0,3.0,4.0,3.0,4.0,4.0,4.0,5.0,4.0,4.0,3.0,3.0,3.0,3.0,3.0,2.0,3.0,,,,,,,,,,,,,,,,,,,1.0,32.3,0.0,3.0,3.25,1.75,2.25,3.25,1.5,2.5,3.2,1.8,2.6,2.6,2.55,2.75,3.0,2.5,1.75,2.5,3.0,3.0,3.25,3.0833333333333335,2.875,2.875,2.0,2.0,3.0,3.0,3.5,3.5,4.25,4.25
R0262,ORG25,0,,1069,1,31,2,1,9.5,9.5,2,3.0,4,1,1,7,111.0,2976,4,3.0,3.0,3.0,3.0,3.0,2.0,3.0,3.0,3.0,4.0,3.0,3.0,4.0,3.0,4.0,3.0,4.0,3.0,4.0,4.0,3.0,3.0,3.0,4.0,2.0,1.0,3.0,1.0,1.0,2.0,2.0,2.0,1.0,1.0,2.0,1.0,1.0,2.0,4.0,2.0,1.0,2.0,1.0,1.0,1.0,2.0,3.0,2.0,4.0,2.0,3.0,2.0,3.0,2.0,1.0,2.0,3.0,2.0,2.0,2.0,1.0,3.0,1.0,2.0,2.0,2.0,1.0,2.0,2.0,2.0,3.0,1.0,1.0,2.0,3.0,1.0,2.0,3.0,3.0,2.0,1.0,1.0,2.0,1.0,1.0,3.0,4.0,3.0,2.0,1.0,2.0,1.0,3.0,2.0,4.0,4.0,2.0,3.0,2.0,2.0,1.0,1.0,2.0,4.0,4.0,2.0,2.0,2.0,1.0,2.0,2.0,4.0,4.0,2.0,2.0,3.0,2.0,3.0,3.0,4.0,3.0,3.0,4.0,0.0,2.5,1.0,3.0,3.25,3.25,2.5,3.75,2.75,3.0833333333333335,1.6,1.6,1.6,1.4,1.55,2.0,2.75,2.0,2.25,2.25,1.75,1.75,2.0,1.8333333333333333,2.125,2.125,1.2,1.2,3.3333333333333335,3.3333333333333335,1.5,1.5,3.25,3.25
R0263,ORG26,0,,706,2,30,3,1,8.5,12.7,2,3.0,3,1,1,10,123.0,2867,1,3.0,3.0,2.0,3.0,4.0,4.0,4.0,5.0,4.0,3.0,4.0,3.0,4.0,3.0,3.0,3.0,3.0,2.0,4.0,3.0,2.0,2.0,2.0,3.0,3.0,5.0,4.0,5.0,4.0,3.0,4.0,3.0,3.0,5.0,3.0,4.0,5.0,4.0,3.0,4.0,4.0,3.0,2.0,3.0,4.0,4.0,2.0,3.0,4.0,3.0,3.0,4.0,3.0,3.0,4.0,3.0,3.0,3.0,3.0,3.0,5.0,5.0,4.0,3.0,4.0,5.0,4.0,3.0,2.0,4.0,2.0,3.0,1.0,1.0,2.0,3.0,2.0,4.0,3.0,3.0,3.0,5.0,4.0,4.0,3.0,4.0,3.0,3.0,2.0,3.0,3.0,2.0,2.0,2.0,3.0,1.0,4.0,3.0,4.0,3.0,3.0,3.0,3.0,3.0,2.0,4.0,3.0,4.0,2.0,2.0,2.0,3.0,3.0,4.0,4.0,3.0,3.0,3.0,3.0,3.0,3.0,2.0,2.0,0.0,32.8,0.0,2.75,1.75,3.5,2.75,3.0,3.75,2.9166666666666665,4.2,3.6,3.8,3.2,3.7,3.25,3.5,3.25,3.0,3.25,4.25,4.0,2.75,3.6666666666666665,2.125,2.125,3.8,3.8000000000000003,3.3333333333333335,3.3333333333333335,2.5,2.5,2.0,2.0
R0264,ORG26,0,,503,2,29,3,2,2.5,3.8,0,1.0,3,2,1,5,223.0,2867,1,3.0,3.0,3.0,2.0,3.0,3.0,3.0,3.0,3.0,3.0,3.0,2.0,2.0,3.0,3.0,2.0,2.0,3.0,2.0,3.0,4.0,3.0,4.0,3.0,3.0,3.0,3.0,3.0,2.0,3.0,4.0,4.0,2.0,4.0,5.0,4.0,3.0,4.0,3.0,4.0,3.0,3.0,2.0,3.0,5.0,4.0,4.0,4.0,4.0,4.0,4.0,4.0,3.0,4.0,3.0,3.0,5.0,5.0,4.0,3.0,5.0,4.0,4.0,4.0,4.0,5.0,4.0,5.0,5.0,5.0,5.0,5.0,5.0,5.0,5.0,4.0,4.0,1.0,4.0,3.0,4.0,3.0,3.0,4.0,3.0,3.0,3.0,3.0,3.0,2.0,4.0,3.0,2.0,3.0,1.0,2.0,3.0,3.0,3.0,5.0,5.0,4.0,3.0,3.0,3.0,3.0,3.0,3.0,4.0,5.0,4.0,2.0,2.0,2.0,4.0,2.0,3.0,3.0,4.0,3.0,2.0,2.0,2.0,0.0,32.3,0.0,2.75,3.0,2.75,3.5,2.5,2.5,2.8333333333333335,2.8,3.4,3.8,3.0,3.25,4.25,4.0,3.25,4.25,3.9375,4.25,4.5,5.0,4.583333333333333,4.375,4.375,3.4,3.4,3.0,3.0,3.0,3.0,2.0,2.0
R0265,ORG26,0,,1266,1,30,5,1,0.4,5.3,0,3.0,2,1,1,5,298.0,2867,1,3.0,4.0,2.0,4.0,2.0,3.0,3.0,3.0,3.0,3.0,2.0,3.0,5.0,4.0,4.0,4.0,4.0,4.0,2.0,3.0,4.0,3.0,4.0,4.0,2.0,2.0,3.0,2.0,1.0,2.0,2.0,3.0,1.0,3.0,4.0,4.0,2.0,3.0,4.0,2.0,3.0,2.0,2.0,2.0,5.0,4.0,4.0,4.0,4.0,3.0,2.0,3.0,3.0,2.0,3.0,3.0,4.0,3.0,3.0,2.0,3.0,3.0,3.0,4.0,3.0,2.0,2.0,2.0,2.0,3.0,2.0,3.0,5.0,5.0,5.0,3.0,5.0,2.0,4.0,4.0,3.0,3.0,3.0,3.0,1.0,3.0,4.0,4.0,4.0,5.0,3.0,4.0,4.0,2.0,2.0,3.0,3.0,4.0,3.0,2.0,3.0,3.0,3.0,5.0,4.0,4.0,3.0,3.0,4.0,3.0,3.0,4.0,4.0,4.0,4.0,3.0,3.0,3.0,4.0,3.0,3.0,2.0,3.0,1.0,5.9,1.0,3.25,3.25,2.75,1.75,3.25,2.25,2.75,2.0,2.2,3.0,2.2,2.35,4.25,3.0,2.75,3.0,3.25,3.25,2.25,2.5,2.6666666666666665,4.375,4.375,2.6,2.6,3.6666666666666665,3.6666666666666665,4.0,4.0,2.75,2.75
R0266,ORG26,0,,781,2,31,3,1,0.1,4.0,2,0.0,1,1,1,1,168.0,2867,1,2.0,3.0,3.0,3.0,3.0,4.0,2.0,3.0,4.0,3.0,3.0,3.0,3.0,3.0,2.0,3.0,4.0,3.0,4.0,3.0,3.0,3.0,4.0,2.0,4.0,4.0,3.0,4.0,3.0,4.0,4.0,3.0,4.0,5.0,5.0,4.0,4.0,3.0,2.0,4.0,5.0,3.0,4.0,4.0,5.0,5.0,4.0,5.0,3.0,4.0,4.0,4.0,5.0,4.0,4.0,5.0,4.0,4.0,4.0,3.0,4.0,5.0,3.0,3.0,3.0,5.0,4.0,4.0,4.0,4.0,4.0,4.0,4.0,5.0,5.0,5.0,5.0,1.0,4.0,4.0,2.0,4.0,4.0,3.0,3.0,2.0,2.0,2.0,4.0,4.0,3.0,3.0,3.0,3.0,2.0,3.0,4.0,4.0,3.0,4.0,5.0,4.0,3.0,3.0,2.0,3.0,3.0,3.0,4.0,3.0,4.0,3.0,3.0,3.0,3.0,3.0,4.0,4.0,3.0,4.0,3.0,2.0,2.0,0.0,27.8,0.0,2.75,3.0,3.25,3.25,3.5,3.0,3.125,3.6,4.0,4.0,4.0,3.9,4.75,3.75,4.5,3.75,4.1875,3.75,4.0,4.0,3.9166666666666665,4.625,4.625,3.2,3.1999999999999997,2.0,2.0,3.5,3.5,2.75,2.75
R0267,ORG26,0,,919,1,27,3,1,0.5,1.8,4,,1,2,1,5,249.0,2867,1,3.0,3.0,3.0,4.0,3.0,4.0,4.0,3.0,3.0,4.0,3.0,4.0,3.0,4.0,3.0,4.0,2.0,3.0,4.0,5.0,4.0,2.0,3.0,4.0,2.0,2.0,2.0,3.0,3.0,2.0,3.0,4.0,4.0,4.0,4.0,4.0,4.0,4.0,2.0,4.0,3.0,4.0,4.0,4.0,4.0,4.0,3.0,3.0,4.0,3.0,2.0,3.0,3.0,2.0,3.0,2.0,4.0,4.0,2.0,2.0,3.0,2.0,3.0,2.0,3.0,2.0,1.0,2.0,1.0,3.0,2.0,3.0,2.0,3.0,4.0,4.0,3.0,3.0,3.0,4.0,3.0,3.0,2.0,3.0,2.0,3.0,2.0,4.0,4.0,3.0,4.0,4.0,5.0,3.0,3.0,3.0,3.0,4.0,3.0,3.0,1.0,4.0,2.0,3.0,3.0,4.0,5.0,4.0,2.0,1.0,3.0,4.0,4.0,3.0,4.0,3.0,4.0,4.0,4.0,3.0,3.0,3.0,3.0,1.0,10.3,1.0,3.25,2.5,3.5,2.5,3.5,2.75,3.0,2.4,3.4,4.0,3.8,3.4,3.5,3.0,2.5,3.0,3.0,2.5,2.0,2.25,2.25,3.25,3.25,2.6,2.6,3.0,3.0,3.75,3.75,3.5,3.5
R0268,ORG26,0,,570,2,30,3,1,1.8,3.1,0,1.0,2,1,1,7,215.0,2867,1,3.0,3.0,2.0,3.0,3.0,3.0,3.0,3.0,2.0,3.0,3.0,3.0,3.0,3.0,4.0,2.0,3.0,3.0,3.0,3.0,3.0,3.0,3.0,3.0,2.0,3.0,3.0,4.0,3.0,4.0,3.0,4.0,3.0,5.0,4.0,4.0,3.0,4.0,2.0,4.0,3.0,3.0,5.0,4.0,3.0,3.0,4.0,3.0,2.0,2.0,2.0,3.0,4.0,4.0,4.0,4.0,4.0,3.0,2.0,1.0,3.0,3.0,5.0,3.0,4.0,3.0,3.0,4.0,3.0,2.0,3.0,3.0,3.0,3.0,3.0,1.0,2.0,3.0,3.0,2.0,5.0,4.0,4.0,5.0,4.0,3.0,3.0,3.0,2.0,1.0,3.0,2.0,4.0,5.0,3.0,4.0,3.0,3.0,3.0,2.0,3.0,3.0,4.0,3.0,4.0,4.0,4.0,4.0,2.0,2.0,3.0,3.0,4.0,2.0,4.0,3.0,3.0,3.0,2.0,3.0,4.0,3.0,5.0,0.0,15.2,0.0,2.75,3.0,2.75,3.0,3.0,3.0,2.9166666666666665,3.0,3.8,3.8,3.8,3.6,3.25,2.25,4.0,2.5,3.0,3.5,3.5,2.75,3.25,2.5,2.5,4.4,4.3999999999999995,3.0,3.0,2.0,2.0,4.0,4.0
R0269,ORG26,0,,771,1,30,2,1,3.9,6.0,3,0.0,2,3,1,6,215.0,2867,1,5.0,4.0,4.0,4.0,3.0,3.0,4.0,5.0,3.0,3.0,3.0,2.0,3.0,2.0,4.0,4.0,3.0,4.0,3.0,3.0,3.0,3.0,3.0,2.0,3.0,3.0,4.0,4.0,4.0,2.0,2.0,3.0,3.0,3.0,4.0,4.0,3.0,3.0,4.0,2.0,3.0,3.0,3.0,2.0,4.0,2.0,4.0,3.0,2.0,2.0,1.0,2.0,3.0,3.0,2.0,1.0,4.0,4.0,3.0,3.0,,3.0,2.0,2.0,3.0,2.0,3.0,3.0,1.0,3.0,2.0,3.0,3.0,2.0,3.0,3.0,3.0,4.0,2.0,3.0,2.0,3.0,4.0,3.0,3.0,3.0,4.0,3.0,2.0,1.0,1.0,2.0,5.0,3.0,4.0,4.0,5.0,3.0,3.0,2.0,3.0,3.0,3.0,3.0,4.0,3.0,3.0,2.0,2.0,3.0,2.0,3.0,2.0,3.0,2.0,2.0,3.0,2.0,4.0,3.0,4.0,4.0,4.0,1.0,23.4,0.0,4.25,2.25,2.75,2.75,3.25,3.25,3.0833333333333335,3.6,2.6,3.2,2.6,3.0,3.25,1.75,2.25,3.5,2.6875,2.3333333333333335,2.75,2.25,2.4545454545454546,2.625,2.625,3.0,3.0,3.3333333333333335,3.3333333333333335,1.5,1.5,4.0,4.0
R0270,ORG26,0,,1398,1,29,2,1,6.8,9.2,1,12.0,1,1,1,6,194.0,2867,1,4.0,4.0,5.0,4.0,3.0,4.0,4.0,4.0,4.0,4.0,4.0,3.0,4.0,2.0,4.0,4.0,4.0,4.0,2.0,3.0,3.0,4.0,3.0,5.0,4.0,3.0,4.0,4.0,3.0,3.0,4.0,3.0,3.0,3.0,3.0,4.0,2.0,3.0,3.0,3.0,4.0,4.0,5.0,4.0,3.0,3.0,4.0,3.0,4.0,4.0,4.0,4.0,4.0,3.0,3.0,2.0,4.0,4.0,5.0,5.0,3.0,4.0,4.0,5.0,5.0,5.0,5.0,5.0,4.0,4.0,4.0,5.0,2.0,2.0,,1.0,2.0,4.0,3.0,2.0,5.0,4.0,4.0,5.0,5.0,2.0,1.0,2.0,5.0,5.0,5.0,5.0,3.0,2.0,3.0,3.0,3.0,3.0,2.0,4.0,5.0,5.0,1.0,2.0,1.0,3.0,4.0,4.0,4.0,3.0,4.0,3.0,2.0,2.0,4.0,5.0,4.0,4.0,4.0,4.0,2.0,2.0,4.0,0.0,28.7,0.0,4.25,2.25,3.75,2.5,3.25,2.25,3.0416666666666665,3.6,3.2,3.0,4.0,3.45,3.25,4.0,3.0,4.5,3.6875,4.0,5.0,4.25,4.416666666666667,2.0,2.0,4.6,4.6000000000000005,1.6666666666666667,1.6666666666666667,5.0,5.0,2.75,2.75
R0272,ORG27,0,,1049,1,34,3,1,1.7,3.4,1,0.0,3,1,1,10,377.0,2307,4,4.0,4.0,3.0,4.0,2.0,2.0,3.0,3.0,4.0,4.0,3.0,4.0,3.0,2.0,3.0,3.0,4.0,4.0,3.0,2.0,3.0,3.0,4.0,2.0,4.0,5.0,5.0,5.0,5.0,4.0,5.0,5.0,4.0,5.0,4.0,4.0,5.0,3.0,3.0,5.0,5.0,5.0,5.0,4.0,3.0,3.0,2.0,4.0,4.0,4.0,3.0,3.0,3.0,3.0,3.0,3.0,4.0,2.0,5.0,,3.0,3.0,4.0,3.0,3.0,3.0,3.0,3.0,3.0,2.0,3.0,3.0,4.0,4.0,5.0,5.0,4.0,2.0,3.0,5.0,3.0,,2.0,3.0,2.0,4.0,4.0,4.0,4.0,3.0,2.0,4.0,3.0,2.0,3.0,3.0,4.0,4.0,4.0,2.0,3.0,3.0,5.0,4.0,3.0,2.0,3.0,3.0,4.0,3.0,3.0,4.0,4.0,5.0,3.0,2.0,3.0,2.0,2.0,3.0,3.0,4.0,4.0,0.0,12.6,1.0,3.75,3.5,3.75,3.25,3.25,3.0,3.4166666666666665,4.8,4.6,3.8,4.8,4.5,3.0,3.5,3.0,3.6666666666666665,3.2666666666666666,3.25,3.0,2.75,3.0,4.25,4.25,2.5,2.5,4.0,4.0,3.25,3.25,2.75,2.75
R0273,ORG27,0,,1550,1,36,1,1,5.0,5.6,1,1.0,1,1,1,10,191.0,2307,4,3.0,2.0,3.0,4.0,3.0,3.0,4.0,3.0,4.0,4.0,3.0,4.0,2.0,4.0,4.0,4.0,4.0,3.0,5.0,2.0,3.0,2.0,3.0,2.0,3.0,3.0,3.0,3.0,2.0,3.0,3.0,4.0,4.0,3.0,3.0,3.0,3.0,2.0,3.0,5.0,4.0,5.0,4.0,5.0,5.0,2.0,3.0,3.0,3.0,3.0,3.0,3.0,2.0,2.0,3.0,1.0,3.0,3.0,3.0,4.0,2.0,2.0,4.0,2.0,3.0,2.0,4.0,2.0,4.0,5.0,5.0,4.0,2.0,1.0,1.0,2.0,2.0,3.0,2.0,3.0,1.0,2.0,4.0,2.0,3.0,3.0,3.0,3.0,3.0,1.0,3.0,1.0,5.0,5.0,4.0,4.0,3.0,3.0,3.0,3.0,5.0,3.0,2.0,2.0,3.0,4.0,3.0,2.0,2.0,3.0,1.0,3.0,3.0,4.0,4.0,3.0,5.0,2.0,1.0,2.0,3.0,3.0,3.0,0.0,27.4,0.0,3.0,2.75,3.75,2.5,3.5,3.5,3.1666666666666665,2.8,3.4,2.8,4.6,3.4,3.25,3.0,2.0,3.25,2.875,2.5,2.75,4.5,3.25,2.0,2.0,2.4,2.4,3.0,3.0,2.0,2.0,4.5,4.5
R0274,ORG27,0,,390,2,28,3,1,10.5,13.1,3,2.0,1,1,1,5,289.0,2307,4,,3.0,3.0,2.0,4.0,4.0,3.0,3.0,2.0,3.0,3.0,3.0,4.0,3.0,4.0,3.0,4.0,4.0,4.0,4.0,3.0,3.0,4.0,4.0,3.0,3.0,2.0,3.0,3.0,3.0,4.0,4.0,3.0,2.0,3.0,3.0,3.0,3.0,3.0,3.0,3.0,4.0,2.0,4.0,3.0,4.0,3.0,4.0,2.0,3.0,2.0,2.0,2.0,2.0,4.0,2.0,3.0,2.0,2.0,2.0,3.0,3.0,2.0,4.0,3.0,2.0,3.0,3.0,4.0,3.0,3.0,4.0,2.0,4.0,3.0,2.0,3.0,4.0,1.0,2.0,1.0,1.0,1.0,3.0,2.0,3.0,3.0,2.0,3.0,4.0,5.0,3.0,4.0,3.0,5.0,4.0,3.0,3.0,2.0,3.0,3.0,3.0,3.0,3.0,2.0,3.0,3.0,3.0,3.0,3.0,3.0,1.0,2.0,1.0,3.0,2.0,3.0,3.0,3.0,3.0,3.0,3.0,3.0,0.0,21.4,0.0,2.6666666666666665,2.5,2.75,2.5,4.0,2.5,2.8260869565217392,2.8,3.2,3.0,3.2,3.05,3.5,2.25,2.5,2.25,2.625,3.0,2.75,3.5,3.0833333333333335,2.375,2.375,1.6,1.5999999999999999,2.6666666666666665,2.6666666666666665,3.75,3.75,4.0,4.0
R0275,ORG27,0,,692,2,38,2,1,1.6,6.6,4,3.0,1,1,1,9,215.0,2307,4,3.0,3.0,3.0,4.0,2.0,2.0,3.0,3.0,4.0,4.0,4.0,4.0,3.0,1.0,2.0,3.0,4.0,3.0,4.0,3.0,3.0,3.0,3.0,3.0,4.0,4.0,4.0,4.0,5.0,2.0,3.0,3.0,3.0,3.0,4.0,5.0,5.0,4.0,2.0,5.0,4.0,3.0,3.0,4.0,4.0,4.0,3.0,4.0,4.0,3.0,3.0,3.0,3.0,3.0,2.0,3.0,3.0,3.0,3.0,3.0,4.0,3.0,4.0,3.0,3.0,4.0,3.0,3.0,3.0,4.0,4.0,5.0,5.0,3.0,5.0,4.0,4.0,1.0,4.0,5.0,2.0,3.0,3.0,3.0,2.0,3.0,4.0,3.0,3.0,5.0,4.0,4.0,2.0,4.0,3.0,4.0,3.0,3.0,4.0,3.0,2.0,3.0,2.0,3.0,2.0,3.0,3.0,4.0,2.0,2.0,3.0,4.0,3.0,3.0,2.0,3.0,3.0,3.0,4.0,4.0,4.0,3.0,3.0,1.0,35.2,0.0,3.25,3.5,4.0,3.75,3.5,3.0,3.5,4.2,2.8,4.4,3.8,3.8,3.75,3.25,2.75,3.0,3.1875,3.5,3.25,4.0,3.5833333333333335,4.375,4.375,2.6,2.6,3.3333333333333335,3.3333333333333335,4.0,4.0,3.25,3.25
R0276,ORG27,0,,961,1,24,3,2,4.3,8.4,1,0.0,1,3,1,10,191.0,2307,4,3.0,5.0,4.0,3.0,1.0,3.0,3.0,2.0,3.0,4.0,3.0,3.0,2.0,2.0,3.0,4.0,4.0,5.0,4.0,5.0,3.0,3.0,3.0,4.0,3.0,3.0,4.0,4.0,3.0,3.0,3.0,3.0,3.0,3.0,4.0,4.0,4.0,4.0,3.0,4.0,4.0,4.0,4.0,3.0,4.0,3.0,3.0,3.0,3.0,4.0,4.0,4.0,4.0,4.0,4.0,4.0,4.0,4.0,3.0,4.0,3.0,3.0,4.0,3.0,2.0,3.0,3.0,2.0,3.0,2.0,2.0,2.0,3.0,4.0,4.0,3.0,4.0,3.0,3.0,3.0,4.0,3.0,3.0,3.0,3.0,4.0,3.0,4.0,2.0,3.0,4.0,3.0,4.0,2.0,4.0,3.0,4.0,3.0,4.0,4.0,2.0,4.0,3.0,3.0,1.0,4.0,4.0,5.0,4.0,2.0,3.0,2.0,3.0,3.0,3.0,4.0,4.0,2.0,3.0,3.0,3.0,4.0,3.0,0.0,13.5,1.0,3.75,3.75,3.25,3.25,4.5,2.75,3.5416666666666665,3.4,3.0,3.8,3.8,3.5,3.25,3.75,4.0,3.75,3.6875,3.25,2.5,2.25,2.6666666666666665,3.375,3.375,3.2,3.1999999999999997,3.6666666666666665,3.6666666666666665,3.0,3.0,3.25,3.25
R0277,ORG27,0,,586,2,28,3,1,3.3,5.5,1,2.0,1,1,1,9,341.0,2307,4,4.0,4.0,3.0,3.0,3.0,3.0,2.0,3.0,5.0,3.0,3.0,4.0,3.0,4.0,4.0,5.0,4.0,3.0,3.0,3.0,4.0,4.0,4.0,4.0,2.0,3.0,2.0,2.0,3.0,1.0,1.0,2.0,3.0,1.0,2.0,3.0,3.0,2.0,2.0,2.0,4.0,2.0,2.0,1.0,5.0,5.0,5.0,4.0,4.0,3.0,3.0,3.0,5.0,5.0,4.0,5.0,3.0,4.0,5.0,4.0,3.0,2.0,3.0,4.0,4.0,5.0,4.0,4.0,4.0,3.0,3.0,4.0,4.0,4.0,3.0,3.0,3.0,3.0,3.0,4.0,1.0,3.0,2.0,2.0,1.0,3.0,3.0,4.0,3.0,3.0,3.0,4.0,4.0,4.0,4.0,3.0,3.0,3.0,2.0,3.0,3.0,4.0,2.0,3.0,4.0,4.0,4.0,4.0,4.0,3.0,5.0,2.0,3.0,2.0,3.0,2.0,3.0,4.0,4.0,4.0,3.0,4.0,4.0,0.0,10.8,0.0,3.5,3.25,3.75,2.0,3.25,2.0,2.9583333333333335,2.4,1.6,2.8,2.2,2.25,4.75,3.25,4.75,4.0,4.1875,3.0,4.25,3.5,3.5833333333333335,3.375,3.375,1.8,1.8,3.3333333333333335,3.3333333333333335,3.25,3.25,3.75,3.75
R0278,ORG27,0,,670,1,39,3,1,3.4,5.3,3,2.0,1,1,1,7,269.0,2307,4,2.0,2.0,3.0,2.0,4.0,4.0,4.0,4.0,2.0,2.0,2.0,2.0,4.0,5.0,5.0,5.0,2.0,3.0,1.0,2.0,3.0,3.0,5.0,4.0,1.0,2.0,3.0,3.0,2.0,2.0,2.0,2.0,2.0,2.0,2.0,2.0,3.0,3.0,3.0,3.0,2.0,3.0,3.0,3.0,3.0,3.0,3.0,3.0,3.0,3.0,3.0,2.0,2.0,2.0,2.0,2.0,2.0,2.0,4.0,1.0,3.0,3.0,4.0,4.0,4.0,4.0,4.0,4.0,3.0,4.0,4.0,3.0,3.0,2.0,2.0,3.0,3.0,4.0,2.0,3.0,3.0,2.0,2.0,3.0,3.0,3.0,3.0,3.0,3.0,3.0,3.0,3.0,3.0,5.0,3.0,4.0,3.0,3.0,2.0,4.0,3.0,3.0,2.0,3.0,3.0,3.0,2.0,3.0,3.0,2.0,2.0,4.0,3.0,4.0,3.0,3.0,3.0,2.0,3.0,2.0,2.0,3.0,4.0,1.0,26.5,1.0,2.25,2.0,2.0,1.25,2.0,2.25,1.9583333333333333,2.2,2.0,2.6,2.8,2.4,3.0,2.75,2.0,2.25,2.5,3.5,4.0,3.5,3.6666666666666665,2.5,2.5,2.6,2.6,3.0,3.0,3.0,3.0,3.75,3.75
R0279,ORG27,0,,1083,1,31,3,3,11.1,15.8,1,1.0,1,1,1,6,187.0,2307,4,4.0,4.0,2.0,3.0,4.0,2.0,4.0,2.0,3.0,2.0,2.0,2.0,4.0,3.0,3.0,5.0,1.0,3.0,1.0,2.0,5.0,4.0,4.0,3.0,3.0,2.0,3.0,3.0,3.0,3.0,1.0,2.0,1.0,4.0,2.0,2.0,3.0,1.0,4.0,3.0,2.0,3.0,2.0,3.0,3.0,2.0,2.0,2.0,2.0,3.0,2.0,3.0,3.0,3.0,3.0,2.0,3.0,2.0,3.0,3.0,3.0,2.0,4.0,4.0,3.0,2.0,2.0,4.0,1.0,1.0,1.0,2.0,4.0,3.0,4.0,3.0,3.0,3.0,2.0,4.0,2.0,4.0,4.0,4.0,3.0,5.0,4.0,5.0,3.0,4.0,4.0,2.0,5.0,3.0,4.0,5.0,2.0,3.0,2.0,2.0,1.0,2.0,4.0,4.0,5.0,3.0,3.0,2.0,4.0,3.0,3.0,4.0,3.0,4.0,3.0,2.0,2.0,2.0,2.0,1.0,4.0,4.0,4.0,1.0,3.4,1.0,3.25,3.0,2.25,2.25,1.75,2.0,2.4166666666666665,2.8,2.2,2.0,2.6,2.4,2.25,2.5,2.75,2.75,2.5625,3.25,2.75,1.25,2.4166666666666665,3.25,3.25,3.4,3.4,4.666666666666667,4.666666666666667,3.25,3.25,4.25,4.25
R0280,ORG27,0,,1368,2,30,3,1,1.9,3.3,1,2.0,1,2,1,9,338.0,2307,4,3.0,3.0,3.0,3.0,4.0,4.0,4.0,4.0,2.0,3.0,2.0,3.0,4.0,3.0,4.0,4.0,2.0,3.0,1.0,2.0,4.0,3.0,4.0,3.0,3.0,3.0,4.0,2.0,2.0,3.0,3.0,1.0,3.0,2.0,2.0,2.0,2.0,4.0,4.0,3.0,3.0,2.0,2.0,2.0,3.0,3.0,3.0,3.0,4.0,3.0,5.0,3.0,3.0,4.0,3.0,3.0,3.0,3.0,3.0,3.0,2.0,2.0,3.0,3.0,4.0,2.0,3.0,4.0,3.0,4.0,3.0,4.0,2.0,2.0,2.0,3.0,3.0,3.0,2.0,1.0,3.0,4.0,4.0,3.0,4.0,3.0,4.0,3.0,2.0,3.0,2.0,3.0,3.0,3.0,2.0,2.0,2.0,3.0,2.0,3.0,3.0,3.0,4.0,3.0,4.0,2.0,2.0,1.0,2.0,2.0,4.0,4.0,4.0,4.0,3.0,3.0,4.0,3.0,3.0,5.0,4.0,4.0,4.0,0.0,10.8,1.0,3.0,2.0,2.5,2.25,2.0,2.5,2.375,2.8,2.4,2.4,2.4,2.5,3.0,3.75,3.25,3.0,3.25,2.5,3.25,3.5,3.0833333333333335,2.25,2.25,3.6,3.6,3.3333333333333335,3.3333333333333335,2.5,2.5,2.5,2.5
R0281,ORG27,0,,923,2,32,3,1,5.6,12.0,0,0.0,1,1,1,9,155.0,2307,4,2.0,3.0,2.0,2.0,3.0,2.0,4.0,3.0,3.0,3.0,3.0,3.0,3.0,1.0,3.0,4.0,4.0,3.0,4.0,4.0,3.0,3.0,3.0,,3.0,3.0,4.0,2.0,3.0,2.0,1.0,1.0,3.0,2.0,3.0,3.0,3.0,3.0,4.0,3.0,2.0,2.0,2.0,2.0,3.0,4.0,2.0,3.0,4.0,3.0,4.0,3.0,3.0,3.0,4.0,3.0,4.0,4.0,4.0,4.0,3.0,2.0,3.0,3.0,3.0,4.0,2.0,3.0,3.0,2.0,3.0,3.0,3.0,2.0,3.0,3.0,3.0,2.0,3.0,3.0,2.0,4.0,2.0,3.0,3.0,4.0,4.0,5.0,3.0,2.0,2.0,2.0,4.0,4.0,3.0,3.0,3.0,4.0,2.0,3.0,4.0,3.0,3.0,3.0,5.0,4.0,5.0,3.0,3.0,3.0,2.0,4.0,3.0,3.0,3.0,4.0,4.0,3.0,3.0,3.0,2.0,2.0,3.0,0.0,4.0,1.0,2.25,3.0,3.0,3.25,3.75,3.0,3.0434782608695654,3.0,1.8,2.8,2.2,2.45,3.0,3.5,3.25,4.0,3.4375,2.75,3.0,2.75,2.8333333333333335,3.0,3.0,2.8,2.8000000000000003,4.333333333333333,4.333333333333333,2.25,2.25,3.5,3.5
R0282,ORG27,0,,989,2,29,3,2,4.4,6.4,1,4.0,3,1,1,5,208.0,2307,4,4.0,4.0,4.0,5.0,3.0,3.0,2.0,3.0,3.0,3.0,3.0,4.0,3.0,3.0,3.0,3.0,3.0,3.0,3.0,3.0,3.0,3.0,2.0,4.0,3.0,4.0,3.0,4.0,3.0,2.0,3.0,3.0,3.0,4.0,2.0,2.0,2.0,2.0,4.0,3.0,3.0,3.0,3.0,3.0,4.0,3.0,4.0,4.0,3.0,3.0,3.0,4.0,3.0,3.0,2.0,3.0,5.0,4.0,4.0,4.0,5.0,3.0,5.0,4.0,5.0,5.0,4.0,4.0,3.0,3.0,3.0,3.0,4.0,5.0,5.0,3.0,4.0,2.0,4.0,4.0,5.0,4.0,4.0,5.0,4.0,3.0,3.0,2.0,5.0,5.0,5.0,3.0,5.0,2.0,3.0,3.0,4.0,3.0,3.0,3.0,5.0,4.0,3.0,3.0,3.0,4.0,4.0,4.0,3.0,3.0,4.0,4.0,4.0,4.0,3.0,4.0,2.0,4.0,3.0,4.0,3.0,3.0,2.0,0.0,16.5,0.0,4.25,3.25,3.25,3.0,3.0,3.0,3.2916666666666665,3.4,3.0,2.0,3.0,2.85,3.75,3.25,2.75,4.25,3.5,4.25,4.5,3.0,3.9166666666666665,4.125,4.125,4.4,4.3999999999999995,2.6666666666666665,2.6666666666666665,4.5,4.5,3.25,3.25
R0283,ORG28,0,,856,1,32,3,2,4.8,6.7,0,3.0,2,2,1,5,185.0,2691,1,2.0,3.0,3.0,3.0,2.0,4.0,3.0,2.0,3.0,3.0,2.0,4.0,1.0,3.0,2.0,2.0,3.0,3.0,3.0,4.0,2.0,2.0,3.0,3.0,4.0,5.0,4.0,4.0,4.0,2.0,3.0,4.0,3.0,4.0,4.0,4.0,3.0,3.0,2.0,5.0,4.0,5.0,5.0,4.0,4.0,4.0,4.0,4.0,4.0,4.0,4.0,5.0,5.0,3.0,3.0,4.0,5.0,5.0,4.0,5.0,4.0,4.0,4.0,3.0,5.0,4.0,5.0,5.0,5.0,4.0,4.0,4.0,2.0,3.0,4.0,4.0,4.0,2.0,4.0,4.0,4.0,3.0,3.0,4.0,5.0,2.0,4.0,3.0,4.0,3.0,4.0,3.0,4.0,2.0,3.0,3.0,3.0,4.0,3.0,5.0,5.0,3.0,2.0,2.0,3.0,4.0,3.0,3.0,4.0,3.0,4.0,2.0,2.0,2.0,3.0,2.0,3.0,4.0,3.0,2.0,3.0,3.0,3.0,0.0,35.7,0.0,2.75,3.25,3.0,4.0,3.25,3.5,3.2916666666666665,4.2,3.2,3.6,4.6,3.9,4.0,4.25,3.75,4.75,4.1875,3.75,4.75,4.25,4.25,3.625,3.625,3.8,3.8000000000000003,3.0,3.0,3.5,3.5,3.0,3.0
R0284,ORG28,0,,753,2,32,2,1,0.9,3.4,2,0.0,1,1,1,9,215.0,2691,1,3.0,4.0,4.0,2.0,2.0,4.0,4.0,3.0,5.0,4.0,4.0,4.0,3.0,3.0,3.0,2.0,3.0,4.0,3.0,3.0,2.0,3.0,3.0,3.0,4.0,4.0,4.0,3.0,4.0,3.0,5.0,3.0,3.0,5.0,3.0,4.0,4.0,5.0,2.0,4.0,4.0,3.0,3.0,2.0,5.0,4.0,5.0,5.0,4.0,4.0,4.0,3.0,5.0,5.0,5.0,5.0,4.0,4.0,4.0,4.0,2.0,3.0,2.0,2.0,3.0,5.0,5.0,3.0,3.0,3.0,3.0,4.0,3.0,5.0,4.0,4.0,4.0,3.0,3.0,4.0,4.0,4.0,4.0,5.0,4.0,2.0,3.0,1.0,5.0,4.0,4.0,4.0,4.0,5.0,3.0,2.0,4.0,3.0,3.0,3.0,4.0,3.0,1.0,1.0,2.0,3.0,2.0,2.0,3.0,3.0,2.0,3.0,2.0,3.0,4.0,3.0,3.0,1.0,2.0,2.0,3.0,2.0,2.0,0.0,20.2,1.0,3.25,2.75,4.25,3.25,3.25,3.25,3.3333333333333335,3.8,3.8,4.0,3.2,3.7,4.75,3.75,5.0,4.0,4.375,2.25,4.0,3.25,3.1666666666666665,3.75,3.75,4.2,4.2,2.0,2.0,4.25,4.25,3.5,3.5
R0285,ORG28,0,,555,1,31,3,1,3.3,7.1,2,0.0,1,1,1,1,,2691,1,3.0,2.0,3.0,4.0,4.0,5.0,5.0,4.0,4.0,4.0,4.0,4.0,3.0,3.0,3.0,3.0,4.0,2.0,3.0,2.0,4.0,2.0,4.0,3.0,4.0,3.0,4.0,3.0,4.0,4.0,3.0,4.0,4.0,3.0,3.0,3.0,3.0,3.0,3.0,3.0,2.0,3.0,3.0,4.0,4.0,4.0,4.0,4.0,4.0,2.0,3.0,3.0,3.0,3.0,4.0,4.0,4.0,3.0,5.0,3.0,3.0,4.0,4.0,4.0,2.0,3.0,2.0,4.0,3.0,2.0,3.0,3.0,2.0,3.0,2.0,1.0,2.0,3.0,2.0,3.0,4.0,4.0,5.0,4.0,3.0,3.0,2.0,2.0,4.0,3.0,4.0,2.0,3.0,3.0,4.0,2.0,3.0,3.0,2.0,4.0,4.0,3.0,3.0,3.0,2.0,2.0,3.0,3.0,4.0,4.0,5.0,3.0,3.0,2.0,3.0,4.0,4.0,4.0,3.0,3.0,2.0,2.0,2.0,0.0,20.2,0.0,3.0,1.5,4.0,3.0,2.75,2.75,2.8333333333333335,3.6,3.6,3.0,3.0,3.3,4.0,3.0,3.5,3.75,3.5625,3.75,2.75,2.75,3.0833333333333335,2.25,2.25,4.0,4.0,2.3333333333333335,2.3333333333333335,3.25,3.25,3.0,3.0
R0286,ORG28,0,,853,1,24,2,1,1.8,10.1,1,1.0,3,2,1,8,248.0,2691,1,4.0,3.0,3.0,3.0,4.0,5.0,3.0,3.0,3.0,3.0,2.0,2.0,2.0,3.0,2.0,4.0,3.0,3.0,3.0,3.0,5.0,4.0,3.0,4.0,3.0,2.0,3.0,3.0,3.0,2.0,2.0,2.0,3.0,3.0,2.0,1.0,1.0,2.0,5.0,3.0,3.0,2.0,2.0,3.0,2.0,4.0,3.0,3.0,2.0,2.0,1.0,1.0,3.0,2.0,4.0,3.0,3.0,2.0,4.0,1.0,2.0,1.0,1.0,2.0,2.0,3.0,2.0,3.0,2.0,2.0,2.0,1.0,4.0,3.0,3.0,3.0,3.0,4.0,3.0,4.0,2.0,2.0,4.0,4.0,3.0,5.0,5.0,4.0,3.0,3.0,2.0,3.0,3.0,2.0,5.0,4.0,4.0,2.0,3.0,2.0,1.0,2.0,5.0,5.0,4.0,3.0,3.0,3.0,4.0,2.0,2.0,4.0,4.0,3.0,,,,,,,,,,0.0,7.5,1.0,3.25,2.25,2.5,3.25,3.0,2.0,2.7083333333333335,2.8,2.4,1.4,2.6,2.3,3.0,1.5,3.0,2.5,2.5,1.5,2.5,1.75,1.9166666666666667,3.125,3.125,3.0,3.0,4.666666666666667,4.666666666666667,2.75,2.75,3.5,3.5
R0287,ORG28,0,,921,1,28,3,1,2.8,3.6,3,2.0,1,1,1,9,506.0,2691,1,5.0,4.0,3.0,3.0,3.0,3.0,4.0,5.0,3.0,5.0,4.0,4.0,3.0,3.0,3.0,3.0,5.0,3.0,2.0,3.0,4.0,4.0,4.0,3.0,2.0,3.0,2.0,3.0,3.0,1.0,2.0,3.0,1.0,3.0,3.0,1.0,2.0,1.0,3.0,3.0,3.0,2.0,2.0,1.0,3.0,4.0,3.0,4.0,3.0,3.0,3.0,3.0,4.0,2.0,3.0,3.0,3.0,2.0,3.0,2.0,2.0,3.0,2.0,2.0,2.0,2.0,1.0,2.0,2.0,3.0,3.0,2.0,3.0,4.0,4.0,4.0,3.0,4.0,3.0,4.0,4.0,4.0,4.0,4.0,5.0,5.0,3.0,4.0,3.0,2.0,3.0,2.0,3.0,4.0,3.0,5.0,3.0,3.0,4.0,2.0,3.0,3.0,3.0,3.0,3.0,3.0,3.0,4.0,4.0,2.0,2.0,3.0,4.0,4.0,2.0,3.0,4.0,3.0,4.0,3.0,3.0,3.0,2.0,0.0,1.0,1.0,3.75,2.25,4.0,3.0,3.25,2.25,3.0833333333333335,2.6,2.0,2.0,2.2,2.2,3.5,3.0,3.0,2.5,3.0,2.25,1.75,2.5,2.1666666666666665,3.375,3.375,4.2,4.2,4.0,4.0,2.5,2.5,3.75,3.75
R0288,ORG29,0,,775,2,32,3,1,2.4,3.3,1,0.0,1,1,1,5,254.0,2640,3,4.0,2.0,3.0,3.0,3.0,4.0,4.0,3.0,2.0,3.0,4.0,3.0,3.0,3.0,3.0,3.0,3.0,3.0,4.0,3.0,3.0,3.0,5.0,4.0,3.0,3.0,3.0,3.0,3.0,3.0,3.0,3.0,3.0,2.0,4.0,3.0,3.0,3.0,2.0,4.0,2.0,4.0,5.0,4.0,3.0,2.0,3.0,2.0,1.0,2.0,1.0,2.0,1.0,1.0,2.0,2.0,1.0,1.0,1.0,2.0,3.0,3.0,3.0,2.0,3.0,3.0,2.0,3.0,2.0,2.0,2.0,1.0,2.0,3.0,2.0,5.0,4.0,3.0,3.0,3.0,2.0,3.0,4.0,5.0,4.0,2.0,2.0,3.0,3.0,3.0,3.0,2.0,4.0,4.0,3.0,4.0,3.0,2.0,2.0,2.0,3.0,3.0,2.0,3.0,3.0,,,,,,,,,,,,,,,,,,,0.0,17.7,0.0,3.0,2.5,3.0,3.0,3.25,2.25,2.8333333333333335,3.0,2.8,3.4,3.8,3.25,2.5,1.5,1.5,1.25,1.6875,2.75,2.75,1.75,2.4166666666666665,3.125,3.125,3.6,3.6,2.3333333333333335,2.3333333333333335,2.75,2.75,3.75,3.75
R0289,ORG29,0,,915,2,26,3,1,5.8,5.9,1,2.0,1,1,1,10,363.0,2640,3,5.0,4.0,4.0,4.0,2.0,3.0,2.0,2.0,5.0,4.0,2.0,4.0,3.0,3.0,4.0,3.0,3.0,5.0,4.0,2.0,3.0,3.0,3.0,2.0,5.0,5.0,3.0,4.0,4.0,4.0,4.0,4.0,4.0,3.0,4.0,3.0,3.0,3.0,3.0,4.0,3.0,3.0,3.0,4.0,4.0,4.0,5.0,3.0,4.0,4.0,4.0,5.0,3.0,4.0,4.0,3.0,4.0,2.0,3.0,4.0,4.0,4.0,4.0,3.0,3.0,2.0,2.0,4.0,4.0,3.0,3.0,2.0,4.0,4.0,3.0,3.0,3.0,2.0,4.0,4.0,3.0,2.0,2.0,3.0,,4.0,5.0,4.0,5.0,4.0,4.0,5.0,3.0,2.0,4.0,4.0,4.0,3.0,3.0,5.0,4.0,3.0,4.0,4.0,4.0,5.0,3.0,3.0,3.0,3.0,3.0,4.0,4.0,4.0,4.0,4.0,3.0,4.0,3.0,3.0,4.0,3.0,3.0,0.0,6.9,1.0,4.25,3.75,3.75,2.75,3.5,3.25,3.5416666666666665,4.2,3.8,3.2,3.4,3.65,4.0,4.25,3.5,3.25,3.75,3.75,2.75,3.0,3.1666666666666665,3.625,3.625,2.5,2.5,4.333333333333333,4.333333333333333,4.5,4.5,3.25,3.25
R0290,ORG29,0,,633,1,26,3,1,0.5,5.6,2,1.0,3,3,1,4,376.0,2640,3,3.0,2.0,2.0,3.0,2.0,3.0,4.0,3.0,3.0,2.0,3.0,2.0,3.0,2.0,3.0,3.0,3.0,3.0,1.0,3.0,4.0,3.0,4.0,3.0,4.0,3.0,2.0,3.0,3.0,3.0,3.0,3.0,1.0,2.0,3.0,3.0,3.0,3.0,3.0,3.0,3.0,2.0,3.0,2.0,4.0,3.0,2.0,3.0,3.0,3.0,4.0,4.0,4.0,4.0,5.0,4.0,4.0,3.0,,3.0,3.0,2.0,3.0,4.0,3.0,4.0,3.0,4.0,4.0,3.0,3.0,2.0,4.0,3.0,4.0,5.0,4.0,2.0,3.0,3.0,3.0,2.0,4.0,2.0,3.0,3.0,1.0,2.0,5.0,4.0,4.0,4.0,5.0,2.0,2.0,2.0,2.0,3.0,2.0,2.0,3.0,2.0,4.0,2.0,2.0,4.0,3.0,2.0,3.0,3.0,3.0,1.0,3.0,2.0,3.0,4.0,3.0,2.0,3.0,3.0,2.0,3.0,3.0,0.0,6.6,1.0,2.5,3.0,2.5,3.25,2.5,2.5,2.7083333333333335,3.0,2.4,3.0,2.6,2.75,3.0,3.5,4.25,3.3333333333333335,3.533333333333333,3.0,3.5,3.0,3.1666666666666665,3.75,3.75,2.8,2.8000000000000003,2.0,2.0,4.25,4.25,2.75,2.75
R0291,ORG29,0,,1273,1,27,3,2,0.4,1.9,1,3.0,2,1,1,10,352.0,2640,3,3.0,3.0,3.0,3.0,3.0,3.0,3.0,3.0,3.0,3.0,3.0,3.0,3.0,3.0,3.0,3.0,3.0,3.0,3.0,3.0,3.0,3.0,3.0,3.0,3.0,3.0,3.0,3.0,3.0,3.0,3.0,3.0,3.0,3.0,3.0,3.0,3.0,3.0,3.0,3.0,3.0,3.0,3.0,3.0,3.0,3.0,3.0,3.0,3.0,3.0,3.0,3.0,3.0,3.0,3.0,3.0,3.0,3.0,3.0,3.0,3.0,3.0,3.0,3.0,3.0,3.0,3.0,3.0,3.0,3.0,3.0,3.0,3.0,3.0,3.0,3.0,3.0,3.0,3.0,3.0,3.0,3.0,3.0,3.0,3.0,3.0,3.0,3.0,3.0,3.0,3.0,3.0,3.0,3.0,3.0,3.0,4.0,3.0,3.0,3.0,3.0,3.0,4.0,3.0,3.0,3.0,4.0,4.0,4.0,3.0,3.0,3.0,4.0,3.0,3.0,3.0,4.0,4.0,5.0,3.0,3.0,2.0,3.0,0.0,13.4,1.0,3.0,3.0,3.0,3.0,3.0,3.0,3.0,3.0,3.0,3.0,3.0,3.0,3.0,3.0,3.0,3.0,3.0,3.0,3.0,3.0,3.0,3.0,3.0,3.0,3.0,3.0,3.0,3.0,3.0,3.0,3.0
R0292,ORG29,0,,738,1,30,2,1,1.2,3.4,0,0.0,1,1,1,7,489.0,2640,3,3.0,3.0,3.0,4.0,3.0,4.0,4.0,4.0,4.0,4.0,3.0,4.0,3.0,3.0,3.0,4.0,4.0,3.0,4.0,3.0,2.0,2.0,2.0,2.0,,3.0,2.0,3.0,3.0,2.0,3.0,2.0,2.0,3.0,2.0,3.0,4.0,3.0,4.0,2.0,3.0,4.0,3.0,2.0,4.0,3.0,5.0,3.0,5.0,4.0,3.0,4.0,5.0,4.0,5.0,5.0,5.0,4.0,5.0,5.0,3.0,3.0,2.0,2.0,4.0,3.0,4.0,3.0,3.0,3.0,3.0,3.0,4.0,3.0,5.0,5.0,5.0,2.0,4.0,4.0,2.0,2.0,2.0,2.0,2.0,4.0,4.0,4.0,3.0,4.0,4.0,3.0,3.0,3.0,2.0,3.0,3.0,3.0,4.0,3.0,3.0,3.0,4.0,3.0,4.0,3.0,3.0,2.0,2.0,2.0,2.0,4.0,3.0,4.0,2.0,3.0,4.0,2.0,2.0,2.0,3.0,3.0,3.0,0.0,1.3,1.0,3.25,2.25,3.75,2.75,3.5,4.0,3.25,2.75,2.4,2.8,2.8,2.6842105263157894,3.75,4.0,4.75,4.75,4.3125,2.5,3.5,3.0,3.0,4.25,4.25,2.0,2.0,4.0,4.0,3.5,3.5,2.75,2.75
R0293,ORG29,0,,1505,2,33,3,2,1.3,2.2,2,1.0,2,1,1,6,345.0,2640,3,3.0,2.0,3.0,2.0,2.0,3.0,4.0,4.0,3.0,4.0,3.0,3.0,5.0,4.0,4.0,5.0,2.0,2.0,2.0,3.0,4.0,4.0,3.0,3.0,3.0,4.0,4.0,4.0,3.0,1.0,3.0,2.0,2.0,2.0,3.0,,2.0,3.0,3.0,3.0,4.0,4.0,4.0,3.0,2.0,3.0,3.0,2.0,4.0,4.0,2.0,3.0,3.0,3.0,4.0,2.0,3.0,3.0,3.0,2.0,2.0,3.0,2.0,2.0,2.0,3.0,1.0,2.0,4.0,3.0,3.0,3.0,4.0,2.0,3.0,2.0,4.0,5.0,4.0,2.0,3.0,2.0,4.0,4.0,3.0,1.0,2.0,1.0,3.0,2.0,3.0,3.0,4.0,3.0,3.0,3.0,1.0,3.0,2.0,3.0,2.0,2.0,2.0,2.0,2.0,3.0,3.0,3.0,1.0,1.0,1.0,4.0,4.0,3.0,2.0,3.0,3.0,4.0,4.0,4.0,3.0,3.0,2.0,0.0,30.4,1.0,2.5,2.75,3.25,1.5,2.25,2.5,2.4583333333333335,3.6,2.0,2.75,3.6,3.0,2.5,3.25,3.0,2.75,2.875,2.25,2.0,3.25,2.5,2.75,2.75,3.2,3.1999999999999997,1.3333333333333333,1.3333333333333333,2.75,2.75,3.25,3.25
R0294,ORG29,0,,1148,1,32,4,1,2.0,8.4,2,1.0,5,1,2,4,129.0,2640,3,5.0,3.0,3.0,3.0,4.0,4.0,4.0,3.0,2.0,2.0,3.0,3.0,4.0,3.0,3.0,3.0,3.0,3.0,3.0,4.0,4.0,4.0,3.0,3.0,4.0,3.0,3.0,4.0,4.0,3.0,3.0,3.0,3.0,4.0,3.0,3.0,3.0,2.0,3.0,2.0,3.0,3.0,3.0,2.0,5.0,4.0,5.0,4.0,4.0,3.0,4.0,3.0,3.0,4.0,3.0,3.0,3.0,4.0,4.0,4.0,2.0,3.0,2.0,3.0,3.0,5.0,2.0,3.0,3.0,4.0,2.0,3.0,5.0,3.0,5.0,4.0,5.0,3.0,3.0,3.0,2.0,2.0,2.0,2.0,2.0,4.0,3.0,3.0,4.0,2.0,3.0,2.0,4.0,4.0,3.0,3.0,4.0,3.0,3.0,4.0,3.0,3.0,3.0,3.0,3.0,3.0,3.0,3.0,3.0,4.0,3.0,3.0,3.0,3.0,4.0,3.0,3.0,4.0,4.0,4.0,3.0,3.0,3.0,0.0,10.5,0.0,3.5,2.25,2.5,2.75,3.25,2.5,2.7916666666666665,3.6,3.2,2.8,2.6,3.05,4.5,3.5,3.25,3.75,3.75,2.5,3.25,3.0,2.9166666666666665,3.875,3.875,2.0,2.0,3.3333333333333335,3.3333333333333335,2.75,2.75,3.5,3.5
R0295,ORG29,0,,1062,1,35,3,1,5.6,10.1,0,1.0,1,1,1,9,210.0,2640,3,4.0,3.0,3.0,4.0,2.0,3.0,2.0,3.0,5.0,5.0,4.0,4.0,3.0,3.0,5.0,4.0,2.0,3.0,2.0,3.0,2.0,2.0,4.0,3.0,2.0,2.0,3.0,3.0,2.0,2.0,3.0,3.0,2.0,3.0,3.0,2.0,2.0,3.0,3.0,3.0,2.0,2.0,2.0,2.0,2.0,1.0,2.0,2.0,4.0,4.0,3.0,3.0,3.0,2.0,3.0,3.0,2.0,3.0,4.0,2.0,3.0,3.0,3.0,3.0,3.0,3.0,3.0,2.0,3.0,2.0,2.0,4.0,3.0,3.0,4.0,4.0,3.0,2.0,3.0,3.0,1.0,1.0,3.0,2.0,3.0,4.0,4.0,3.0,3.0,3.0,,4.0,2.0,2.0,4.0,3.0,3.0,4.0,2.0,3.0,4.0,3.0,3.0,3.0,3.0,3.0,2.0,4.0,4.0,4.0,3.0,4.0,4.0,3.0,4.0,5.0,4.0,4.0,4.0,4.0,3.0,2.0,3.0,0.0,12.3,1.0,3.5,3.5,4.5,2.25,2.5,3.25,3.25,2.4,2.6,2.6,2.2,2.45,1.75,3.5,2.75,2.75,2.6875,3.0,2.75,2.75,2.8333333333333335,3.375,3.375,2.0,2.0,3.6666666666666665,3.6666666666666665,3.3333333333333335,3.3333333333333335,2.75,2.75
R0296,ORG29,0,,561,2,32,4,1,5.5,6.8,2,1.0,1,2,1,10,219.0,2640,3,3.0,3.0,4.0,3.0,3.0,4.0,4.0,3.0,3.0,3.0,3.0,3.0,4.0,4.0,5.0,3.0,2.0,3.0,4.0,4.0,4.0,4.0,5.0,4.0,2.0,2.0,2.0,2.0,1.0,2.0,1.0,1.0,1.0,3.0,3.0,2.0,3.0,3.0,3.0,2.0,2.0,3.0,3.0,3.0,5.0,3.0,4.0,4.0,4.0,3.0,2.0,3.0,3.0,3.0,3.0,2.0,3.0,5.0,4.0,3.0,2.0,3.0,3.0,2.0,2.0,4.0,2.0,3.0,2.0,3.0,2.0,2.0,3.0,2.0,5.0,3.0,3.0,4.0,2.0,4.0,1.0,1.0,1.0,1.0,1.0,2.0,2.0,2.0,3.0,3.0,3.0,3.0,2.0,3.0,4.0,4.0,2.0,3.0,3.0,2.0,2.0,1.0,3.0,2.0,2.0,2.0,3.0,4.0,3.0,2.0,4.0,4.0,3.0,5.0,3.0,3.0,3.0,1.0,2.0,2.0,4.0,2.0,4.0,0.0,8.9,1.0,3.25,2.5,3.0,2.0,3.25,1.75,2.625,1.8,1.6,2.8,2.6,2.2,4.0,3.0,2.75,3.75,3.375,2.5,2.75,2.25,2.5,3.0,3.0,1.0,1.0,2.0,2.0,3.0,3.0,3.25,3.25
R0297,ORG29,0,,536,2,27,3,1,6.3,11.5,0,0.0,1,1,1,4,392.0,2640,3,4.0,4.0,4.0,2.0,1.0,2.0,2.0,3.0,3.0,3.0,5.0,2.0,3.0,3.0,3.0,2.0,3.0,4.0,1.0,4.0,4.0,2.0,3.0,3.0,4.0,4.0,4.0,4.0,1.0,4.0,5.0,5.0,4.0,4.0,5.0,3.0,3.0,4.0,3.0,4.0,4.0,3.0,3.0,2.0,5.0,3.0,4.0,4.0,4.0,4.0,4.0,4.0,3.0,2.0,4.0,3.0,4.0,4.0,2.0,4.0,3.0,2.0,3.0,3.0,3.0,5.0,4.0,4.0,4.0,4.0,3.0,3.0,3.0,3.0,3.0,3.0,2.0,2.0,4.0,3.0,4.0,2.0,3.0,3.0,2.0,,4.0,2.0,5.0,5.0,5.0,4.0,3.0,1.0,4.0,3.0,4.0,3.0,4.0,4.0,4.0,4.0,3.0,3.0,3.0,4.0,4.0,4.0,3.0,3.0,4.0,3.0,3.0,3.0,3.0,5.0,4.0,3.0,3.0,3.0,4.0,3.0,3.0,1.0,33.9,0.0,3.5,4.0,3.25,3.25,3.0,3.0,3.3333333333333335,3.4,4.4,3.6,3.2,3.65,4.0,4.0,3.0,3.5,3.625,2.75,4.0,3.5,3.4166666666666665,3.125,3.125,2.8,2.8000000000000003,3.0,3.0,4.75,4.75,2.75,2.75
R0298,ORG29,0,,711,2,34,3,2,7.3,9.5,1,0.0,1,1,1,10,288.0,2640,3,2.0,3.0,4.0,2.0,2.0,3.0,4.0,4.0,4.0,3.0,2.0,2.0,3.0,3.0,3.0,3.0,3.0,3.0,2.0,3.0,4.0,3.0,3.0,4.0,4.0,3.0,4.0,3.0,3.0,4.0,4.0,5.0,3.0,3.0,2.0,3.0,3.0,2.0,4.0,3.0,3.0,3.0,2.0,2.0,1.0,1.0,4.0,2.0,3.0,3.0,3.0,2.0,2.0,2.0,2.0,1.0,4.0,2.0,4.0,3.0,3.0,2.0,4.0,4.0,2.0,3.0,3.0,2.0,3.0,3.0,3.0,2.0,3.0,1.0,2.0,2.0,3.0,4.0,2.0,2.0,3.0,2.0,2.0,3.0,3.0,4.0,5.0,4.0,3.0,2.0,2.0,3.0,4.0,3.0,5.0,5.0,2.0,3.0,2.0,2.0,2.0,2.0,4.0,4.0,3.0,4.0,2.0,1.0,3.0,2.0,3.0,4.0,4.0,4.0,4.0,3.0,2.0,1.0,1.0,1.0,4.0,3.0,3.0,1.0,9.4,1.0,2.75,2.75,2.75,3.0,2.75,2.5,2.75,3.4,3.8,2.4,2.6,3.05,2.0,2.75,1.75,3.25,2.4375,3.25,2.5,2.75,2.8333333333333335,2.125,2.125,2.6,2.6,4.333333333333333,4.333333333333333,2.5,2.5,4.25,4.25
R0299,ORG29,0,,1528,2,36,3,1,2.1,2.6,3,1.0,2,1,1,3,170.0,2640,3,2.0,3.0,2.0,4.0,2.0,3.0,3.0,3.0,2.0,3.0,3.0,2.0,4.0,4.0,3.0,4.0,2.0,3.0,4.0,4.0,4.0,4.0,3.0,2.0,2.0,2.0,2.0,3.0,3.0,2.0,3.0,2.0,,3.0,1.0,2.0,2.0,2.0,4.0,1.0,2.0,2.0,1.0,2.0,4.0,3.0,3.0,4.0,3.0,2.0,2.0,3.0,3.0,4.0,4.0,3.0,3.0,2.0,3.0,2.0,2.0,3.0,3.0,2.0,2.0,2.0,2.0,1.0,3.0,2.0,2.0,4.0,5.0,5.0,5.0,4.0,4.0,2.0,4.0,5.0,2.0,3.0,2.0,3.0,2.0,3.0,4.0,3.0,3.0,2.0,3.0,2.0,3.0,3.0,3.0,2.0,4.0,3.0,2.0,1.0,2.0,2.0,2.0,3.0,3.0,3.0,4.0,4.0,3.0,2.0,3.0,3.0,2.0,2.0,4.0,4.0,4.0,2.0,3.0,2.0,3.0,4.0,3.0,1.0,12.4,1.0,2.75,3.25,2.5,2.25,3.25,2.75,2.7916666666666665,2.4,2.5,1.8,1.6,2.0526315789473686,3.5,2.5,3.5,2.5,3.0,2.5,1.75,2.75,2.3333333333333335,4.5,4.5,2.4,2.4,3.3333333333333335,3.3333333333333335,2.5,2.5,2.75,2.75
R0300,ORG30,0,,488,1,29,3,2,1.7,3.7,2,3.0,1,3,1,10,161.0,499,4,3.0,5.0,4.0,5.0,3.0,4.0,3.0,2.0,4.0,4.0,5.0,3.0,3.0,3.0,3.0,4.0,4.0,2.0,3.0,3.0,4.0,3.0,3.0,5.0,4.0,3.0,4.0,3.0,3.0,4.0,3.0,3.0,4.0,4.0,3.0,2.0,3.0,2.0,5.0,3.0,5.0,2.0,3.0,1.0,3.0,3.0,4.0,3.0,3.0,3.0,2.0,3.0,3.0,2.0,2.0,4.0,4.0,3.0,5.0,3.0,3.0,3.0,4.0,2.0,3.0,3.0,5.0,3.0,4.0,4.0,3.0,4.0,3.0,4.0,3.0,3.0,4.0,3.0,4.0,4.0,1.0,2.0,2.0,3.0,3.0,5.0,5.0,4.0,3.0,2.0,3.0,2.0,4.0,3.0,2.0,3.0,4.0,4.0,4.0,4.0,3.0,3.0,5.0,4.0,3.0,4.0,5.0,3.0,3.0,4.0,2.0,3.0,3.0,3.0,3.0,3.0,3.0,5.0,4.0,5.0,3.0,2.0,4.0,1.0,7.9,1.0,4.25,3.0,4.0,2.75,3.0,2.25,3.2083333333333335,3.4,3.6,2.2,2.8,3.0,3.25,2.75,2.75,3.75,3.125,3.0,3.5,3.75,3.4166666666666665,3.5,3.5,2.2,2.1999999999999997,4.666666666666667,4.666666666666667,2.5,2.5,3.0,3.0
R0301,ORG30,0,,763,2,39,2,1,2.5,5.3,1,5.0,3,1,1,3,229.0,499,4,3.0,3.0,3.0,3.0,5.0,4.0,4.0,4.0,3.0,3.0,2.0,3.0,3.0,4.0,4.0,3.0,1.0,3.0,3.0,2.0,3.0,3.0,3.0,4.0,3.0,2.0,3.0,5.0,3.0,3.0,4.0,4.0,3.0,2.0,4.0,3.0,3.0,4.0,2.0,3.0,5.0,4.0,4.0,3.0,4.0,5.0,4.0,4.0,4.0,4.0,4.0,5.0,3.0,3.0,4.0,3.0,3.0,3.0,4.0,4.0,3.0,2.0,2.0,4.0,4.0,3.0,3.0,3.0,,3.0,4.0,4.0,5.0,4.0,4.0,3.0,4.0,2.0,3.0,4.0,2.0,3.0,3.0,2.0,2.0,4.0,3.0,3.0,3.0,4.0,4.0,4.0,3.0,3.0,3.0,2.0,5.0,4.0,4.0,3.0,3.0,3.0,2.0,3.0,3.0,2.0,3.0,3.0,3.0,3.0,3.0,3.0,2.0,3.0,4.0,2.0,3.0,3.0,3.0,3.0,4.0,4.0,3.0,0.0,4.3,1.0,3.0,1.75,2.75,2.5,2.25,2.75,2.5,3.2,3.2,3.6,3.8,3.45,4.25,4.25,3.25,3.5,3.8125,2.75,3.25,3.6666666666666665,3.1818181818181817,3.875,3.875,2.4,2.4,3.3333333333333335,3.3333333333333335,3.75,3.75,2.75,2.75
R0302,ORG30,0,,972,1,36,3,2,3.7,7.6,2,0.0,1,2,1,4,291.0,499,4,2.0,2.0,2.0,2.0,4.0,4.0,3.0,4.0,3.0,3.0,1.0,2.0,3.0,4.0,4.0,3.0,3.0,3.0,3.0,1.0,5.0,5.0,5.0,5.0,2.0,3.0,4.0,1.0,3.0,2.0,1.0,2.0,1.0,2.0,4.0,3.0,3.0,3.0,3.0,3.0,3.0,2.0,3.0,3.0,1.0,1.0,1.0,2.0,1.0,2.0,2.0,1.0,1.0,2.0,2.0,1.0,3.0,2.0,1.0,1.0,1.0,1.0,1.0,1.0,2.0,2.0,2.0,2.0,1.0,2.0,3.0,2.0,2.0,2.0,2.0,1.0,2.0,4.0,2.0,3.0,3.0,3.0,3.0,3.0,2.0,5.0,5.0,5.0,3.0,2.0,3.0,3.0,2.0,2.0,2.0,3.0,3.0,2.0,2.0,2.0,1.0,1.0,4.0,5.0,5.0,1.0,2.0,2.0,2.0,2.0,3.0,5.0,4.0,4.0,3.0,2.0,2.0,2.0,2.0,2.0,3.0,3.0,3.0,1.0,4.8,1.0,2.0,2.25,2.25,2.5,2.5,1.0,2.0833333333333335,2.6,1.6,3.2,2.8,2.55,1.25,1.5,1.5,1.75,1.5,1.0,2.0,2.0,1.6666666666666667,2.0,2.0,2.8,2.8000000000000003,5.0,5.0,2.75,2.75,2.25,2.25
R0303,ORG30,0,,878,1,33,3,1,2.3,2.5,3,2.0,3,1,1,7,202.0,499,4,1.0,3.0,3.0,3.0,2.0,3.0,1.0,2.0,4.0,4.0,3.0,3.0,4.0,4.0,4.0,4.0,4.0,3.0,3.0,3.0,5.0,4.0,4.0,4.0,2.0,2.0,2.0,2.0,2.0,2.0,1.0,2.0,4.0,2.0,4.0,3.0,2.0,3.0,4.0,2.0,1.0,2.0,2.0,2.0,4.0,2.0,3.0,4.0,4.0,4.0,4.0,3.0,3.0,3.0,3.0,4.0,4.0,3.0,3.0,3.0,3.0,4.0,4.0,4.0,2.0,3.0,4.0,3.0,4.0,4.0,4.0,2.0,3.0,2.0,2.0,3.0,3.0,2.0,3.0,2.0,1.0,2.0,2.0,3.0,1.0,4.0,3.0,3.0,3.0,4.0,3.0,3.0,4.0,3.0,3.0,4.0,3.0,4.0,3.0,2.0,4.0,4.0,3.0,2.0,3.0,3.0,1.0,4.0,3.0,4.0,3.0,3.0,3.0,3.0,4.0,3.0,3.0,4.0,3.0,3.0,3.0,3.0,2.0,0.0,9.6,0.0,2.5,4.0,3.5,2.0,3.25,1.75,2.8333333333333335,2.0,2.2,2.8,1.8,2.2,3.25,3.75,3.25,3.25,3.375,3.75,3.0,3.5,3.4166666666666665,2.75,2.75,1.8,1.8,3.3333333333333335,3.3333333333333335,3.25,3.25,3.5,3.5
R0304,ORG30,0,,334,2,31,3,1,4.7,6.6,0,2.0,2,2,1,3,183.0,499,4,4.0,4.0,3.0,3.0,4.0,4.0,5.0,4.0,4.0,3.0,4.0,2.0,4.0,3.0,3.0,4.0,4.0,3.0,3.0,4.0,3.0,4.0,4.0,3.0,4.0,5.0,3.0,4.0,3.0,3.0,4.0,3.0,4.0,3.0,4.0,4.0,5.0,4.0,2.0,4.0,4.0,2.0,4.0,4.0,5.0,4.0,3.0,4.0,3.0,3.0,3.0,2.0,3.0,3.0,3.0,2.0,4.0,3.0,4.0,4.0,4.0,4.0,3.0,4.0,3.0,5.0,4.0,4.0,2.0,4.0,3.0,2.0,3.0,2.0,3.0,4.0,3.0,4.0,3.0,4.0,3.0,3.0,4.0,3.0,3.0,4.0,5.0,3.0,3.0,3.0,4.0,,3.0,2.0,3.0,3.0,5.0,3.0,4.0,3.0,3.0,3.0,4.0,5.0,4.0,,,,,,,,,,,,,,,,,,,0.0,3.4,1.0,3.5,1.75,3.25,2.5,3.5,2.5,2.8333333333333335,3.8,3.4,4.2,3.6,3.75,4.0,2.75,2.75,3.75,3.3125,3.75,4.0,2.75,3.5,3.0,3.0,3.2,3.1999999999999997,4.0,4.0,3.3333333333333335,3.3333333333333335,2.75,2.75
R0305,ORG30,0,,863,2,32,3,3,1.5,3.5,2,1.0,3,1,1,5,203.0,499,4,2.0,2.0,2.0,4.0,4.0,5.0,4.0,4.0,3.0,2.0,5.0,3.0,4.0,5.0,4.0,5.0,2.0,1.0,2.0,2.0,4.0,4.0,4.0,4.0,2.0,3.0,3.0,3.0,3.0,3.0,3.0,2.0,4.0,3.0,3.0,2.0,2.0,3.0,3.0,2.0,1.0,3.0,2.0,2.0,2.0,3.0,3.0,3.0,3.0,3.0,2.0,3.0,2.0,2.0,3.0,2.0,2.0,2.0,2.0,2.0,1.0,2.0,2.0,3.0,3.0,3.0,1.0,2.0,1.0,2.0,2.0,3.0,1.0,3.0,3.0,3.0,2.0,3.0,3.0,2.0,2.0,2.0,1.0,1.0,2.0,4.0,4.0,,1.0,1.0,1.0,1.0,3.0,4.0,5.0,5.0,3.0,3.0,3.0,2.0,2.0,2.0,3.0,4.0,4.0,3.0,2.0,3.0,2.0,2.0,3.0,4.0,4.0,2.0,3.0,3.0,4.0,3.0,4.0,3.0,4.0,4.0,4.0,1.0,17.1,1.0,2.5,1.75,3.25,1.5,1.75,2.0,2.125,2.8,3.0,2.6,2.0,2.6,2.75,2.75,2.25,2.0,2.4375,2.0,2.25,2.0,2.0833333333333335,2.5,2.5,1.6,1.5999999999999999,4.0,4.0,1.0,1.0,4.25,4.25
R0306,ORG30,0,,638,2,33,3,1,4.9,8.7,1,0.0,1,2,1,4,225.0,499,4,2.0,2.0,3.0,2.0,3.0,,4.0,5.0,3.0,2.0,4.0,2.0,5.0,5.0,5.0,5.0,3.0,2.0,2.0,2.0,4.0,5.0,4.0,3.0,4.0,3.0,3.0,3.0,3.0,1.0,1.0,2.0,2.0,2.0,2.0,2.0,1.0,2.0,4.0,1.0,1.0,1.0,1.0,1.0,2.0,1.0,3.0,3.0,2.0,2.0,2.0,2.0,4.0,2.0,3.0,3.0,3.0,2.0,4.0,3.0,3.0,3.0,3.0,2.0,2.0,2.0,1.0,2.0,3.0,2.0,3.0,2.0,2.0,2.0,1.0,1.0,3.0,5.0,1.0,2.0,4.0,2.0,1.0,2.0,2.0,4.0,4.0,4.0,4.0,4.0,3.0,3.0,3.0,4.0,5.0,3.0,1.0,2.0,3.0,2.0,2.0,2.0,4.0,4.0,3.0,3.0,3.0,3.0,2.0,3.0,2.0,4.0,4.0,2.0,3.0,2.0,2.0,1.0,3.0,3.0,4.0,5.0,5.0,1.0,2.3,1.0,2.25,2.0,2.75,1.0,2.25,2.0,2.0434782608695654,3.2,1.6,1.8,1.0,1.9,2.25,2.0,3.0,3.0,2.5625,2.75,1.75,2.5,2.3333333333333335,1.625,1.625,2.2,2.1999999999999997,4.0,4.0,3.5,3.5,3.75,3.75
R0307,ORG30,0,,605,2,35,1,1,5.9,13.5,2,1.0,3,1,2,4,234.0,499,4,4.0,4.0,4.0,5.0,3.0,3.0,4.0,3.0,3.0,3.0,2.0,3.0,3.0,3.0,3.0,4.0,4.0,4.0,4.0,4.0,4.0,3.0,5.0,3.0,3.0,4.0,4.0,4.0,2.0,3.0,4.0,3.0,4.0,5.0,4.0,3.0,3.0,4.0,3.0,2.0,2.0,2.0,3.0,3.0,2.0,3.0,4.0,3.0,3.0,3.0,3.0,3.0,4.0,4.0,4.0,4.0,5.0,5.0,4.0,4.0,4.0,4.0,4.0,3.0,3.0,3.0,2.0,3.0,3.0,4.0,3.0,3.0,3.0,3.0,3.0,3.0,2.0,3.0,3.0,3.0,1.0,3.0,4.0,3.0,4.0,4.0,3.0,4.0,5.0,4.0,4.0,5.0,3.0,4.0,2.0,3.0,3.0,4.0,2.0,4.0,3.0,3.0,3.0,3.0,4.0,5.0,3.0,4.0,2.0,2.0,2.0,3.0,3.0,3.0,4.0,2.0,1.0,2.0,2.0,2.0,4.0,4.0,4.0,0.0,8.2,1.0,4.25,2.75,2.75,2.75,4.0,2.25,3.125,3.4,3.8,3.4,2.4,3.25,3.0,3.0,4.0,4.5,3.625,3.75,2.75,3.25,3.25,2.875,2.875,3.0,3.0,3.6666666666666665,3.6666666666666665,4.5,4.5,3.0,3.0
R0308,ORG30,0,,672,2,32,1,2,8.7,9.7,0,1.0,1,2,1,4,118.0,499,4,5.0,3.0,4.0,4.0,3.0,4.0,3.0,3.0,4.0,4.0,4.0,3.0,4.0,3.0,5.0,4.0,4.0,4.0,5.0,4.0,3.0,2.0,1.0,2.0,4.0,3.0,2.0,3.0,2.0,3.0,4.0,4.0,4.0,4.0,1.0,2.0,2.0,2.0,4.0,3.0,3.0,2.0,2.0,1.0,5.0,4.0,4.0,4.0,4.0,4.0,3.0,2.0,5.0,3.0,3.0,4.0,3.0,4.0,3.0,4.0,5.0,4.0,2.0,3.0,4.0,3.0,3.0,3.0,4.0,3.0,4.0,3.0,5.0,5.0,5.0,5.0,5.0,1.0,3.0,5.0,3.0,3.0,3.0,3.0,4.0,4.0,5.0,,3.0,4.0,4.0,2.0,3.0,5.0,3.0,3.0,4.0,3.0,5.0,3.0,3.0,4.0,5.0,5.0,5.0,5.0,3.0,4.0,2.0,3.0,3.0,4.0,4.0,4.0,,,,,,,,,,1.0,7.3,1.0,4.0,2.75,3.75,2.0,4.25,4.0,3.4583333333333335,2.8,3.8,1.8,2.2,2.65,4.25,3.25,3.75,3.5,3.6875,3.5,3.25,3.5,3.4166666666666665,4.75,4.75,3.2,3.1999999999999997,4.5,4.5,3.25,3.25,3.5,3.5
R0309,ORG31,0,,630,2,27,2,1,1.0,5.1,0,1.0,1,1,1,10,217.0,1518,1,3.0,3.0,3.0,3.0,2.0,3.0,3.0,3.0,2.0,3.0,4.0,2.0,3.0,3.0,3.0,4.0,3.0,3.0,3.0,2.0,5.0,4.0,4.0,5.0,3.0,4.0,3.0,4.0,3.0,3.0,2.0,3.0,4.0,4.0,3.0,5.0,5.0,4.0,2.0,3.0,3.0,3.0,3.0,3.0,3.0,2.0,2.0,2.0,5.0,4.0,4.0,3.0,2.0,3.0,3.0,4.0,2.0,2.0,4.0,1.0,2.0,3.0,3.0,1.0,3.0,4.0,3.0,5.0,3.0,3.0,3.0,3.0,5.0,3.0,5.0,4.0,4.0,2.0,4.0,3.0,2.0,4.0,2.0,,3.0,3.0,3.0,2.0,3.0,3.0,3.0,2.0,3.0,1.0,3.0,2.0,3.0,2.0,3.0,2.0,3.0,2.0,2.0,2.0,3.0,3.0,3.0,3.0,2.0,4.0,4.0,3.0,4.0,4.0,4.0,4.0,4.0,2.0,2.0,2.0,3.0,3.0,4.0,0.0,9.7,1.0,3.0,3.25,2.75,2.75,2.75,1.5,2.6666666666666665,3.4,3.2,4.2,3.0,3.45,2.25,4.0,3.0,2.25,2.875,2.25,3.75,3.0,3.0,4.0,4.0,2.75,2.75,2.6666666666666665,2.6666666666666665,2.75,2.75,2.25,2.25
R0310,ORG31,0,,721,1,30,3,1,9.5,12.4,1,0.0,1,1,1,4,229.0,1518,1,4.0,3.0,4.0,4.0,3.0,2.0,3.0,3.0,4.0,4.0,4.0,3.0,4.0,3.0,3.0,2.0,3.0,2.0,3.0,3.0,3.0,2.0,2.0,3.0,3.0,3.0,3.0,3.0,4.0,3.0,3.0,4.0,2.0,3.0,3.0,3.0,3.0,3.0,3.0,3.0,3.0,3.0,3.0,3.0,2.0,3.0,3.0,3.0,2.0,2.0,1.0,2.0,5.0,4.0,4.0,5.0,2.0,2.0,2.0,2.0,3.0,4.0,4.0,4.0,4.0,4.0,5.0,4.0,3.0,2.0,3.0,4.0,4.0,3.0,3.0,2.0,4.0,3.0,5.0,2.0,4.0,5.0,3.0,5.0,4.0,4.0,4.0,3.0,3.0,3.0,3.0,3.0,2.0,2.0,2.0,2.0,3.0,4.0,4.0,4.0,4.0,4.0,2.0,2.0,3.0,4.0,3.0,2.0,4.0,3.0,3.0,2.0,2.0,3.0,3.0,2.0,3.0,4.0,5.0,4.0,2.0,4.0,3.0,0.0,32.2,0.0,3.75,3.25,3.75,3.0,2.75,3.5,3.3333333333333335,3.2,3.0,3.0,3.0,3.05,2.75,1.75,4.5,2.0,2.75,3.75,4.25,3.0,3.6666666666666665,3.25,3.25,4.2,4.2,3.6666666666666665,3.6666666666666665,3.0,3.0,2.0,2.0
R0311,ORG31,0,,770,2,28,3,1,0.3,3.2,2,1.0,1,1,1,7,378.0,1518,1,5.0,5.0,4.0,5.0,2.0,1.0,2.0,3.0,5.0,5.0,4.0,4.0,1.0,3.0,3.0,4.0,5.0,4.0,2.0,3.0,3.0,3.0,2.0,3.0,5.0,4.0,4.0,4.0,3.0,4.0,5.0,4.0,5.0,5.0,5.0,4.0,3.0,4.0,2.0,5.0,5.0,5.0,5.0,5.0,5.0,4.0,4.0,3.0,4.0,4.0,4.0,4.0,3.0,3.0,4.0,4.0,5.0,3.0,4.0,4.0,4.0,5.0,5.0,3.0,5.0,5.0,5.0,5.0,5.0,5.0,5.0,5.0,4.0,4.0,5.0,5.0,4.0,2.0,4.0,4.0,4.0,3.0,4.0,3.0,5.0,2.0,1.0,2.0,5.0,5.0,5.0,4.0,3.0,3.0,3.0,3.0,3.0,4.0,5.0,5.0,5.0,5.0,2.0,2.0,1.0,4.0,4.0,5.0,4.0,4.0,4.0,2.0,2.0,3.0,3.0,4.0,4.0,4.0,4.0,3.0,3.0,4.0,3.0,0.0,19.6,0.0,4.75,4.0,4.5,3.25,3.5,3.25,3.875,4.0,4.6,4.0,5.0,4.4,4.0,4.0,3.5,4.0,3.875,4.25,5.0,5.0,4.75,4.25,4.25,3.8,3.8000000000000003,1.6666666666666667,1.6666666666666667,4.75,4.75,3.0,3.0
R0312,ORG31,0,,1804,2,20,2,2,1.4,1.8,1,1.0,1,1,1,6,344.0,1518,1,4.0,5.0,4.0,4.0,3.0,2.0,3.0,2.0,3.0,4.0,3.0,5.0,2.0,3.0,3.0,2.0,4.0,4.0,5.0,3.0,3.0,2.0,3.0,3.0,4.0,3.0,3.0,3.0,3.0,2.0,1.0,2.0,2.0,3.0,4.0,4.0,4.0,4.0,1.0,3.0,5.0,4.0,4.0,4.0,2.0,3.0,5.0,4.0,3.0,3.0,3.0,3.0,4.0,4.0,4.0,2.0,4.0,3.0,5.0,2.0,4.0,4.0,5.0,4.0,4.0,3.0,5.0,4.0,2.0,1.0,3.0,1.0,2.0,4.0,4.0,4.0,3.0,3.0,3.0,3.0,5.0,4.0,4.0,5.0,2.0,3.0,3.0,3.0,5.0,4.0,5.0,5.0,2.0,4.0,4.0,5.0,5.0,3.0,4.0,4.0,4.0,4.0,3.0,4.0,3.0,2.0,3.0,4.0,4.0,4.0,3.0,2.0,3.0,4.0,3.0,2.0,3.0,2.0,4.0,3.0,3.0,3.0,3.0,0.0,33.2,0.0,4.25,3.5,3.75,3.5,4.0,3.25,3.7083333333333335,3.2,2.0,4.2,4.0,3.35,3.5,3.0,3.5,3.5,3.375,4.25,4.0,1.75,3.3333333333333335,3.25,3.25,4.0,4.0,3.0,3.0,4.75,4.75,3.75,3.75
R0313,ORG31,0,,568,2,34,4,1,3.4,4.6,2,1.0,5,1,1,4,325.0,1518,1,3.0,3.0,3.0,3.0,3.0,3.0,3.0,5.0,3.0,3.0,2.0,3.0,4.0,,5.0,4.0,5.0,3.0,3.0,3.0,3.0,3.0,3.0,3.0,4.0,4.0,4.0,5.0,5.0,4.0,4.0,5.0,4.0,5.0,5.0,5.0,4.0,5.0,1.0,5.0,4.0,4.0,4.0,4.0,4.0,2.0,4.0,3.0,3.0,4.0,3.0,4.0,4.0,4.0,4.0,4.0,5.0,4.0,4.0,4.0,5.0,4.0,5.0,4.0,4.0,5.0,3.0,3.0,4.0,4.0,3.0,3.0,4.0,4.0,5.0,4.0,4.0,2.0,5.0,5.0,3.0,3.0,3.0,3.0,3.0,3.0,3.0,4.0,4.0,4.0,4.0,5.0,2.0,1.0,4.0,3.0,4.0,4.0,4.0,4.0,5.0,4.0,4.0,4.0,3.0,4.0,3.0,4.0,4.0,5.0,5.0,3.0,2.0,2.0,2.0,3.0,3.0,5.0,4.0,4.0,3.0,3.0,5.0,0.0,1.4,1.0,3.0,2.5,2.75,1.6666666666666667,3.5,3.0,2.782608695652174,4.4,4.4,4.8,4.2,4.45,3.25,3.5,4.0,4.25,3.75,4.5,3.75,3.5,3.9166666666666665,4.375,4.375,3.0,3.0,3.3333333333333335,3.3333333333333335,4.25,4.25,2.5,2.5
R0314,ORG31,0,,1126,1,29,3,1,1.5,1.6,4,2.0,1,3,1,4,,1518,1,2.0,2.0,3.0,1.0,5.0,4.0,4.0,4.0,2.0,3.0,2.0,2.0,4.0,3.0,4.0,5.0,3.0,2.0,3.0,2.0,5.0,4.0,4.0,5.0,1.0,2.0,2.0,1.0,1.0,2.0,2.0,2.0,3.0,3.0,2.0,2.0,2.0,1.0,5.0,4.0,5.0,2.0,2.0,1.0,3.0,3.0,3.0,1.0,5.0,4.0,4.0,3.0,4.0,2.0,1.0,2.0,2.0,1.0,2.0,1.0,2.0,3.0,2.0,2.0,2.0,3.0,2.0,1.0,2.0,3.0,,2.0,1.0,3.0,3.0,2.0,4.0,4.0,3.0,2.0,3.0,4.0,4.0,4.0,4.0,4.0,5.0,4.0,4.0,4.0,2.0,3.0,4.0,3.0,3.0,4.0,2.0,3.0,3.0,2.0,3.0,3.0,4.0,4.0,4.0,2.0,3.0,2.0,2.0,3.0,3.0,4.0,4.0,5.0,3.0,2.0,3.0,2.0,2.0,2.0,3.0,5.0,4.0,0.0,5.8,1.0,2.0,1.75,2.25,2.0,2.5,1.5,2.0,1.4,2.4,1.6,2.8,2.05,2.5,4.0,2.25,1.5,2.5625,2.25,2.0,2.3333333333333335,2.1818181818181817,2.5,2.5,3.8,3.8000000000000003,4.333333333333333,4.333333333333333,3.25,3.25,3.5,3.5
R0315,ORG31,0,,565,2,30,3,2,1.4,2.5,3,2.0,3,1,1,10,489.0,1518,1,3.0,3.0,2.0,3.0,2.0,3.0,2.0,3.0,3.0,4.0,4.0,2.0,2.0,3.0,3.0,2.0,3.0,3.0,4.0,3.0,3.0,2.0,4.0,3.0,2.0,4.0,3.0,3.0,4.0,4.0,3.0,2.0,3.0,5.0,3.0,4.0,3.0,2.0,3.0,3.0,3.0,3.0,3.0,4.0,3.0,3.0,1.0,3.0,1.0,1.0,1.0,2.0,5.0,3.0,4.0,3.0,1.0,2.0,1.0,3.0,3.0,3.0,4.0,3.0,3.0,2.0,4.0,3.0,3.0,3.0,4.0,1.0,2.0,3.0,3.0,3.0,2.0,3.0,3.0,3.0,4.0,4.0,4.0,4.0,5.0,2.0,3.0,3.0,3.0,2.0,4.0,2.0,4.0,2.0,4.0,3.0,3.0,4.0,5.0,3.0,3.0,3.0,3.0,2.0,3.0,3.0,2.0,3.0,3.0,5.0,4.0,3.0,2.0,3.0,4.0,3.0,3.0,3.0,5.0,3.0,3.0,3.0,3.0,1.0,5.3,1.0,2.75,3.5,3.25,3.5,3.25,3.0,3.2083333333333335,3.2,3.4,3.0,3.2,3.2,2.5,1.25,3.75,1.75,2.3125,3.25,3.0,2.75,3.0,2.75,2.75,4.2,4.2,2.6666666666666665,2.6666666666666665,2.75,2.75,3.25,3.25
R0316,ORG31,0,,661,1,30,2,1,1.5,2.3,0,0.0,1,1,1,10,233.0,1518,1,4.0,4.0,3.0,4.0,2.0,3.0,3.0,4.0,3.0,2.0,2.0,2.0,3.0,3.0,3.0,3.0,4.0,4.0,3.0,2.0,3.0,3.0,3.0,3.0,3.0,4.0,3.0,3.0,2.0,4.0,3.0,3.0,3.0,3.0,3.0,3.0,3.0,3.0,3.0,5.0,5.0,3.0,3.0,5.0,3.0,3.0,1.0,3.0,3.0,2.0,3.0,3.0,3.0,2.0,3.0,2.0,3.0,3.0,3.0,1.0,4.0,3.0,3.0,3.0,2.0,3.0,2.0,2.0,1.0,2.0,2.0,2.0,3.0,3.0,4.0,3.0,3.0,2.0,3.0,5.0,4.0,3.0,5.0,4.0,4.0,4.0,4.0,4.0,1.0,1.0,2.0,1.0,4.0,4.0,5.0,5.0,3.0,2.0,2.0,2.0,2.0,2.0,4.0,4.0,3.0,4.0,3.0,4.0,2.0,2.0,2.0,4.0,3.0,3.0,3.0,4.0,3.0,3.0,3.0,3.0,4.0,3.0,3.0,1.0,1.7,1.0,3.75,3.0,2.25,3.0,3.25,3.0,3.0416666666666665,3.0,3.2,3.0,4.2,3.35,2.5,2.75,2.5,2.5,2.5625,3.25,2.25,1.75,2.4166666666666665,3.5,3.5,4.0,4.0,4.0,4.0,1.25,1.25,4.5,4.5
R0317,ORG31,0,,513,2,27,2,2,3.0,5.4,3,2.0,2,1,1,10,264.0,1518,1,4.0,3.0,3.0,3.0,3.0,3.0,3.0,3.0,4.0,4.0,4.0,4.0,3.0,2.0,3.0,4.0,3.0,4.0,3.0,4.0,1.0,2.0,2.0,2.0,4.0,4.0,5.0,4.0,5.0,4.0,5.0,4.0,5.0,3.0,3.0,5.0,3.0,5.0,3.0,4.0,4.0,5.0,5.0,4.0,3.0,3.0,4.0,4.0,4.0,4.0,4.0,4.0,4.0,4.0,4.0,5.0,5.0,4.0,5.0,4.0,3.0,2.0,4.0,2.0,5.0,5.0,4.0,4.0,3.0,4.0,3.0,3.0,5.0,4.0,4.0,5.0,5.0,2.0,4.0,5.0,3.0,3.0,3.0,2.0,2.0,3.0,3.0,2.0,3.0,4.0,5.0,3.0,3.0,4.0,4.0,2.0,5.0,4.0,4.0,5.0,3.0,4.0,3.0,3.0,3.0,4.0,5.0,4.0,5.0,4.0,5.0,3.0,2.0,3.0,4.0,4.0,4.0,4.0,4.0,3.0,2.0,1.0,4.0,0.0,27.2,0.0,3.25,3.0,4.0,3.0,3.5,4.25,3.5,4.4,4.2,3.8,4.4,4.2,3.5,4.0,4.25,4.5,4.0625,2.75,4.5,3.25,3.5,4.5,4.5,2.6,2.6,2.6666666666666665,2.6666666666666665,3.75,3.75,3.25,3.25
R0318,ORG31,0,,863,1,29,5,1,3.8,6.6,0,0.0,1,1,1,4,371.0,1518,1,3.0,3.0,3.0,4.0,3.0,2.0,4.0,4.0,4.0,3.0,1.0,3.0,3.0,3.0,3.0,3.0,4.0,4.0,4.0,5.0,3.0,2.0,3.0,2.0,5.0,5.0,4.0,4.0,3.0,4.0,5.0,3.0,4.0,5.0,5.0,4.0,3.0,4.0,3.0,4.0,4.0,3.0,5.0,4.0,3.0,2.0,4.0,2.0,1.0,3.0,2.0,2.0,3.0,1.0,3.0,2.0,3.0,2.0,3.0,3.0,4.0,3.0,2.0,2.0,3.0,4.0,3.0,3.0,2.0,4.0,4.0,2.0,4.0,3.0,4.0,2.0,4.0,3.0,2.0,4.0,3.0,3.0,4.0,4.0,3.0,1.0,1.0,1.0,3.0,3.0,4.0,4.0,3.0,3.0,2.0,4.0,4.0,3.0,4.0,3.0,3.0,3.0,2.0,1.0,2.0,4.0,5.0,4.0,4.0,3.0,4.0,3.0,3.0,4.0,5.0,4.0,4.0,4.0,3.0,5.0,2.0,3.0,1.0,0.0,19.4,1.0,3.25,2.75,2.75,3.0,4.25,3.5,3.25,4.2,4.2,3.8,4.0,4.05,2.75,2.0,2.25,2.75,2.4375,2.75,3.25,3.0,3.0,3.25,3.25,3.4,3.4,1.0,1.0,3.5,3.5,3.0,3.0
R0319,ORG32,0,,522,1,37,2,1,0.4,3.2,4,2.0,1,1,2,5,236.0,1502,5,3.0,3.0,4.0,3.0,3.0,3.0,4.0,3.0,1.0,2.0,2.0,2.0,3.0,4.0,4.0,3.0,3.0,2.0,1.0,3.0,4.0,3.0,5.0,4.0,4.0,4.0,3.0,4.0,4.0,4.0,3.0,3.0,4.0,4.0,5.0,5.0,5.0,5.0,2.0,3.0,,2.0,3.0,3.0,3.0,3.0,3.0,2.0,4.0,3.0,3.0,3.0,3.0,3.0,3.0,3.0,4.0,2.0,3.0,2.0,3.0,3.0,4.0,2.0,4.0,3.0,4.0,4.0,2.0,3.0,2.0,5.0,2.0,4.0,3.0,3.0,2.0,2.0,3.0,4.0,3.0,2.0,4.0,3.0,3.0,4.0,4.0,3.0,3.0,3.0,4.0,3.0,3.0,5.0,2.0,3.0,1.0,2.0,2.0,4.0,4.0,3.0,4.0,3.0,3.0,2.0,2.0,2.0,3.0,4.0,4.0,4.0,2.0,3.0,3.0,2.0,2.0,3.0,2.0,2.0,3.0,3.0,4.0,0.0,18.7,1.0,3.25,2.75,1.75,2.5,2.25,2.0,2.4166666666666665,3.8,3.6,4.8,2.75,3.789473684210526,2.75,3.25,3.0,2.75,2.9375,3.0,3.75,3.0,3.25,3.125,3.125,3.0,3.0,3.6666666666666665,3.6666666666666665,3.25,3.25,3.25,3.25
R0320,ORG32,0,,1176,2,36,3,2,9.8,11.1,2,1.0,1,3,1,4,250.0,1502,5,2.0,4.0,3.0,4.0,2.0,4.0,4.0,3.0,2.0,3.0,3.0,,2.0,3.0,1.0,3.0,3.0,3.0,4.0,2.0,3.0,3.0,3.0,3.0,3.0,4.0,4.0,3.0,3.0,4.0,2.0,4.0,4.0,3.0,4.0,3.0,4.0,4.0,2.0,3.0,3.0,2.0,2.0,3.0,4.0,3.0,5.0,5.0,4.0,5.0,5.0,4.0,4.0,2.0,5.0,2.0,3.0,3.0,4.0,3.0,3.0,2.0,3.0,4.0,4.0,4.0,4.0,4.0,4.0,4.0,3.0,2.0,4.0,3.0,5.0,2.0,4.0,3.0,3.0,5.0,3.0,3.0,4.0,3.0,3.0,3.0,4.0,3.0,4.0,,,3.0,3.0,4.0,3.0,4.0,4.0,4.0,4.0,4.0,3.0,4.0,4.0,2.0,4.0,3.0,4.0,4.0,4.0,3.0,3.0,4.0,3.0,4.0,3.0,2.0,3.0,4.0,4.0,5.0,4.0,3.0,2.0,0.0,1.7,1.0,3.25,2.75,2.6666666666666665,3.75,3.0,3.0,3.0869565217391304,3.4,3.4,3.8,2.6,3.3,4.25,4.5,3.25,3.25,3.8125,3.0,4.0,3.25,3.4166666666666665,3.625,3.625,3.2,3.1999999999999997,3.3333333333333335,3.3333333333333335,3.5,3.5,3.5,3.5
R0321,ORG32,0,,1406,2,22,4,1,1.1,4.4,1,2.0,1,1,2,6,238.0,1502,5,4.0,3.0,3.0,4.0,2.0,3.0,3.0,4.0,4.0,3.0,3.0,4.0,4.0,3.0,4.0,4.0,5.0,3.0,5.0,5.0,4.0,3.0,3.0,2.0,3.0,4.0,4.0,3.0,3.0,4.0,4.0,3.0,2.0,4.0,4.0,4.0,4.0,4.0,3.0,2.0,2.0,3.0,3.0,2.0,3.0,2.0,3.0,3.0,2.0,3.0,1.0,3.0,2.0,2.0,4.0,2.0,2.0,2.0,3.0,2.0,3.0,3.0,2.0,3.0,3.0,3.0,3.0,4.0,2.0,2.0,3.0,3.0,4.0,3.0,4.0,4.0,3.0,3.0,4.0,5.0,2.0,2.0,2.0,2.0,1.0,3.0,3.0,3.0,3.0,2.0,3.0,2.0,3.0,4.0,3.0,3.0,4.0,3.0,4.0,2.0,3.0,2.0,3.0,3.0,3.0,3.0,3.0,4.0,3.0,2.0,2.0,4.0,4.0,4.0,2.0,3.0,3.0,2.0,3.0,4.0,4.0,4.0,4.0,0.0,5.0,1.0,3.5,3.0,3.5,2.25,4.5,3.0,3.2916666666666665,3.4,3.4,3.8,2.4,3.25,2.75,2.25,2.5,2.25,2.4375,2.75,3.25,2.5,2.8333333333333335,3.75,3.75,1.8,1.8,3.0,3.0,2.5,2.5,3.25,3.25
R0322,ORG32,0,,785,1,34,4,2,0.6,1.7,1,0.0,1,2,1,5,196.0,1502,5,4.0,5.0,2.0,4.0,2.0,3.0,2.0,2.0,4.0,4.0,5.0,4.0,2.0,1.0,2.0,2.0,5.0,4.0,5.0,4.0,3.0,3.0,4.0,4.0,4.0,5.0,4.0,4.0,4.0,4.0,3.0,5.0,3.0,3.0,3.0,4.0,3.0,3.0,3.0,2.0,3.0,3.0,4.0,4.0,3.0,3.0,4.0,4.0,3.0,4.0,3.0,4.0,3.0,3.0,2.0,2.0,4.0,2.0,4.0,4.0,2.0,2.0,4.0,3.0,4.0,3.0,3.0,3.0,3.0,3.0,3.0,3.0,3.0,3.0,2.0,3.0,2.0,3.0,2.0,3.0,5.0,3.0,5.0,5.0,4.0,4.0,4.0,3.0,3.0,3.0,4.0,3.0,5.0,5.0,3.0,3.0,4.0,4.0,3.0,3.0,3.0,3.0,3.0,4.0,4.0,4.0,3.0,4.0,3.0,2.0,4.0,3.0,4.0,4.0,3.0,4.0,1.0,5.0,4.0,4.0,3.0,4.0,3.0,1.0,9.3,1.0,3.75,3.75,4.25,4.25,4.5,2.5,3.8333333333333335,4.2,3.6,3.2,3.2,3.55,3.5,3.5,2.5,3.5,3.25,2.75,3.25,3.0,3.0,2.625,2.625,4.4,4.3999999999999995,3.6666666666666665,3.6666666666666665,3.25,3.25,4.0,4.0
R0323,ORG32,0,,947,2,25,3,2,7.9,10.3,2,1.0,1,1,1,1,128.0,1502,5,4.0,3.0,2.0,3.0,4.0,4.0,3.0,4.0,2.0,3.0,4.0,3.0,4.0,5.0,3.0,3.0,2.0,2.0,3.0,3.0,4.0,4.0,4.0,4.0,4.0,4.0,3.0,4.0,4.0,3.0,5.0,5.0,3.0,4.0,4.0,4.0,4.0,5.0,2.0,3.0,3.0,3.0,2.0,3.0,4.0,3.0,4.0,3.0,4.0,4.0,5.0,4.0,3.0,2.0,3.0,2.0,3.0,3.0,3.0,4.0,3.0,3.0,3.0,3.0,3.0,3.0,3.0,3.0,3.0,2.0,2.0,3.0,4.0,4.0,5.0,5.0,3.0,3.0,3.0,3.0,4.0,4.0,4.0,3.0,4.0,4.0,4.0,4.0,2.0,2.0,3.0,3.0,5.0,3.0,4.0,4.0,3.0,3.0,3.0,3.0,4.0,3.0,3.0,4.0,4.0,3.0,4.0,3.0,3.0,3.0,2.0,2.0,3.0,3.0,,,,,,,,,,0.0,10.9,1.0,3.0,2.25,3.0,2.25,2.5,2.0,2.5,3.8,4.0,4.2,2.8,3.7,3.5,4.25,2.5,3.25,3.375,3.0,3.0,2.5,2.8333333333333335,3.75,3.75,3.8,3.8000000000000003,4.0,4.0,2.5,2.5,4.0,4.0
R0324,ORG32,0,,1574,1,30,3,1,2.0,3.5,3,0.0,1,1,2,7,256.0,1502,5,3.0,3.0,5.0,4.0,3.0,3.0,3.0,4.0,3.0,3.0,3.0,2.0,3.0,3.0,3.0,2.0,3.0,5.0,4.0,4.0,3.0,3.0,5.0,4.0,3.0,4.0,3.0,4.0,3.0,3.0,3.0,4.0,3.0,3.0,3.0,4.0,3.0,4.0,2.0,3.0,4.0,2.0,3.0,3.0,5.0,4.0,3.0,5.0,5.0,4.0,4.0,5.0,3.0,4.0,3.0,3.0,4.0,4.0,3.0,4.0,4.0,4.0,4.0,4.0,3.0,5.0,4.0,4.0,3.0,4.0,5.0,3.0,4.0,5.0,4.0,3.0,4.0,2.0,4.0,4.0,2.0,2.0,2.0,2.0,2.0,3.0,3.0,2.0,4.0,3.0,4.0,3.0,3.0,1.0,2.0,3.0,4.0,2.0,4.0,4.0,5.0,3.0,2.0,3.0,3.0,4.0,3.0,3.0,4.0,4.0,4.0,5.0,4.0,3.0,,,,,,,,,,0.0,4.0,1.0,3.75,2.75,2.75,3.25,4.0,2.25,3.125,3.4,3.2,3.6,3.0,3.3,4.25,4.5,3.25,3.75,3.9375,4.0,4.0,3.75,3.9166666666666665,4.0,4.0,2.0,2.0,2.6666666666666665,2.6666666666666665,3.5,3.5,2.25,2.25
R0325,ORG32,0,,1941,1,36,3,1,2.8,13.3,3,2.0,1,2,1,10,1435.0,1502,5,3.0,4.0,3.0,4.0,2.0,3.0,3.0,3.0,4.0,3.0,2.0,3.0,3.0,3.0,4.0,3.0,3.0,3.0,3.0,3.0,3.0,2.0,3.0,3.0,3.0,2.0,3.0,3.0,4.0,3.0,4.0,3.0,3.0,4.0,3.0,4.0,4.0,4.0,4.0,2.0,3.0,4.0,2.0,2.0,2.0,2.0,3.0,3.0,2.0,4.0,2.0,2.0,3.0,4.0,4.0,3.0,3.0,2.0,3.0,3.0,2.0,3.0,3.0,4.0,2.0,3.0,2.0,3.0,2.0,3.0,4.0,4.0,3.0,2.0,4.0,4.0,3.0,4.0,4.0,3.0,3.0,2.0,3.0,4.0,3.0,4.0,4.0,3.0,2.0,2.0,1.0,1.0,4.0,5.0,3.0,3.0,2.0,3.0,3.0,3.0,1.0,3.0,4.0,4.0,4.0,3.0,3.0,4.0,3.0,3.0,3.0,4.0,3.0,3.0,5.0,3.0,3.0,3.0,5.0,4.0,3.0,3.0,4.0,0.0,3.5,1.0,3.5,3.25,3.0,2.75,3.0,3.25,3.125,3.0,3.4,3.4,2.6,3.1,2.5,2.5,3.5,2.75,2.8125,3.0,2.5,3.25,2.9166666666666665,3.125,3.125,3.0,3.0,3.6666666666666665,3.6666666666666665,1.5,1.5,3.75,3.75
R0326,ORG32,0,,598,1,27,3,2,0.4,4.3,3,0.0,1,1,1,10,233.0,1502,5,4.0,4.0,4.0,4.0,4.0,4.0,4.0,4.0,4.0,4.0,4.0,4.0,4.0,4.0,4.0,4.0,4.0,4.0,3.0,4.0,4.0,4.0,4.0,4.0,4.0,4.0,4.0,4.0,4.0,4.0,4.0,4.0,4.0,4.0,4.0,4.0,4.0,4.0,4.0,4.0,4.0,4.0,4.0,4.0,4.0,4.0,4.0,4.0,4.0,4.0,4.0,4.0,4.0,4.0,4.0,4.0,4.0,4.0,4.0,4.0,4.0,4.0,4.0,4.0,4.0,4.0,4.0,4.0,4.0,,4.0,4.0,4.0,4.0,4.0,4.0,4.0,4.0,4.0,4.0,4.0,4.0,4.0,4.0,4.0,4.0,,4.0,4.0,4.0,4.0,4.0,4.0,4.0,4.0,4.0,3.0,4.0,3.0,4.0,3.0,3.0,4.0,3.0,4.0,2.0,4.0,4.0,3.0,4.0,4.0,2.0,3.0,2.0,,,,,,,,,,0.0,16.7,0.0,4.0,2.0,4.0,2.0,3.75,2.0,2.9583333333333335,4.0,4.0,3.6,4.0,3.9,4.0,4.0,4.0,4.0,4.0,4.0,4.0,4.0,4.0,3.75,3.75,4.0,4.0,4.0,4.0,4.0,4.0,4.0,4.0
R0327,ORG32,0,,566,2,23,3,1,0.2,1.3,2,2.0,1,1,1,7,240.0,1502,5,4.0,2.0,3.0,3.0,3.0,2.0,3.0,3.0,4.0,5.0,4.0,4.0,4.0,4.0,4.0,4.0,5.0,3.0,4.0,3.0,3.0,2.0,2.0,2.0,3.0,2.0,2.0,3.0,3.0,3.0,2.0,3.0,3.0,3.0,4.0,3.0,1.0,4.0,2.0,4.0,2.0,3.0,2.0,3.0,3.0,1.0,3.0,3.0,3.0,2.0,3.0,3.0,3.0,2.0,2.0,3.0,3.0,3.0,1.0,3.0,4.0,2.0,4.0,3.0,4.0,3.0,2.0,3.0,3.0,2.0,2.0,1.0,4.0,4.0,3.0,4.0,4.0,2.0,4.0,4.0,1.0,1.0,2.0,2.0,3.0,3.0,3.0,2.0,2.0,3.0,3.0,3.0,3.0,5.0,3.0,2.0,4.0,3.0,3.0,3.0,2.0,3.0,3.0,3.0,4.0,2.0,3.0,3.0,3.0,3.0,3.0,3.0,4.0,5.0,,,,,,,,,,1.0,28.5,0.0,3.0,3.25,4.25,2.0,3.75,3.75,3.3333333333333335,2.6,2.8,3.2,2.8,2.85,2.5,2.75,2.5,2.5,2.5625,3.25,3.0,2.0,2.75,3.875,3.875,1.8,1.8,2.6666666666666665,2.6666666666666665,2.75,2.75,3.25,3.25
R0329,ORG32,0,,952,1,22,3,2,0.5,2.4,1,2.0,2,2,1,4,239.0,1502,5,2.0,3.0,3.0,3.0,3.0,3.0,3.0,3.0,3.0,3.0,3.0,3.0,3.0,4.0,4.0,3.0,3.0,3.0,3.0,3.0,3.0,3.0,3.0,3.0,3.0,3.0,3.0,3.0,3.0,3.0,3.0,3.0,3.0,3.0,3.0,3.0,3.0,3.0,3.0,3.0,3.0,3.0,3.0,3.0,3.0,3.0,4.0,3.0,3.0,3.0,3.0,3.0,3.0,3.0,3.0,3.0,3.0,3.0,3.0,3.0,3.0,3.0,3.0,4.0,3.0,3.0,3.0,4.0,3.0,3.0,3.0,3.0,3.0,2.0,3.0,3.0,3.0,3.0,3.0,3.0,3.0,3.0,3.0,3.0,3.0,3.0,4.0,3.0,3.0,3.0,3.0,3.0,3.0,2.0,3.0,3.0,4.0,4.0,4.0,3.0,4.0,4.0,2.0,3.0,3.0,3.0,4.0,3.0,5.0,3.0,4.0,3.0,2.0,2.0,,,,,,,,,,0.0,4.9,1.0,2.75,3.0,3.0,2.5,3.0,3.0,2.875,3.0,3.0,3.0,3.0,3.0,3.25,3.0,3.0,3.0,3.0625,3.25,3.25,3.0,3.1666666666666665,2.875,2.875,3.0,3.0,3.3333333333333335,3.3333333333333335,3.0,3.0,2.75,2.75
R0330,ORG32,0,,381,1,32,3,2,3.9,6.7,2,14.0,1,1,1,4,422.0,1502,5,3.0,2.0,3.0,2.0,3.0,4.0,3.0,3.0,4.0,2.0,3.0,3.0,3.0,3.0,4.0,3.0,3.0,3.0,3.0,2.0,4.0,4.0,4.0,3.0,3.0,3.0,4.0,4.0,2.0,2.0,5.0,4.0,2.0,4.0,4.0,3.0,4.0,4.0,4.0,2.0,3.0,3.0,3.0,2.0,5.0,3.0,5.0,5.0,3.0,5.0,3.0,4.0,5.0,5.0,3.0,5.0,5.0,4.0,5.0,5.0,3.0,5.0,4.0,3.0,3.0,4.0,3.0,3.0,4.0,3.0,3.0,3.0,3.0,2.0,3.0,4.0,3.0,2.0,3.0,2.0,4.0,4.0,,3.0,4.0,4.0,4.0,4.0,4.0,5.0,4.0,4.0,2.0,3.0,2.0,5.0,3.0,2.0,2.0,4.0,3.0,4.0,4.0,4.0,3.0,3.0,3.0,3.0,4.0,3.0,2.0,5.0,4.0,4.0,3.0,3.0,3.0,3.0,2.0,2.0,3.0,3.0,3.0,0.0,6.3,1.0,2.5,2.75,3.0,2.75,2.75,2.25,2.6666666666666665,3.2,3.4,3.4,2.6,3.15,4.5,3.75,4.5,4.75,4.375,3.75,3.25,3.25,3.4166666666666665,3.0,3.0,3.75,3.75,4.0,4.0,4.25,4.25,3.0,3.0
R0331,ORG33,0,,671,2,38,3,2,2.3,3.5,0,0.0,1,3,1,5,124.0,491,1,2.0,4.0,3.0,4.0,2.0,3.0,3.0,2.0,3.0,3.0,5.0,2.0,2.0,2.0,2.0,2.0,3.0,5.0,3.0,3.0,2.0,3.0,3.0,3.0,3.0,5.0,4.0,4.0,4.0,3.0,4.0,4.0,5.0,4.0,5.0,3.0,4.0,3.0,3.0,3.0,4.0,4.0,3.0,3.0,3.0,3.0,4.0,3.0,4.0,1.0,3.0,2.0,5.0,5.0,5.0,4.0,1.0,1.0,1.0,1.0,4.0,4.0,5.0,4.0,5.0,5.0,5.0,5.0,4.0,4.0,3.0,4.0,3.0,3.0,4.0,2.0,5.0,4.0,3.0,3.0,3.0,5.0,5.0,5.0,4.0,3.0,3.0,4.0,4.0,3.0,3.0,4.0,2.0,2.0,4.0,1.0,3.0,3.0,4.0,4.0,4.0,5.0,2.0,3.0,2.0,3.0,4.0,2.0,5.0,5.0,4.0,3.0,3.0,3.0,,,,,,,,,,0.0,28.0,0.0,3.25,3.5,3.25,4.0,3.5,3.25,3.4583333333333335,4.0,4.0,3.6,3.4,3.75,3.25,2.5,4.75,1.0,2.875,4.25,5.0,3.75,4.333333333333333,3.125,3.125,4.4,4.3999999999999995,3.3333333333333335,3.3333333333333335,3.5,3.5,2.25,2.25
R0332,ORG33,0,,1733,1,36,3,1,5.2,8.3,5,0.0,1,1,1,10,152.0,491,1,3.0,3.0,3.0,3.0,3.0,3.0,3.0,3.0,3.0,3.0,3.0,3.0,3.0,3.0,3.0,3.0,3.0,3.0,3.0,3.0,3.0,3.0,3.0,3.0,3.0,3.0,3.0,3.0,3.0,3.0,3.0,3.0,3.0,3.0,3.0,3.0,3.0,3.0,3.0,3.0,3.0,3.0,3.0,3.0,3.0,3.0,3.0,3.0,3.0,3.0,3.0,3.0,3.0,3.0,3.0,3.0,3.0,3.0,3.0,3.0,3.0,3.0,3.0,,3.0,3.0,3.0,3.0,3.0,3.0,3.0,3.0,3.0,3.0,3.0,3.0,3.0,3.0,3.0,3.0,3.0,3.0,3.0,3.0,3.0,3.0,3.0,3.0,3.0,3.0,3.0,3.0,3.0,3.0,3.0,3.0,4.0,3.0,3.0,4.0,4.0,3.0,5.0,5.0,5.0,3.0,3.0,5.0,4.0,5.0,5.0,2.0,3.0,4.0,4.0,4.0,3.0,4.0,5.0,4.0,1.0,2.0,3.0,1.0,0.8,1.0,3.0,3.0,3.0,3.0,3.0,3.0,3.0,3.0,3.0,3.0,3.0,3.0,3.0,3.0,3.0,3.0,3.0,3.0,3.0,3.0,3.0,3.0,3.0,3.0,3.0,3.0,3.0,3.0,3.0,3.0,3.0
R0333,ORG33,0,,755,2,23,3,2,2.6,5.5,1,2.0,2,1,1,2,181.0,491,1,4.0,4.0,3.0,3.0,3.0,2.0,3.0,4.0,5.0,4.0,3.0,3.0,1.0,2.0,2.0,3.0,5.0,5.0,4.0,4.0,3.0,3.0,3.0,2.0,5.0,5.0,4.0,4.0,4.0,4.0,5.0,4.0,4.0,3.0,5.0,5.0,5.0,5.0,1.0,4.0,4.0,3.0,3.0,3.0,5.0,4.0,5.0,4.0,5.0,5.0,5.0,5.0,5.0,3.0,4.0,4.0,4.0,4.0,5.0,3.0,2.0,3.0,5.0,3.0,4.0,5.0,4.0,4.0,5.0,5.0,5.0,3.0,5.0,4.0,4.0,4.0,5.0,3.0,3.0,2.0,3.0,2.0,3.0,4.0,3.0,3.0,2.0,3.0,4.0,4.0,5.0,4.0,3.0,4.0,3.0,2.0,4.0,4.0,5.0,5.0,5.0,5.0,3.0,2.0,2.0,3.0,3.0,4.0,4.0,4.0,4.0,1.0,3.0,1.0,,,,,,,,,,0.0,26.3,0.0,3.5,3.0,3.75,4.0,4.5,3.25,3.6666666666666665,4.4,4.0,5.0,3.4,4.2,4.5,5.0,4.0,4.0,4.375,3.25,4.25,4.5,4.0,3.75,3.75,3.0,3.0,2.6666666666666665,2.6666666666666665,4.25,4.25,3.0,3.0
R0334,ORG33,0,,437,2,30,3,2,2.1,2.4,1,1.0,1,1,1,10,,491,1,3.0,4.0,5.0,4.0,3.0,3.0,4.0,3.0,3.0,4.0,3.0,3.0,3.0,3.0,3.0,2.0,3.0,3.0,3.0,3.0,3.0,3.0,4.0,4.0,3.0,3.0,5.0,3.0,3.0,3.0,1.0,2.0,2.0,3.0,4.0,3.0,3.0,3.0,2.0,3.0,3.0,2.0,2.0,3.0,4.0,3.0,3.0,3.0,4.0,4.0,4.0,3.0,4.0,3.0,3.0,3.0,4.0,3.0,3.0,3.0,3.0,3.0,4.0,3.0,4.0,3.0,4.0,2.0,4.0,4.0,4.0,4.0,4.0,3.0,3.0,3.0,3.0,4.0,3.0,4.0,3.0,3.0,3.0,2.0,2.0,1.0,2.0,1.0,3.0,4.0,4.0,3.0,4.0,4.0,4.0,5.0,4.0,4.0,4.0,4.0,3.0,3.0,3.0,2.0,1.0,3.0,4.0,4.0,4.0,5.0,4.0,1.0,2.0,2.0,4.0,3.0,4.0,4.0,4.0,4.0,2.0,3.0,1.0,0.0,27.1,1.0,4.0,2.75,3.25,3.25,3.0,2.5,3.125,3.4,2.2,3.4,2.6,2.9,3.25,3.75,3.25,3.25,3.375,3.25,3.25,4.0,3.5,3.125,3.125,2.6,2.6,1.3333333333333333,1.3333333333333333,3.5,3.5,4.25,4.25
R0335,ORG33,0,,711,2,30,1,1,8.3,13.7,5,1.0,3,1,1,7,218.0,491,1,3.0,3.0,3.0,3.0,3.0,3.0,3.0,3.0,3.0,3.0,3.0,3.0,3.0,3.0,3.0,3.0,3.0,3.0,3.0,3.0,3.0,3.0,3.0,3.0,3.0,3.0,3.0,3.0,3.0,3.0,3.0,3.0,3.0,3.0,3.0,3.0,3.0,3.0,3.0,3.0,3.0,3.0,3.0,3.0,3.0,3.0,3.0,3.0,3.0,3.0,3.0,3.0,3.0,3.0,3.0,3.0,3.0,3.0,3.0,3.0,3.0,3.0,3.0,3.0,3.0,3.0,3.0,3.0,3.0,3.0,3.0,3.0,3.0,3.0,3.0,3.0,3.0,3.0,3.0,3.0,3.0,3.0,3.0,3.0,3.0,3.0,3.0,3.0,3.0,3.0,3.0,3.0,3.0,3.0,3.0,3.0,3.0,3.0,2.0,3.0,2.0,2.0,5.0,5.0,5.0,3.0,4.0,3.0,2.0,3.0,3.0,3.0,3.0,3.0,4.0,3.0,2.0,3.0,2.0,3.0,2.0,4.0,4.0,1.0,4.3,1.0,3.0,3.0,3.0,3.0,3.0,3.0,3.0,3.0,3.0,3.0,3.0,3.0,3.0,3.0,3.0,3.0,3.0,3.0,3.0,3.0,3.0,3.0,3.0,3.0,3.0,3.0,3.0,3.0,3.0,3.0,3.0
R0336,ORG33,0,,803,2,31,2,1,4.4,7.9,1,1.0,1,1,1,6,826.0,491,1,5.0,4.0,5.0,5.0,1.0,2.0,2.0,2.0,5.0,5.0,4.0,5.0,2.0,1.0,2.0,1.0,5.0,4.0,5.0,3.0,2.0,2.0,2.0,2.0,3.0,5.0,5.0,3.0,5.0,4.0,5.0,4.0,5.0,4.0,5.0,4.0,4.0,5.0,2.0,3.0,3.0,3.0,4.0,4.0,3.0,3.0,3.0,4.0,5.0,5.0,4.0,5.0,3.0,3.0,4.0,4.0,2.0,3.0,3.0,3.0,2.0,3.0,2.0,3.0,4.0,4.0,4.0,4.0,4.0,4.0,5.0,3.0,3.0,3.0,4.0,3.0,3.0,1.0,4.0,5.0,4.0,4.0,4.0,4.0,5.0,3.0,2.0,2.0,3.0,3.0,4.0,4.0,1.0,4.0,2.0,3.0,4.0,5.0,5.0,3.0,4.0,4.0,4.0,3.0,3.0,5.0,5.0,4.0,3.0,3.0,3.0,2.0,2.0,3.0,4.0,3.0,4.0,3.0,3.0,3.0,4.0,3.0,4.0,0.0,13.8,1.0,4.75,4.25,4.75,4.5,4.25,4.0,4.416666666666667,4.2,4.4,4.4,3.4,4.1,3.25,4.75,3.5,2.75,3.5625,2.5,4.0,4.0,3.5,3.75,3.75,4.2,4.2,2.3333333333333335,2.3333333333333335,3.5,3.5,2.5,2.5
R0337,ORG33,0,,794,2,32,1,1,2.4,3.3,0,1.0,1,1,2,4,272.0,491,1,3.0,3.0,3.0,3.0,3.0,3.0,3.0,3.0,3.0,3.0,3.0,3.0,3.0,3.0,3.0,3.0,3.0,3.0,3.0,3.0,3.0,3.0,3.0,3.0,3.0,3.0,3.0,3.0,3.0,3.0,3.0,3.0,3.0,3.0,3.0,3.0,3.0,3.0,3.0,3.0,3.0,3.0,3.0,3.0,3.0,3.0,3.0,3.0,3.0,3.0,3.0,3.0,3.0,3.0,3.0,3.0,3.0,3.0,3.0,3.0,3.0,3.0,3.0,3.0,3.0,3.0,3.0,3.0,3.0,3.0,3.0,3.0,3.0,3.0,3.0,3.0,3.0,3.0,3.0,3.0,3.0,3.0,3.0,3.0,3.0,3.0,3.0,3.0,3.0,3.0,3.0,3.0,3.0,3.0,3.0,3.0,4.0,4.0,4.0,4.0,4.0,3.0,3.0,3.0,4.0,4.0,3.0,4.0,4.0,3.0,3.0,4.0,3.0,3.0,4.0,4.0,3.0,4.0,4.0,3.0,3.0,3.0,2.0,1.0,1.6,1.0,3.0,3.0,3.0,3.0,3.0,3.0,3.0,3.0,3.0,3.0,3.0,3.0,3.0,3.0,3.0,3.0,3.0,3.0,3.0,3.0,3.0,3.0,3.0,3.0,3.0,3.0,3.0,3.0,3.0,3.0,3.0
R0338,ORG33,0,,1288,1,34,3,2,3.3,5.2,3,1.0,1,3,1,7,238.0,491,1,3.0,3.0,4.0,4.0,3.0,4.0,4.0,3.0,2.0,3.0,1.0,2.0,3.0,4.0,4.0,3.0,3.0,3.0,4.0,2.0,3.0,3.0,5.0,4.0,3.0,2.0,3.0,3.0,4.0,2.0,3.0,3.0,3.0,2.0,3.0,3.0,2.0,1.0,3.0,3.0,4.0,3.0,3.0,3.0,3.0,3.0,4.0,3.0,3.0,3.0,3.0,3.0,1.0,2.0,4.0,3.0,3.0,3.0,3.0,2.0,4.0,4.0,4.0,5.0,4.0,5.0,4.0,4.0,3.0,4.0,3.0,3.0,2.0,2.0,2.0,3.0,3.0,4.0,4.0,2.0,3.0,3.0,3.0,4.0,2.0,4.0,4.0,3.0,5.0,4.0,4.0,4.0,4.0,1.0,3.0,1.0,1.0,3.0,2.0,3.0,4.0,4.0,4.0,4.0,3.0,3.0,3.0,3.0,4.0,3.0,3.0,3.0,3.0,3.0,5.0,3.0,2.0,3.0,4.0,3.0,3.0,3.0,4.0,0.0,6.9,1.0,3.5,2.5,2.0,2.5,3.0,2.25,2.625,3.0,2.6,2.4,3.2,2.8,3.25,3.0,2.5,2.75,2.875,4.25,4.25,3.25,3.9166666666666665,2.5,2.5,3.0,3.0,3.6666666666666665,3.6666666666666665,4.25,4.25,2.25,2.25
R0339,ORG33,0,,778,1,29,2,1,0.1,2.9,2,,2,1,1,2,371.0,491,1,4.0,4.0,3.0,3.0,4.0,4.0,4.0,4.0,4.0,4.0,4.0,4.0,3.0,5.0,5.0,4.0,4.0,2.0,3.0,3.0,2.0,3.0,4.0,4.0,3.0,3.0,3.0,4.0,2.0,4.0,3.0,4.0,4.0,5.0,4.0,4.0,2.0,4.0,1.0,5.0,4.0,3.0,3.0,4.0,5.0,4.0,4.0,3.0,5.0,5.0,5.0,4.0,5.0,4.0,5.0,4.0,5.0,5.0,5.0,4.0,3.0,4.0,5.0,3.0,5.0,5.0,5.0,5.0,5.0,4.0,5.0,4.0,4.0,4.0,5.0,4.0,5.0,1.0,4.0,4.0,4.0,4.0,5.0,4.0,,3.0,3.0,2.0,5.0,4.0,5.0,5.0,3.0,3.0,4.0,3.0,4.0,4.0,4.0,4.0,5.0,5.0,3.0,3.0,4.0,,,,,,,,,,,,,,,,,,,0.0,17.1,0.0,3.5,2.0,4.0,1.75,3.0,2.75,2.8333333333333335,3.0,4.0,3.8,3.8,3.65,4.0,4.75,4.5,4.75,4.5,3.75,5.0,4.5,4.416666666666667,4.375,4.375,4.25,4.25,2.6666666666666665,2.6666666666666665,4.75,4.75,3.25,3.25
R0340,ORG33,0,,923,2,42,3,1,5.7,11.5,0,2.0,1,2,1,10,174.0,491,1,2.0,3.0,3.0,2.0,4.0,4.0,3.0,5.0,3.0,3.0,2.0,2.0,3.0,2.0,3.0,3.0,2.0,3.0,3.0,2.0,3.0,3.0,2.0,3.0,2.0,4.0,2.0,3.0,3.0,3.0,2.0,3.0,3.0,2.0,2.0,2.0,2.0,1.0,4.0,4.0,4.0,4.0,3.0,4.0,5.0,2.0,2.0,4.0,3.0,2.0,3.0,3.0,2.0,2.0,3.0,3.0,3.0,2.0,4.0,3.0,3.0,3.0,3.0,1.0,3.0,3.0,2.0,3.0,3.0,3.0,2.0,3.0,3.0,2.0,4.0,4.0,3.0,3.0,2.0,3.0,3.0,3.0,3.0,4.0,4.0,4.0,4.0,5.0,3.0,2.0,2.0,3.0,2.0,4.0,4.0,4.0,4.0,3.0,3.0,2.0,3.0,2.0,4.0,5.0,4.0,4.0,3.0,4.0,3.0,3.0,3.0,4.0,4.0,4.0,3.0,2.0,3.0,5.0,3.0,4.0,4.0,3.0,4.0,1.0,0.6,1.0,2.5,2.0,2.5,3.25,2.5,3.25,2.6666666666666665,2.8,2.6,1.8,3.8,2.75,3.25,2.75,2.5,3.0,2.875,2.5,2.75,2.75,2.6666666666666665,3.0,3.0,3.4,3.4,4.333333333333333,4.333333333333333,2.5,2.5,3.5,3.5
R0341,ORG33,0,,735,2,26,3,1,0.5,1.3,2,1.0,2,2,1,10,338.0,491,1,3.0,4.0,3.0,4.0,3.0,3.0,2.0,3.0,4.0,3.0,2.0,3.0,2.0,3.0,3.0,3.0,4.0,4.0,4.0,3.0,3.0,3.0,4.0,4.0,3.0,3.0,4.0,4.0,4.0,3.0,3.0,4.0,4.0,4.0,4.0,5.0,3.0,4.0,2.0,5.0,3.0,4.0,4.0,5.0,2.0,2.0,4.0,3.0,3.0,3.0,3.0,2.0,3.0,3.0,2.0,2.0,4.0,4.0,3.0,3.0,3.0,2.0,3.0,2.0,3.0,4.0,4.0,3.0,4.0,3.0,3.0,3.0,4.0,5.0,5.0,3.0,4.0,3.0,4.0,5.0,5.0,5.0,5.0,5.0,5.0,4.0,3.0,4.0,5.0,4.0,3.0,4.0,3.0,3.0,2.0,1.0,4.0,3.0,4.0,3.0,3.0,3.0,4.0,3.0,3.0,5.0,4.0,4.0,3.0,5.0,5.0,4.0,3.0,4.0,4.0,4.0,3.0,2.0,3.0,2.0,4.0,3.0,3.0,0.0,31.8,0.0,3.5,3.25,3.0,3.25,3.75,2.5,3.2083333333333335,3.6,3.6,4.0,4.2,3.85,2.75,2.75,2.5,3.5,2.875,2.5,3.5,3.25,3.0833333333333335,4.125,4.125,5.0,5.0,3.6666666666666665,3.6666666666666665,4.0,4.0,2.25,2.25
R0342,ORG33,0,,2030,1,30,3,1,7.4,11.6,0,2.0,1,3,1,10,187.0,491,1,4.0,4.0,4.0,3.0,2.0,3.0,3.0,2.0,4.0,4.0,3.0,2.0,3.0,3.0,3.0,4.0,3.0,4.0,5.0,3.0,4.0,4.0,3.0,3.0,2.0,3.0,5.0,2.0,2.0,3.0,4.0,2.0,2.0,3.0,2.0,3.0,2.0,3.0,4.0,3.0,2.0,2.0,3.0,3.0,4.0,3.0,4.0,4.0,4.0,3.0,3.0,3.0,3.0,4.0,4.0,3.0,4.0,3.0,4.0,3.0,2.0,2.0,3.0,4.0,3.0,2.0,2.0,2.0,2.0,2.0,2.0,2.0,3.0,3.0,2.0,3.0,3.0,4.0,3.0,3.0,2.0,3.0,2.0,2.0,2.0,5.0,5.0,4.0,4.0,3.0,3.0,4.0,3.0,,4.0,3.0,4.0,4.0,2.0,2.0,2.0,3.0,5.0,5.0,4.0,4.0,4.0,3.0,3.0,3.0,4.0,4.0,5.0,3.0,4.0,4.0,4.0,3.0,5.0,4.0,3.0,4.0,2.0,1.0,9.1,1.0,3.75,3.5,3.25,2.75,3.75,2.5,3.25,2.8,2.8,2.4,2.6,2.65,3.75,3.25,3.5,3.5,3.5,2.75,2.25,2.0,2.3333333333333335,2.75,2.75,2.2,2.1999999999999997,4.666666666666667,4.666666666666667,3.5,3.5,3.3333333333333335,3.3333333333333335
R0343,ORG33,0,,1648,2,34,5,1,9.0,9.9,1,2.0,2,1,1,7,252.0,491,1,3.0,3.0,2.0,2.0,4.0,4.0,4.0,5.0,1.0,2.0,3.0,1.0,4.0,5.0,4.0,5.0,3.0,,2.0,2.0,4.0,4.0,4.0,3.0,3.0,3.0,3.0,2.0,1.0,2.0,2.0,2.0,3.0,4.0,3.0,2.0,3.0,4.0,4.0,3.0,4.0,2.0,3.0,3.0,2.0,2.0,3.0,3.0,4.0,2.0,2.0,2.0,2.0,2.0,2.0,3.0,3.0,4.0,4.0,3.0,4.0,3.0,3.0,2.0,3.0,4.0,3.0,4.0,3.0,2.0,3.0,2.0,1.0,2.0,2.0,2.0,1.0,5.0,1.0,2.0,2.0,2.0,2.0,2.0,2.0,5.0,5.0,5.0,3.0,2.0,4.0,3.0,2.0,3.0,4.0,3.0,1.0,2.0,2.0,3.0,4.0,3.0,5.0,5.0,5.0,2.0,2.0,1.0,3.0,2.0,3.0,5.0,5.0,5.0,2.0,3.0,1.0,2.0,3.0,2.0,5.0,4.0,5.0,1.0,0.7,1.0,2.5,1.75,1.75,1.5,2.3333333333333335,2.25,2.0,2.4,2.6,2.8,3.0,2.7,2.5,2.5,2.25,3.5,2.6875,3.0,3.5,2.5,3.0,1.5,1.5,2.0,2.0,5.0,5.0,3.0,3.0,3.0,3.0
R0344,ORG34,0,,474,2,28,2,1,6.5,12.4,0,13.0,3,1,1,7,367.0,2780,3,3.0,2.0,2.0,1.0,3.0,4.0,4.0,4.0,4.0,3.0,3.0,3.0,4.0,3.0,4.0,4.0,1.0,1.0,2.0,2.0,3.0,3.0,3.0,3.0,3.0,3.0,3.0,4.0,2.0,3.0,3.0,2.0,4.0,2.0,3.0,3.0,4.0,3.0,3.0,4.0,2.0,2.0,2.0,2.0,3.0,2.0,3.0,2.0,3.0,4.0,4.0,4.0,4.0,3.0,2.0,2.0,3.0,2.0,2.0,3.0,5.0,4.0,5.0,3.0,5.0,5.0,4.0,4.0,4.0,3.0,3.0,2.0,3.0,2.0,3.0,3.0,2.0,3.0,2.0,3.0,2.0,2.0,3.0,3.0,3.0,3.0,4.0,4.0,4.0,2.0,3.0,3.0,2.0,3.0,3.0,3.0,4.0,3.0,2.0,4.0,3.0,4.0,3.0,3.0,3.0,3.0,4.0,2.0,4.0,3.0,3.0,4.0,4.0,4.0,3.0,4.0,3.0,3.0,3.0,4.0,4.0,2.0,3.0,1.0,12.3,1.0,2.0,2.25,3.25,2.25,1.5,3.0,2.375,3.0,2.8,3.2,2.4,2.85,2.5,3.75,2.75,2.5,2.875,4.25,4.5,3.0,3.9166666666666665,2.625,2.625,2.6,2.6,3.6666666666666665,3.6666666666666665,3.0,3.0,2.75,2.75
R0345,ORG34,0,,811,1,28,3,1,3.5,5.8,1,1.0,3,1,1,9,163.0,2780,3,2.0,3.0,3.0,5.0,3.0,3.0,2.0,3.0,3.0,3.0,1.0,3.0,3.0,4.0,4.0,5.0,2.0,2.0,2.0,2.0,2.0,2.0,2.0,4.0,3.0,3.0,2.0,3.0,4.0,4.0,3.0,4.0,4.0,3.0,4.0,3.0,2.0,2.0,3.0,3.0,5.0,3.0,4.0,4.0,4.0,5.0,4.0,3.0,3.0,3.0,4.0,3.0,2.0,3.0,4.0,,4.0,3.0,3.0,4.0,2.0,2.0,3.0,4.0,3.0,3.0,3.0,3.0,3.0,4.0,3.0,3.0,3.0,5.0,3.0,2.0,3.0,3.0,2.0,3.0,3.0,3.0,3.0,3.0,3.0,2.0,3.0,3.0,2.0,2.0,3.0,2.0,3.0,3.0,4.0,3.0,3.0,3.0,4.0,3.0,3.0,3.0,2.0,3.0,3.0,4.0,5.0,3.0,1.0,4.0,2.0,3.0,2.0,4.0,3.0,4.0,3.0,4.0,3.0,2.0,2.0,3.0,3.0,0.0,6.8,1.0,3.25,3.25,2.5,2.0,2.0,3.5,2.75,3.0,3.6,2.8,3.8,3.3,4.0,3.25,3.0,3.5,3.466666666666667,2.75,3.0,3.25,3.0,3.0,3.0,3.0,3.0,2.6666666666666665,2.6666666666666665,2.25,2.25,3.25,3.25
R0347,ORG34,0,,1759,2,25,3,1,3.1,4.7,1,1.0,2,1,1,10,333.0,2780,3,4.0,3.0,,3.0,2.0,4.0,2.0,3.0,3.0,2.0,2.0,2.0,2.0,3.0,2.0,4.0,2.0,2.0,3.0,2.0,3.0,3.0,3.0,3.0,2.0,3.0,4.0,3.0,2.0,2.0,1.0,2.0,2.0,2.0,4.0,3.0,4.0,4.0,2.0,2.0,3.0,1.0,2.0,2.0,2.0,2.0,3.0,3.0,3.0,3.0,4.0,2.0,4.0,4.0,4.0,4.0,4.0,4.0,3.0,3.0,4.0,4.0,2.0,2.0,2.0,4.0,3.0,3.0,4.0,3.0,4.0,5.0,5.0,5.0,5.0,5.0,5.0,3.0,,5.0,3.0,2.0,3.0,2.0,3.0,1.0,1.0,1.0,3.0,3.0,2.0,3.0,3.0,3.0,3.0,4.0,4.0,3.0,3.0,4.0,4.0,3.0,2.0,1.0,2.0,2.0,3.0,3.0,2.0,4.0,3.0,2.0,2.0,3.0,3.0,2.0,1.0,2.0,2.0,2.0,2.0,2.0,1.0,0.0,21.9,0.0,3.3333333333333335,3.25,2.25,3.25,2.25,3.0,2.869565217391304,2.8,1.8,3.8,2.0,2.6,2.5,3.0,4.0,3.5,3.25,3.0,3.0,4.0,3.3333333333333335,4.714285714285714,4.714285714285714,2.6,2.6,1.0,1.0,2.75,2.75,3.25,3.25
R0348,ORG34,0,,568,2,26,3,1,5.1,5.2,2,1.0,1,3,1,10,186.0,2780,3,3.0,3.0,3.0,4.0,3.0,3.0,3.0,3.0,4.0,3.0,5.0,3.0,3.0,3.0,3.0,3.0,4.0,3.0,2.0,3.0,2.0,3.0,2.0,3.0,4.0,4.0,3.0,3.0,,2.0,3.0,3.0,4.0,3.0,4.0,4.0,3.0,3.0,2.0,4.0,3.0,2.0,3.0,3.0,4.0,4.0,5.0,5.0,3.0,3.0,4.0,2.0,2.0,2.0,3.0,3.0,3.0,3.0,4.0,3.0,3.0,4.0,4.0,4.0,4.0,4.0,4.0,5.0,5.0,5.0,4.0,3.0,3.0,3.0,3.0,,4.0,4.0,3.0,3.0,1.0,2.0,4.0,4.0,1.0,2.0,2.0,2.0,3.0,4.0,5.0,3.0,2.0,4.0,3.0,4.0,2.0,3.0,2.0,5.0,4.0,4.0,1.0,2.0,2.0,3.0,3.0,4.0,4.0,3.0,3.0,1.0,2.0,2.0,3.0,2.0,3.0,4.0,3.0,4.0,1.0,3.0,3.0,0.0,11.6,0.0,3.25,3.0,3.75,3.0,3.0,3.5,3.25,3.5,3.0,3.6,3.0,3.263157894736842,4.5,3.0,2.5,3.25,3.3125,3.75,4.25,4.25,4.083333333333333,3.0,3.0,2.4,2.4,2.0,2.0,3.75,3.75,3.25,3.25
R0349,ORG34,0,,577,2,27,2,1,1.2,3.9,1,2.0,1,1,1,10,,2780,3,4.0,2.0,4.0,3.0,3.0,3.0,2.0,4.0,3.0,2.0,2.0,3.0,3.0,4.0,4.0,4.0,3.0,3.0,1.0,3.0,5.0,5.0,3.0,4.0,1.0,2.0,2.0,2.0,1.0,2.0,2.0,2.0,2.0,2.0,2.0,2.0,2.0,2.0,4.0,3.0,4.0,3.0,3.0,2.0,3.0,3.0,3.0,2.0,2.0,3.0,2.0,2.0,1.0,1.0,2.0,2.0,1.0,2.0,1.0,1.0,1.0,1.0,3.0,2.0,2.0,4.0,1.0,2.0,2.0,1.0,2.0,2.0,3.0,1.0,2.0,2.0,3.0,3.0,3.0,4.0,3.0,3.0,3.0,4.0,4.0,4.0,5.0,4.0,3.0,1.0,1.0,2.0,2.0,2.0,4.0,5.0,1.0,2.0,3.0,1.0,2.0,2.0,4.0,4.0,3.0,3.0,4.0,4.0,2.0,3.0,2.0,3.0,4.0,4.0,3.0,3.0,4.0,4.0,3.0,3.0,5.0,3.0,5.0,1.0,4.4,1.0,3.25,3.0,2.5,2.25,2.5,1.75,2.5416666666666665,1.6,2.0,2.0,3.0,2.15,2.75,2.25,1.5,1.25,1.9375,1.75,2.25,1.75,1.9166666666666667,2.625,2.625,3.4,3.4,4.333333333333333,4.333333333333333,1.75,1.75,3.25,3.25
R0350,ORG35,0,,851,1,41,2,1,5.1,11.4,3,1.0,3,1,1,2,726.0,1046,4,3.0,3.0,3.0,4.0,3.0,2.0,4.0,3.0,2.0,3.0,2.0,2.0,4.0,5.0,5.0,4.0,4.0,3.0,3.0,3.0,3.0,2.0,4.0,3.0,4.0,5.0,4.0,4.0,5.0,5.0,5.0,4.0,4.0,4.0,4.0,3.0,4.0,4.0,3.0,2.0,3.0,2.0,3.0,4.0,2.0,2.0,2.0,3.0,4.0,5.0,4.0,4.0,5.0,5.0,5.0,4.0,3.0,3.0,3.0,2.0,3.0,4.0,4.0,3.0,5.0,4.0,5.0,4.0,4.0,3.0,4.0,3.0,3.0,3.0,2.0,3.0,3.0,4.0,2.0,3.0,3.0,3.0,2.0,4.0,4.0,2.0,3.0,3.0,3.0,3.0,4.0,3.0,4.0,5.0,3.0,4.0,2.0,2.0,2.0,4.0,4.0,4.0,2.0,3.0,2.0,,,,,,,,,,,,,,,,,,,1.0,12.4,0.0,3.25,3.0,2.25,1.5,3.25,3.0,2.7083333333333335,4.4,4.4,3.6,2.8,3.8,2.25,4.25,4.75,2.75,3.5,3.5,4.5,3.5,3.8333333333333335,2.625,2.625,3.2,3.1999999999999997,2.6666666666666665,2.6666666666666665,3.25,3.25,4.0,4.0
R0351,ORG35,0,,819,2,32,3,1,1.9,10.6,3,0.0,1,1,1,5,244.0,1046,4,4.0,4.0,3.0,3.0,2.0,3.0,3.0,4.0,4.0,3.0,3.0,3.0,2.0,2.0,2.0,3.0,3.0,3.0,3.0,3.0,3.0,5.0,4.0,4.0,3.0,3.0,3.0,3.0,3.0,4.0,3.0,4.0,4.0,4.0,3.0,3.0,2.0,4.0,4.0,3.0,4.0,3.0,3.0,2.0,2.0,2.0,4.0,2.0,4.0,3.0,3.0,3.0,4.0,3.0,3.0,3.0,3.0,2.0,2.0,2.0,4.0,4.0,4.0,4.0,2.0,3.0,3.0,2.0,2.0,3.0,3.0,2.0,2.0,3.0,4.0,3.0,3.0,4.0,3.0,4.0,5.0,3.0,3.0,4.0,5.0,3.0,3.0,2.0,4.0,4.0,4.0,4.0,3.0,3.0,4.0,2.0,3.0,4.0,4.0,3.0,2.0,4.0,3.0,3.0,3.0,,,,,,,,,,,,,,,,,,,1.0,21.3,0.0,3.5,3.0,3.25,3.75,3.0,2.0,3.0833333333333335,3.0,3.8,2.8,3.0,3.15,2.5,3.25,3.25,2.25,2.8125,4.0,2.5,2.5,3.0,3.0,3.0,4.0,4.0,2.6666666666666665,2.6666666666666665,4.0,4.0,3.0,3.0
R0352,ORG35,0,,1689,2,34,3,2,0.5,2.3,2,1.0,3,1,1,10,307.0,1046,4,3.0,2.0,3.0,3.0,2.0,3.0,3.0,3.0,3.0,3.0,2.0,4.0,3.0,5.0,4.0,4.0,2.0,3.0,2.0,4.0,4.0,4.0,4.0,5.0,2.0,2.0,2.0,2.0,3.0,1.0,1.0,1.0,2.0,3.0,3.0,2.0,3.0,3.0,4.0,1.0,3.0,2.0,1.0,2.0,3.0,3.0,3.0,2.0,3.0,3.0,2.0,3.0,3.0,3.0,2.0,3.0,2.0,2.0,3.0,2.0,4.0,4.0,3.0,4.0,4.0,2.0,4.0,4.0,2.0,2.0,3.0,3.0,3.0,4.0,4.0,4.0,4.0,2.0,4.0,4.0,2.0,4.0,4.0,3.0,4.0,3.0,5.0,3.0,3.0,3.0,3.0,3.0,3.0,3.0,1.0,4.0,2.0,2.0,2.0,3.0,3.0,3.0,3.0,3.0,2.0,2.0,3.0,2.0,4.0,2.0,3.0,3.0,3.0,4.0,,,,,,,,,,0.0,22.5,0.0,2.75,3.25,3.0,2.0,2.75,1.75,2.5833333333333335,2.2,1.6,2.6,1.8,2.05,2.75,2.75,2.75,2.25,2.625,3.75,3.5,2.5,3.25,3.875,3.875,3.4,3.4,3.6666666666666665,3.6666666666666665,3.0,3.0,2.75,2.75
R0353,ORG35,0,,779,2,29,3,2,0.1,5.5,0,2.0,2,2,1,2,118.0,1046,4,2.0,2.0,2.0,3.0,5.0,4.0,5.0,4.0,3.0,3.0,1.0,4.0,4.0,4.0,5.0,4.0,3.0,2.0,2.0,3.0,5.0,4.0,5.0,4.0,2.0,1.0,1.0,2.0,1.0,3.0,3.0,3.0,3.0,2.0,2.0,2.0,1.0,2.0,4.0,2.0,3.0,1.0,2.0,2.0,3.0,3.0,2.0,2.0,2.0,1.0,2.0,1.0,4.0,3.0,4.0,4.0,2.0,3.0,5.0,3.0,3.0,4.0,5.0,1.0,4.0,2.0,4.0,3.0,4.0,2.0,4.0,3.0,4.0,3.0,3.0,4.0,3.0,3.0,3.0,2.0,4.0,4.0,4.0,5.0,3.0,2.0,3.0,2.0,4.0,3.0,3.0,3.0,5.0,4.0,4.0,4.0,4.0,3.0,4.0,4.0,4.0,4.0,3.0,4.0,2.0,4.0,3.0,2.0,3.0,3.0,4.0,4.0,3.0,5.0,3.0,4.0,4.0,2.0,1.0,3.0,4.0,4.0,5.0,1.0,16.0,1.0,2.25,1.5,2.75,1.75,2.5,1.5,2.0416666666666665,1.4,2.8,1.8,2.0,2.0,2.5,1.5,3.75,3.25,2.75,3.25,3.25,3.25,3.25,3.125,3.125,4.0,4.0,2.3333333333333335,2.3333333333333335,3.25,3.25,4.25,4.25
R0354,ORG35,0,,378,1,25,3,2,5.6,8.2,1,1.0,1,1,1,4,234.0,1046,4,3.0,3.0,3.0,2.0,3.0,4.0,4.0,3.0,2.0,3.0,2.0,1.0,4.0,4.0,4.0,4.0,3.0,1.0,1.0,2.0,4.0,3.0,3.0,3.0,3.0,3.0,3.0,3.0,2.0,2.0,3.0,5.0,4.0,3.0,4.0,3.0,3.0,2.0,5.0,2.0,2.0,3.0,3.0,2.0,3.0,2.0,4.0,3.0,3.0,3.0,3.0,3.0,3.0,2.0,4.0,3.0,3.0,3.0,3.0,2.0,3.0,2.0,3.0,3.0,4.0,4.0,5.0,3.0,3.0,3.0,3.0,4.0,3.0,3.0,3.0,3.0,3.0,3.0,2.0,4.0,4.0,3.0,4.0,3.0,3.0,3.0,5.0,3.0,4.0,3.0,4.0,3.0,4.0,3.0,3.0,3.0,2.0,2.0,3.0,3.0,3.0,3.0,1.0,2.0,3.0,1.0,2.0,2.0,3.0,3.0,3.0,3.0,3.0,2.0,,,,,,,,,,0.0,35.8,0.0,2.75,2.5,2.0,2.0,1.75,2.75,2.2916666666666665,2.8,3.4,2.6,2.4,2.8,3.0,3.0,3.0,2.75,2.9375,2.75,4.0,3.25,3.3333333333333335,3.0,3.0,3.4,3.4,3.6666666666666665,3.6666666666666665,3.5,3.5,3.25,3.25
R0356,ORG35,0,,339,2,31,3,1,12.6,13.9,1,0.0,1,1,1,9,149.0,1046,4,3.0,2.0,2.0,3.0,4.0,4.0,5.0,5.0,2.0,2.0,4.0,2.0,4.0,4.0,4.0,5.0,4.0,2.0,3.0,2.0,4.0,4.0,3.0,3.0,2.0,3.0,1.0,4.0,3.0,3.0,4.0,2.0,3.0,3.0,1.0,2.0,2.0,1.0,3.0,3.0,3.0,3.0,2.0,2.0,2.0,3.0,2.0,2.0,3.0,4.0,2.0,2.0,1.0,2.0,3.0,3.0,3.0,3.0,3.0,2.0,2.0,1.0,2.0,3.0,2.0,2.0,2.0,3.0,2.0,2.0,1.0,3.0,2.0,4.0,2.0,3.0,2.0,2.0,3.0,4.0,4.0,3.0,2.0,3.0,3.0,4.0,4.0,4.0,4.0,3.0,4.0,3.0,3.0,4.0,3.0,4.0,2.0,3.0,2.0,3.0,2.0,1.0,4.0,4.0,3.0,,,,,,,,,,,,,,,,,,,0.0,3.1,1.0,2.5,1.5,2.5,1.75,2.75,2.5,2.25,2.6,3.0,1.8,2.6,2.5,2.25,2.75,2.25,2.75,2.5,2.0,2.25,2.0,2.0833333333333335,3.0,3.0,3.0,3.0,4.0,4.0,3.5,3.5,3.5,3.5
R0357,ORG35,0,,989,2,28,3,1,1.8,3.8,1,2.0,1,1,1,10,279.0,1046,4,2.0,3.0,3.0,3.0,4.0,4.0,2.0,5.0,3.0,3.0,4.0,4.0,3.0,4.0,4.0,5.0,4.0,4.0,3.0,4.0,2.0,3.0,3.0,5.0,3.0,3.0,3.0,3.0,3.0,3.0,3.0,3.0,3.0,4.0,4.0,4.0,3.0,4.0,3.0,3.0,4.0,3.0,3.0,4.0,3.0,4.0,3.0,4.0,3.0,4.0,3.0,3.0,3.0,3.0,3.0,3.0,2.0,2.0,3.0,3.0,2.0,3.0,3.0,2.0,2.0,3.0,1.0,2.0,2.0,2.0,3.0,2.0,4.0,3.0,3.0,2.0,4.0,2.0,3.0,3.0,2.0,2.0,3.0,3.0,3.0,4.0,4.0,4.0,4.0,3.0,4.0,4.0,3.0,4.0,4.0,1.0,3.0,3.0,5.0,3.0,2.0,2.0,3.0,3.0,3.0,3.0,3.0,4.0,2.0,3.0,2.0,3.0,4.0,3.0,3.0,2.0,3.0,2.0,4.0,3.0,4.0,4.0,4.0,1.0,0.3,1.0,2.75,2.25,3.5,2.0,3.75,2.75,2.8333333333333335,3.0,3.2,3.6,3.4,3.3,3.5,3.25,3.0,2.5,3.0625,2.5,2.0,2.25,2.25,3.25,3.25,2.6,2.6,4.0,4.0,3.75,3.75,3.0,3.0
R0358,ORG35,0,,660,2,36,1,2,1.8,3.4,3,0.0,1,1,1,4,227.0,1046,4,3.0,3.0,3.0,4.0,5.0,4.0,4.0,5.0,3.0,3.0,2.0,3.0,2.0,3.0,3.0,3.0,3.0,4.0,4.0,3.0,3.0,4.0,3.0,3.0,2.0,2.0,3.0,3.0,2.0,3.0,3.0,3.0,5.0,3.0,3.0,2.0,2.0,2.0,4.0,3.0,4.0,2.0,2.0,2.0,2.0,2.0,3.0,2.0,4.0,3.0,2.0,2.0,2.0,2.0,2.0,2.0,3.0,3.0,,2.0,3.0,3.0,4.0,3.0,2.0,4.0,4.0,2.0,2.0,3.0,1.0,3.0,4.0,2.0,4.0,2.0,3.0,4.0,2.0,3.0,2.0,3.0,3.0,3.0,3.0,1.0,2.0,1.0,3.0,3.0,4.0,3.0,3.0,5.0,3.0,4.0,4.0,3.0,2.0,3.0,2.0,3.0,3.0,1.0,2.0,,,,,,,,,,,,,,,,,,,0.0,12.8,0.0,3.25,1.5,2.75,3.25,3.5,2.75,2.8333333333333335,2.4,3.4,2.2,2.6,2.65,2.25,2.75,2.0,2.6666666666666665,2.4,3.25,3.0,2.25,2.8333333333333335,2.75,2.75,2.8,2.8000000000000003,1.3333333333333333,1.3333333333333333,3.25,3.25,3.75,3.75
R0359,ORG36,0,,720,2,28,3,1,0.6,3.9,2,2.0,4,2,1,5,244.0,1117,4,3.0,3.0,3.0,3.0,3.0,3.0,3.0,3.0,3.0,3.0,3.0,3.0,3.0,3.0,3.0,3.0,3.0,3.0,3.0,3.0,3.0,3.0,3.0,3.0,3.0,3.0,3.0,3.0,3.0,3.0,3.0,3.0,3.0,3.0,3.0,3.0,3.0,3.0,3.0,3.0,3.0,3.0,3.0,3.0,3.0,3.0,3.0,3.0,3.0,3.0,3.0,3.0,3.0,3.0,3.0,3.0,3.0,3.0,3.0,3.0,3.0,3.0,3.0,3.0,3.0,3.0,3.0,3.0,3.0,3.0,3.0,3.0,3.0,3.0,3.0,3.0,3.0,3.0,3.0,3.0,3.0,3.0,3.0,3.0,3.0,3.0,3.0,3.0,3.0,3.0,3.0,3.0,3.0,3.0,3.0,3.0,2.0,2.0,2.0,3.0,4.0,3.0,4.0,4.0,5.0,3.0,2.0,2.0,3.0,3.0,3.0,5.0,5.0,5.0,3.0,2.0,2.0,2.0,2.0,3.0,3.0,3.0,4.0,0.0,1.0,1.0,3.0,3.0,3.0,3.0,3.0,3.0,3.0,3.0,3.0,3.0,3.0,3.0,3.0,3.0,3.0,3.0,3.0,3.0,3.0,3.0,3.0,3.0,3.0,3.0,3.0,3.0,3.0,3.0,3.0,3.0,3.0
R0361,ORG36,0,,618,2,32,3,1,1.4,2.5,0,1.0,1,1,1,6,400.0,1117,4,4.0,4.0,3.0,4.0,3.0,3.0,3.0,3.0,5.0,4.0,4.0,3.0,3.0,2.0,2.0,3.0,4.0,4.0,3.0,4.0,4.0,4.0,4.0,4.0,3.0,4.0,3.0,4.0,2.0,5.0,5.0,5.0,5.0,4.0,5.0,5.0,4.0,5.0,2.0,4.0,4.0,4.0,3.0,4.0,4.0,3.0,3.0,3.0,5.0,4.0,5.0,4.0,4.0,5.0,4.0,5.0,3.0,3.0,4.0,3.0,4.0,4.0,5.0,4.0,3.0,3.0,4.0,4.0,5.0,4.0,4.0,3.0,4.0,4.0,4.0,5.0,3.0,3.0,5.0,4.0,4.0,3.0,3.0,2.0,3.0,3.0,3.0,2.0,3.0,3.0,4.0,4.0,3.0,3.0,3.0,3.0,3.0,4.0,3.0,3.0,4.0,3.0,2.0,3.0,2.0,3.0,4.0,5.0,4.0,3.0,4.0,4.0,4.0,4.0,3.0,3.0,4.0,3.0,3.0,3.0,3.0,2.0,4.0,0.0,15.6,0.0,3.75,3.0,4.0,3.5,3.75,2.0,3.3333333333333335,3.2,4.8,4.6,3.8,4.1,3.25,4.5,4.5,3.25,3.875,4.25,3.5,4.0,3.9166666666666665,4.0,4.0,3.0,3.0,2.6666666666666665,2.6666666666666665,3.5,3.5,3.0,3.0
R0362,ORG36,0,,1068,2,42,2,2,3.9,7.7,1,1.0,3,1,1,4,442.0,1117,4,4.0,4.0,5.0,5.0,2.0,4.0,2.0,3.0,5.0,5.0,5.0,4.0,2.0,1.0,2.0,3.0,3.0,4.0,4.0,3.0,2.0,2.0,1.0,2.0,5.0,4.0,5.0,5.0,4.0,5.0,5.0,5.0,5.0,5.0,5.0,4.0,5.0,5.0,2.0,4.0,5.0,3.0,5.0,5.0,4.0,4.0,4.0,3.0,3.0,3.0,4.0,3.0,3.0,3.0,4.0,3.0,3.0,4.0,5.0,2.0,4.0,5.0,4.0,4.0,5.0,5.0,5.0,5.0,5.0,4.0,5.0,5.0,4.0,5.0,5.0,4.0,4.0,1.0,5.0,5.0,5.0,5.0,4.0,4.0,5.0,2.0,2.0,2.0,4.0,4.0,4.0,4.0,4.0,2.0,3.0,,4.0,4.0,3.0,5.0,5.0,5.0,3.0,3.0,2.0,3.0,4.0,3.0,3.0,4.0,5.0,2.0,2.0,2.0,3.0,2.0,3.0,3.0,3.0,3.0,3.0,3.0,3.0,0.0,12.2,0.0,4.5,3.25,4.75,4.0,3.5,4.25,4.041666666666667,4.6,5.0,4.6,4.4,4.65,3.75,3.25,3.25,3.5,3.4375,4.25,5.0,4.75,4.666666666666667,4.625,4.625,4.6,4.6000000000000005,2.0,2.0,4.0,4.0,3.0,3.0
R0363,ORG36,0,,536,1,34,3,1,3.1,4.7,0,0.0,1,1,1,9,279.0,1117,4,3.0,2.0,3.0,4.0,4.0,4.0,3.0,3.0,4.0,3.0,3.0,4.0,3.0,4.0,3.0,3.0,3.0,3.0,4.0,4.0,3.0,3.0,3.0,4.0,4.0,3.0,4.0,3.0,4.0,3.0,4.0,5.0,3.0,3.0,5.0,4.0,4.0,4.0,3.0,3.0,4.0,4.0,4.0,4.0,3.0,3.0,4.0,3.0,3.0,3.0,3.0,5.0,3.0,4.0,4.0,3.0,3.0,3.0,3.0,2.0,4.0,4.0,3.0,4.0,3.0,3.0,3.0,2.0,4.0,4.0,4.0,5.0,5.0,5.0,5.0,3.0,5.0,2.0,3.0,3.0,4.0,5.0,3.0,4.0,4.0,3.0,3.0,2.0,5.0,4.0,5.0,4.0,3.0,3.0,3.0,4.0,3.0,4.0,3.0,3.0,4.0,4.0,4.0,4.0,4.0,,,,,,,,,,,,,,,,,,,1.0,13.6,0.0,3.0,2.5,3.5,2.75,3.5,2.75,3.0,3.6,3.6,4.0,3.8,3.75,3.25,3.5,3.5,2.75,3.25,3.75,2.75,4.25,3.5833333333333335,4.125,4.125,4.0,4.0,2.6666666666666665,2.6666666666666665,4.5,4.5,3.25,3.25
R0365,ORG36,0,,490,1,32,2,1,5.9,7.9,1,1.0,1,1,1,4,266.0,1117,4,3.0,3.0,4.0,4.0,3.0,4.0,4.0,3.0,,4.0,3.0,4.0,3.0,3.0,4.0,3.0,2.0,3.0,4.0,4.0,4.0,3.0,5.0,4.0,3.0,3.0,3.0,3.0,3.0,4.0,3.0,3.0,3.0,5.0,3.0,4.0,3.0,3.0,3.0,3.0,3.0,3.0,4.0,2.0,2.0,2.0,4.0,3.0,3.0,3.0,3.0,3.0,3.0,3.0,3.0,2.0,4.0,4.0,3.0,4.0,3.0,3.0,3.0,3.0,4.0,3.0,4.0,3.0,5.0,3.0,5.0,5.0,2.0,3.0,3.0,3.0,4.0,3.0,4.0,4.0,2.0,2.0,2.0,2.0,3.0,3.0,4.0,3.0,2.0,3.0,2.0,3.0,2.0,3.0,3.0,2.0,4.0,3.0,3.0,3.0,3.0,3.0,2.0,4.0,3.0,3.0,2.0,2.0,3.0,3.0,3.0,3.0,3.0,3.0,2.0,1.0,2.0,2.0,2.0,2.0,4.0,4.0,4.0,0.0,24.7,1.0,3.5,2.5,3.6666666666666665,2.75,3.25,2.0,2.9130434782608696,3.0,3.6,3.2,3.0,3.2,2.75,3.0,2.75,3.75,3.0625,3.0,3.5,4.5,3.6666666666666665,3.25,3.25,2.2,2.1999999999999997,3.3333333333333335,3.3333333333333335,2.5,2.5,2.5,2.5
R0366,ORG36,0,,960,2,36,1,1,5.5,7.2,1,1.0,2,3,1,6,261.0,1117,4,3.0,4.0,3.0,4.0,3.0,3.0,4.0,4.0,4.0,3.0,1.0,2.0,3.0,2.0,4.0,3.0,3.0,3.0,2.0,2.0,3.0,3.0,2.0,3.0,3.0,5.0,4.0,4.0,3.0,4.0,3.0,2.0,5.0,3.0,5.0,4.0,3.0,5.0,3.0,5.0,4.0,5.0,5.0,5.0,3.0,2.0,3.0,3.0,3.0,2.0,2.0,2.0,2.0,2.0,2.0,1.0,1.0,1.0,2.0,1.0,3.0,3.0,3.0,4.0,3.0,2.0,3.0,3.0,3.0,4.0,4.0,5.0,2.0,3.0,4.0,3.0,2.0,3.0,3.0,4.0,2.0,2.0,2.0,2.0,3.0,5.0,5.0,5.0,3.0,3.0,3.0,3.0,4.0,2.0,2.0,2.0,3.0,2.0,2.0,3.0,2.0,3.0,4.0,4.0,4.0,2.0,2.0,1.0,3.0,1.0,2.0,4.0,3.0,4.0,4.0,3.0,5.0,3.0,2.0,3.0,4.0,4.0,5.0,1.0,3.1,1.0,3.5,2.5,2.5,3.0,2.5,3.25,2.875,3.8,3.4,4.0,4.8,4.0,2.75,2.25,1.75,1.25,2.0,3.25,2.75,4.0,3.3333333333333335,3.0,3.0,2.2,2.1999999999999997,5.0,5.0,3.0,3.0,2.5,2.5
R0367,ORG36,0,,955,1,36,2,1,1.3,4.7,0,0.0,2,3,1,10,242.0,1117,4,4.0,3.0,3.0,4.0,2.0,4.0,3.0,4.0,3.0,3.0,4.0,3.0,4.0,4.0,4.0,5.0,4.0,2.0,4.0,3.0,5.0,3.0,2.0,3.0,4.0,5.0,4.0,3.0,4.0,5.0,5.0,4.0,4.0,5.0,4.0,4.0,3.0,5.0,3.0,4.0,5.0,3.0,4.0,4.0,4.0,3.0,5.0,4.0,4.0,4.0,3.0,3.0,3.0,3.0,2.0,2.0,3.0,3.0,3.0,3.0,3.0,3.0,2.0,3.0,3.0,4.0,5.0,4.0,3.0,4.0,3.0,3.0,4.0,4.0,5.0,3.0,4.0,2.0,5.0,4.0,4.0,4.0,3.0,5.0,5.0,3.0,3.0,3.0,4.0,4.0,3.0,4.0,4.0,3.0,3.0,4.0,3.0,4.0,4.0,3.0,3.0,3.0,3.0,3.0,3.0,4.0,4.0,4.0,4.0,3.0,3.0,2.0,3.0,2.0,4.0,3.0,3.0,3.0,3.0,3.0,2.0,3.0,2.0,0.0,13.8,1.0,3.5,2.75,3.25,1.75,3.25,2.75,2.875,4.0,4.6,3.8,4.0,4.1,4.0,3.5,2.5,3.0,3.25,2.75,4.0,3.25,3.3333333333333335,4.125,4.125,4.2,4.2,3.0,3.0,3.75,3.75,3.5,3.5
R0368,ORG36,0,,1006,2,36,3,2,5.5,7.7,1,0.0,1,3,1,4,,1117,4,2.0,3.0,5.0,4.0,3.0,2.0,3.0,4.0,3.0,4.0,2.0,3.0,3.0,4.0,3.0,3.0,4.0,4.0,4.0,3.0,3.0,3.0,3.0,2.0,4.0,3.0,4.0,4.0,4.0,4.0,4.0,4.0,5.0,5.0,3.0,3.0,4.0,3.0,4.0,3.0,4.0,4.0,4.0,4.0,4.0,4.0,4.0,4.0,5.0,5.0,4.0,4.0,4.0,4.0,5.0,4.0,3.0,2.0,2.0,3.0,4.0,3.0,4.0,3.0,4.0,3.0,4.0,4.0,4.0,5.0,4.0,3.0,3.0,3.0,5.0,3.0,4.0,3.0,3.0,3.0,4.0,4.0,4.0,5.0,4.0,2.0,4.0,2.0,4.0,4.0,4.0,4.0,2.0,4.0,3.0,5.0,4.0,3.0,3.0,3.0,3.0,3.0,3.0,3.0,2.0,5.0,4.0,3.0,3.0,4.0,4.0,2.0,3.0,2.0,4.0,4.0,5.0,2.0,4.0,2.0,3.0,2.0,2.0,0.0,15.1,1.0,3.5,3.0,3.0,2.75,3.75,3.25,3.2083333333333335,3.8,4.4,3.0,3.8,3.75,4.0,4.5,4.25,2.5,3.8125,3.5,3.75,4.0,3.75,3.375,3.375,4.2,4.2,2.6666666666666665,2.6666666666666665,4.0,4.0,3.5,3.5
R0369,ORG36,0,,523,2,27,3,1,4.5,8.6,2,0.0,1,1,1,10,158.0,1117,4,3.0,3.0,3.0,3.0,3.0,3.0,3.0,,3.0,3.0,3.0,3.0,3.0,3.0,3.0,3.0,3.0,,3.0,3.0,3.0,3.0,3.0,3.0,3.0,3.0,3.0,3.0,3.0,3.0,3.0,3.0,3.0,3.0,3.0,3.0,3.0,3.0,3.0,3.0,3.0,3.0,3.0,3.0,3.0,3.0,3.0,3.0,3.0,3.0,3.0,3.0,3.0,3.0,3.0,3.0,3.0,3.0,3.0,3.0,3.0,3.0,3.0,3.0,3.0,3.0,3.0,3.0,3.0,3.0,3.0,3.0,3.0,3.0,3.0,3.0,3.0,3.0,3.0,3.0,3.0,3.0,3.0,3.0,3.0,3.0,3.0,3.0,3.0,3.0,3.0,3.0,3.0,3.0,3.0,3.0,3.0,5.0,5.0,4.0,4.0,5.0,3.0,3.0,3.0,4.0,4.0,4.0,3.0,3.0,4.0,3.0,4.0,2.0,4.0,5.0,4.0,4.0,4.0,4.0,3.0,4.0,4.0,0.0,32.4,0.0,3.0,3.0,3.0,3.0,3.0,3.0,3.0,3.0,3.0,3.0,3.0,3.0,3.0,3.0,3.0,3.0,3.0,3.0,3.0,3.0,3.0,3.0,3.0,3.0,3.0,3.0,3.0,3.0,3.0,3.0,3.0
R0370,ORG36,0,,801,1,40,3,1,1.5,4.8,2,1.0,1,3,2,1,325.0,1117,4,5.0,3.0,3.0,3.0,2.0,2.0,3.0,2.0,4.0,4.0,4.0,4.0,2.0,3.0,3.0,3.0,3.0,4.0,3.0,4.0,2.0,3.0,2.0,3.0,4.0,4.0,3.0,5.0,4.0,3.0,3.0,5.0,4.0,4.0,3.0,4.0,3.0,2.0,4.0,4.0,5.0,4.0,4.0,4.0,3.0,3.0,4.0,2.0,4.0,4.0,4.0,4.0,3.0,4.0,3.0,4.0,5.0,4.0,5.0,4.0,5.0,4.0,5.0,5.0,3.0,4.0,4.0,2.0,5.0,5.0,4.0,5.0,3.0,2.0,5.0,3.0,3.0,3.0,4.0,4.0,2.0,2.0,2.0,2.0,2.0,3.0,2.0,3.0,5.0,5.0,4.0,4.0,4.0,3.0,2.0,3.0,4.0,3.0,4.0,5.0,4.0,3.0,3.0,3.0,2.0,3.0,4.0,5.0,4.0,5.0,5.0,3.0,2.0,3.0,,,,,,,,,,0.0,20.8,0.0,3.5,3.75,4.0,3.25,3.5,3.5,3.5833333333333335,4.0,3.8,2.8,4.2,3.7,3.0,4.0,3.5,4.5,3.75,4.75,3.25,4.75,4.25,3.375,3.375,2.0,2.0,2.6666666666666665,2.6666666666666665,4.5,4.5,3.0,3.0
R0371,ORG36,0,,537,2,28,2,1,0.5,2.7,3,1.0,1,1,1,5,281.0,1117,4,4.0,4.0,3.0,4.0,1.0,2.0,2.0,3.0,5.0,4.0,4.0,4.0,3.0,3.0,4.0,3.0,5.0,3.0,4.0,5.0,3.0,3.0,3.0,3.0,2.0,3.0,3.0,3.0,3.0,3.0,3.0,4.0,3.0,4.0,4.0,3.0,1.0,2.0,3.0,4.0,3.0,3.0,4.0,3.0,4.0,3.0,4.0,2.0,2.0,2.0,4.0,2.0,3.0,3.0,3.0,4.0,3.0,4.0,3.0,4.0,3.0,3.0,5.0,4.0,4.0,4.0,3.0,4.0,3.0,3.0,3.0,3.0,3.0,4.0,4.0,4.0,4.0,3.0,4.0,4.0,3.0,3.0,2.0,3.0,2.0,3.0,3.0,4.0,4.0,4.0,3.0,5.0,5.0,5.0,4.0,4.0,5.0,4.0,4.0,4.0,3.0,4.0,3.0,3.0,4.0,3.0,4.0,3.0,4.0,3.0,4.0,4.0,4.0,4.0,5.0,4.0,5.0,2.0,2.0,3.0,3.0,2.0,3.0,1.0,18.8,1.0,3.75,4.0,4.25,2.75,4.25,3.0,3.6666666666666665,2.8,3.4,2.6,3.4,3.05,3.25,2.5,3.25,3.5,3.125,3.75,3.75,3.0,3.5,3.75,3.75,2.6,2.6,3.3333333333333335,3.3333333333333335,4.0,4.0,4.5,4.5
R0372,ORG37,0,,1354,2,30,3,2,1.7,5.1,4,0.0,2,1,1,4,269.0,551,4,3.0,4.0,4.0,3.0,3.0,4.0,3.0,3.0,3.0,4.0,3.0,3.0,3.0,2.0,3.0,2.0,3.0,3.0,4.0,3.0,3.0,2.0,3.0,3.0,3.0,3.0,4.0,3.0,2.0,3.0,4.0,4.0,4.0,3.0,4.0,4.0,4.0,5.0,3.0,3.0,5.0,3.0,2.0,3.0,4.0,4.0,3.0,4.0,4.0,3.0,3.0,3.0,3.0,3.0,3.0,3.0,4.0,3.0,3.0,2.0,3.0,3.0,1.0,3.0,3.0,2.0,2.0,2.0,4.0,4.0,5.0,4.0,3.0,3.0,2.0,3.0,3.0,3.0,3.0,3.0,3.0,4.0,4.0,4.0,3.0,4.0,3.0,3.0,3.0,3.0,4.0,3.0,3.0,5.0,5.0,4.0,3.0,4.0,4.0,3.0,3.0,2.0,4.0,3.0,3.0,3.0,3.0,3.0,4.0,3.0,3.0,3.0,4.0,4.0,3.0,3.0,3.0,3.0,3.0,3.0,2.0,4.0,3.0,0.0,15.0,1.0,3.5,2.75,3.25,3.5,3.25,3.25,3.25,3.0,3.6,4.0,3.2,3.45,3.75,3.25,3.0,3.0,3.25,2.5,2.25,4.25,3.0,2.875,2.875,3.6,3.6,3.3333333333333335,3.3333333333333335,3.25,3.25,4.25,4.25
R0373,ORG37,0,,953,1,27,3,1,2.4,3.9,4,1.0,2,1,1,4,168.0,551,4,4.0,4.0,4.0,4.0,3.0,2.0,3.0,2.0,3.0,4.0,4.0,4.0,2.0,3.0,3.0,3.0,4.0,4.0,4.0,4.0,2.0,3.0,4.0,3.0,4.0,4.0,3.0,4.0,3.0,2.0,3.0,3.0,4.0,3.0,4.0,4.0,2.0,4.0,3.0,4.0,2.0,4.0,3.0,3.0,3.0,2.0,3.0,4.0,4.0,5.0,4.0,2.0,5.0,3.0,4.0,3.0,3.0,3.0,3.0,3.0,2.0,3.0,4.0,2.0,3.0,4.0,4.0,3.0,3.0,3.0,3.0,2.0,3.0,3.0,4.0,3.0,2.0,4.0,3.0,4.0,4.0,3.0,2.0,4.0,2.0,4.0,3.0,4.0,1.0,1.0,2.0,2.0,4.0,3.0,3.0,4.0,3.0,3.0,5.0,2.0,2.0,2.0,3.0,4.0,4.0,4.0,4.0,4.0,3.0,2.0,2.0,4.0,1.0,3.0,2.0,4.0,2.0,3.0,3.0,2.0,3.0,3.0,3.0,0.0,1.1,1.0,4.0,3.5,3.75,3.25,4.0,3.0,3.5833333333333335,3.6,3.0,3.4,3.2,3.3,3.0,3.75,3.75,3.0,3.375,2.75,3.5,2.75,3.0,3.0,3.0,3.0,3.0,3.6666666666666665,3.6666666666666665,1.5,1.5,3.5,3.5
R0374,ORG37,0,,838,2,32,3,1,3.1,3.6,2,0.0,1,1,1,3,294.0,551,4,3.0,3.0,4.0,3.0,3.0,3.0,4.0,4.0,3.0,3.0,3.0,2.0,3.0,4.0,3.0,5.0,4.0,4.0,3.0,3.0,4.0,4.0,4.0,3.0,4.0,5.0,5.0,5.0,4.0,4.0,3.0,5.0,5.0,3.0,3.0,4.0,3.0,4.0,2.0,5.0,5.0,4.0,5.0,4.0,3.0,4.0,4.0,3.0,2.0,4.0,3.0,3.0,3.0,3.0,2.0,2.0,4.0,4.0,3.0,3.0,3.0,2.0,4.0,4.0,3.0,4.0,4.0,4.0,5.0,5.0,4.0,4.0,4.0,4.0,4.0,5.0,4.0,2.0,4.0,5.0,4.0,5.0,5.0,5.0,3.0,3.0,2.0,2.0,4.0,5.0,4.0,5.0,4.0,2.0,2.0,5.0,3.0,4.0,3.0,4.0,3.0,3.0,3.0,3.0,3.0,3.0,4.0,2.0,4.0,4.0,2.0,2.0,3.0,3.0,4.0,3.0,4.0,3.0,4.0,4.0,4.0,4.0,4.0,1.0,17.3,0.0,3.25,2.5,2.75,2.25,3.5,2.25,2.75,4.6,4.0,3.6,4.6,4.2,3.5,3.0,2.5,3.5,3.125,3.25,3.75,4.5,3.8333333333333335,4.25,4.25,4.4,4.3999999999999995,2.3333333333333335,2.3333333333333335,4.5,4.5,3.25,3.25
R0375,ORG37,0,,721,2,40,3,1,2.6,5.9,1,22.0,2,1,1,4,228.0,551,4,3.0,3.0,3.0,3.0,4.0,4.0,3.0,4.0,3.0,4.0,2.0,4.0,2.0,2.0,3.0,2.0,2.0,2.0,2.0,1.0,3.0,4.0,4.0,4.0,2.0,3.0,2.0,2.0,3.0,1.0,2.0,4.0,1.0,1.0,4.0,3.0,3.0,3.0,2.0,2.0,4.0,2.0,3.0,2.0,3.0,3.0,3.0,3.0,4.0,4.0,4.0,4.0,2.0,3.0,2.0,3.0,2.0,1.0,3.0,4.0,2.0,3.0,3.0,3.0,1.0,3.0,2.0,2.0,3.0,2.0,2.0,2.0,2.0,3.0,3.0,4.0,4.0,3.0,3.0,3.0,4.0,5.0,4.0,4.0,4.0,4.0,4.0,4.0,2.0,2.0,2.0,3.0,3.0,2.0,4.0,3.0,4.0,3.0,2.0,3.0,3.0,2.0,4.0,4.0,3.0,5.0,4.0,2.0,4.0,3.0,3.0,3.0,3.0,4.0,4.0,3.0,3.0,2.0,2.0,3.0,3.0,4.0,2.0,1.0,12.2,0.0,3.0,2.25,3.25,3.75,1.75,2.25,2.7083333333333335,2.4,1.8,3.4,2.6,2.55,3.0,4.0,2.5,2.5,3.0,2.75,2.0,2.25,2.3333333333333335,3.125,3.125,4.2,4.2,4.0,4.0,2.25,2.25,3.0,3.0
R0376,ORG37,0,,990,1,31,3,1,10.1,11.5,1,0.0,2,3,1,6,422.0,551,4,3.0,3.0,4.0,2.0,4.0,3.0,4.0,4.0,3.0,3.0,3.0,2.0,2.0,3.0,4.0,3.0,2.0,2.0,3.0,2.0,3.0,4.0,3.0,4.0,4.0,4.0,4.0,4.0,4.0,4.0,4.0,4.0,3.0,4.0,4.0,4.0,5.0,4.0,1.0,4.0,5.0,3.0,4.0,3.0,5.0,4.0,3.0,3.0,5.0,5.0,4.0,4.0,5.0,3.0,4.0,4.0,3.0,3.0,3.0,3.0,3.0,3.0,4.0,3.0,4.0,3.0,3.0,3.0,3.0,3.0,4.0,3.0,4.0,3.0,4.0,4.0,4.0,2.0,2.0,4.0,3.0,4.0,3.0,5.0,2.0,2.0,3.0,2.0,4.0,5.0,5.0,5.0,3.0,4.0,4.0,5.0,4.0,3.0,3.0,4.0,4.0,4.0,2.0,2.0,2.0,3.0,3.0,3.0,4.0,4.0,4.0,3.0,4.0,4.0,,,,,,,,,,0.0,32.8,0.0,3.0,2.25,2.75,3.0,2.25,2.5,2.625,4.0,3.8,4.4,3.8,4.0,3.75,4.5,4.0,3.0,3.8125,3.25,3.25,3.25,3.25,3.625,3.625,3.4,3.4,2.3333333333333335,2.3333333333333335,4.75,4.75,4.0,4.0
R0378,ORG37,0,,1197,2,34,4,3,2.1,3.9,1,,1,1,2,7,336.0,551,4,2.0,3.0,3.0,3.0,1.0,2.0,2.0,4.0,4.0,4.0,4.0,5.0,2.0,2.0,3.0,3.0,3.0,4.0,4.0,1.0,3.0,3.0,3.0,3.0,4.0,3.0,4.0,4.0,3.0,3.0,4.0,4.0,4.0,4.0,3.0,3.0,1.0,2.0,3.0,3.0,4.0,5.0,4.0,4.0,3.0,3.0,4.0,4.0,4.0,3.0,3.0,3.0,3.0,3.0,3.0,4.0,2.0,2.0,2.0,3.0,5.0,4.0,5.0,3.0,3.0,3.0,4.0,4.0,5.0,5.0,5.0,4.0,3.0,3.0,3.0,2.0,3.0,4.0,3.0,2.0,4.0,4.0,3.0,3.0,5.0,4.0,3.0,4.0,3.0,2.0,2.0,2.0,5.0,4.0,4.0,5.0,3.0,3.0,3.0,4.0,5.0,5.0,3.0,3.0,3.0,3.0,3.0,2.0,3.0,4.0,4.0,3.0,3.0,3.0,2.0,4.0,3.0,3.0,3.0,3.0,3.0,3.0,2.0,0.0,11.2,1.0,2.75,3.75,4.25,3.5,3.0,3.0,3.375,3.6,3.8,2.4,4.0,3.45,3.5,3.25,3.25,2.25,3.0625,4.25,3.5,4.75,4.166666666666667,2.625,2.625,3.8,3.8000000000000003,3.6666666666666665,3.6666666666666665,2.25,2.25,4.5,4.5
R0380,ORG37,0,,1538,2,27,3,2,2.3,4.1,6,1.0,1,2,1,4,256.0,551,4,3.0,3.0,3.0,3.0,3.0,5.0,4.0,5.0,3.0,3.0,3.0,4.0,3.0,2.0,3.0,3.0,3.0,3.0,3.0,4.0,3.0,2.0,3.0,4.0,4.0,3.0,2.0,2.0,3.0,3.0,3.0,3.0,3.0,3.0,3.0,3.0,3.0,4.0,4.0,4.0,3.0,3.0,3.0,3.0,3.0,2.0,4.0,3.0,1.0,2.0,1.0,1.0,3.0,3.0,2.0,3.0,3.0,2.0,3.0,1.0,4.0,2.0,2.0,4.0,3.0,3.0,3.0,4.0,2.0,1.0,3.0,1.0,2.0,1.0,2.0,3.0,1.0,3.0,3.0,2.0,3.0,3.0,4.0,5.0,4.0,3.0,3.0,3.0,2.0,3.0,4.0,3.0,4.0,2.0,4.0,2.0,4.0,3.0,3.0,3.0,3.0,3.0,3.0,3.0,4.0,2.0,3.0,3.0,3.0,3.0,2.0,3.0,4.0,3.0,3.0,2.0,3.0,4.0,5.0,3.0,4.0,4.0,4.0,0.0,1.3,1.0,3.0,1.75,3.25,3.25,3.25,3.0,2.9166666666666665,2.8,3.0,3.0,3.2,3.0,3.0,1.25,2.75,2.25,2.3125,3.0,3.25,1.75,2.6666666666666665,2.125,2.125,3.8,3.8000000000000003,3.0,3.0,3.0,3.0,3.0,3.0
R0381,ORG37,0,,765,1,28,2,1,1.8,6.3,0,3.0,1,3,1,1,242.0,551,4,1.0,3.0,1.0,2.0,4.0,3.0,4.0,4.0,4.0,4.0,4.0,3.0,3.0,3.0,2.0,3.0,3.0,1.0,,4.0,3.0,3.0,4.0,3.0,4.0,4.0,4.0,4.0,4.0,4.0,4.0,4.0,3.0,3.0,4.0,2.0,4.0,3.0,2.0,4.0,4.0,3.0,3.0,4.0,3.0,4.0,3.0,2.0,3.0,5.0,3.0,3.0,3.0,3.0,3.0,4.0,2.0,2.0,3.0,1.0,3.0,3.0,4.0,3.0,3.0,3.0,4.0,3.0,3.0,4.0,4.0,3.0,4.0,2.0,3.0,3.0,4.0,2.0,3.0,3.0,4.0,4.0,3.0,4.0,4.0,3.0,4.0,4.0,3.0,3.0,4.0,3.0,3.0,4.0,3.0,5.0,3.0,3.0,3.0,4.0,5.0,3.0,2.0,4.0,2.0,,,,,,,,,,,,,,,,,,,0.0,10.6,0.0,1.75,2.25,3.75,3.25,2.6666666666666665,2.75,2.739130434782609,4.0,3.6,3.4,3.6,3.65,3.0,3.5,3.25,2.0,2.9375,3.25,3.25,3.5,3.3333333333333335,3.25,3.25,3.8,3.8000000000000003,3.6666666666666665,3.6666666666666665,3.25,3.25,3.75,3.75
R0382,ORG38,0,,750,1,32,3,1,1.0,2.0,1,0.0,1,3,1,6,140.0,2612,5,4.0,4.0,2.0,3.0,4.0,4.0,3.0,4.0,4.0,3.0,4.0,3.0,4.0,3.0,4.0,4.0,3.0,3.0,1.0,2.0,3.0,3.0,2.0,2.0,4.0,4.0,4.0,3.0,4.0,4.0,4.0,3.0,4.0,3.0,4.0,3.0,3.0,3.0,4.0,5.0,5.0,4.0,4.0,4.0,5.0,3.0,4.0,3.0,3.0,4.0,3.0,3.0,3.0,2.0,3.0,3.0,3.0,3.0,2.0,3.0,4.0,5.0,4.0,4.0,2.0,4.0,4.0,3.0,3.0,2.0,3.0,3.0,3.0,3.0,4.0,5.0,4.0,2.0,3.0,4.0,3.0,4.0,3.0,4.0,3.0,1.0,4.0,2.0,3.0,3.0,2.0,2.0,3.0,5.0,2.0,3.0,4.0,3.0,2.0,3.0,3.0,4.0,2.0,2.0,2.0,4.0,3.0,3.0,4.0,4.0,3.0,3.0,3.0,2.0,4.0,2.0,1.0,2.0,3.0,3.0,3.0,3.0,3.0,0.0,14.7,1.0,3.25,2.25,3.5,2.25,2.25,3.5,2.8333333333333335,3.8,3.6,3.0,4.4,3.7,3.75,3.25,2.75,2.75,3.125,4.25,3.25,2.75,3.4166666666666665,3.75,3.75,3.4,3.4,2.3333333333333335,2.3333333333333335,2.5,2.5,3.25,3.25
R0383,ORG38,0,,2202,1,35,4,2,6.6,10.2,0,1.0,2,1,1,4,141.0,2612,5,3.0,3.0,3.0,2.0,3.0,5.0,4.0,4.0,3.0,2.0,3.0,2.0,4.0,3.0,4.0,3.0,3.0,3.0,2.0,3.0,3.0,3.0,4.0,4.0,4.0,4.0,4.0,4.0,5.0,3.0,4.0,5.0,5.0,4.0,3.0,4.0,2.0,2.0,3.0,4.0,3.0,3.0,4.0,4.0,4.0,4.0,3.0,3.0,4.0,3.0,3.0,2.0,4.0,3.0,5.0,4.0,4.0,3.0,4.0,3.0,4.0,3.0,3.0,3.0,5.0,4.0,4.0,4.0,4.0,3.0,4.0,2.0,3.0,3.0,3.0,3.0,3.0,2.0,3.0,3.0,3.0,4.0,3.0,4.0,5.0,4.0,4.0,4.0,5.0,4.0,5.0,5.0,3.0,3.0,3.0,5.0,3.0,3.0,4.0,4.0,5.0,4.0,3.0,4.0,3.0,3.0,3.0,4.0,4.0,3.0,3.0,3.0,3.0,3.0,3.0,4.0,3.0,5.0,2.0,4.0,4.0,5.0,3.0,0.0,17.6,1.0,2.75,2.0,2.5,2.5,2.75,2.5,2.5,4.2,4.2,2.8,3.6,3.7,3.5,3.0,4.0,3.5,3.5,3.25,4.25,3.25,3.5833333333333335,3.125,3.125,3.8,3.8000000000000003,4.0,4.0,4.75,4.75,3.5,3.5
R0384,ORG38,0,,1269,2,27,3,2,1.6,1.9,0,3.0,1,2,1,9,435.0,2612,5,4.0,3.0,5.0,4.0,3.0,3.0,3.0,3.0,3.0,4.0,4.0,4.0,3.0,3.0,3.0,3.0,3.0,1.0,3.0,2.0,3.0,3.0,3.0,3.0,2.0,3.0,1.0,3.0,2.0,3.0,2.0,4.0,3.0,3.0,3.0,3.0,3.0,3.0,4.0,4.0,2.0,4.0,4.0,2.0,4.0,4.0,4.0,5.0,4.0,4.0,4.0,3.0,3.0,2.0,3.0,4.0,4.0,3.0,3.0,3.0,3.0,4.0,3.0,3.0,3.0,3.0,3.0,3.0,2.0,4.0,4.0,4.0,3.0,3.0,4.0,4.0,4.0,2.0,3.0,5.0,3.0,3.0,4.0,4.0,4.0,3.0,3.0,3.0,3.0,3.0,2.0,2.0,4.0,2.0,3.0,4.0,3.0,3.0,3.0,3.0,4.0,4.0,3.0,3.0,3.0,,,,,,,,,,,,,,,,,,,0.0,17.8,1.0,4.0,3.0,3.75,3.0,2.25,3.0,3.1666666666666665,2.2,3.0,2.8,3.2,2.8,4.25,3.75,3.0,3.25,3.5625,3.25,3.0,3.5,3.25,3.75,3.75,3.6,3.6,3.0,3.0,2.5,2.5,3.25,3.25
R0385,ORG38,0,,464,2,28,2,3,1.0,4.3,2,2.0,2,1,1,3,145.0,2612,5,5.0,4.0,3.0,4.0,3.0,2.0,2.0,2.0,4.0,3.0,2.0,3.0,3.0,3.0,3.0,3.0,3.0,4.0,3.0,3.0,4.0,3.0,4.0,4.0,,3.0,4.0,3.0,2.0,2.0,3.0,1.0,2.0,3.0,2.0,3.0,3.0,3.0,3.0,3.0,4.0,2.0,,3.0,4.0,3.0,4.0,4.0,2.0,,3.0,2.0,3.0,4.0,4.0,4.0,4.0,2.0,3.0,1.0,4.0,5.0,4.0,3.0,4.0,4.0,3.0,4.0,4.0,4.0,4.0,4.0,2.0,4.0,3.0,3.0,2.0,4.0,3.0,3.0,2.0,2.0,2.0,2.0,3.0,2.0,3.0,1.0,4.0,3.0,4.0,4.0,3.0,5.0,5.0,4.0,3.0,3.0,1.0,3.0,3.0,3.0,1.0,2.0,2.0,3.0,2.0,2.0,4.0,4.0,4.0,2.0,1.0,1.0,3.0,3.0,3.0,3.0,3.0,4.0,1.0,1.0,2.0,0.0,13.3,0.0,4.0,3.75,3.0,3.0,3.25,2.25,3.2083333333333335,3.0,2.2,2.8,3.0,2.7222222222222223,3.75,2.3333333333333335,3.75,2.5,3.1333333333333333,4.0,3.75,4.0,3.9166666666666665,2.75,2.75,2.2,2.1999999999999997,2.0,2.0,3.75,3.75,4.25,4.25
R0387,ORG38,0,,1954,2,27,3,1,4.6,6.6,3,1.0,1,1,2,9,503.0,2612,5,4.0,4.0,3.0,3.0,2.0,2.0,2.0,3.0,4.0,4.0,5.0,4.0,3.0,4.0,3.0,3.0,4.0,4.0,3.0,4.0,2.0,2.0,2.0,2.0,5.0,4.0,4.0,4.0,4.0,5.0,5.0,5.0,4.0,3.0,4.0,3.0,4.0,4.0,3.0,4.0,4.0,3.0,5.0,4.0,5.0,4.0,5.0,4.0,5.0,4.0,5.0,5.0,4.0,5.0,4.0,4.0,4.0,3.0,4.0,4.0,3.0,3.0,4.0,3.0,5.0,4.0,4.0,4.0,4.0,5.0,5.0,5.0,5.0,4.0,4.0,3.0,5.0,3.0,5.0,5.0,4.0,3.0,,4.0,3.0,4.0,5.0,5.0,4.0,3.0,4.0,4.0,2.0,2.0,2.0,3.0,4.0,3.0,4.0,4.0,5.0,3.0,4.0,5.0,4.0,4.0,4.0,4.0,4.0,3.0,4.0,2.0,4.0,3.0,4.0,4.0,4.0,4.0,4.0,3.0,2.0,3.0,3.0,0.0,24.2,0.0,3.5,3.75,4.25,2.75,3.75,4.0,3.6666666666666665,4.2,4.4,3.6,4.0,4.05,4.5,4.75,4.25,3.75,4.3125,3.25,4.25,4.75,4.083333333333333,4.25,4.25,3.5,3.5,4.666666666666667,4.666666666666667,3.75,3.75,2.25,2.25
R0388,ORG38,0,,643,2,34,2,1,0.5,4.7,0,1.0,1,1,1,4,375.0,2612,5,2.0,2.0,3.0,3.0,5.0,5.0,5.0,5.0,2.0,3.0,3.0,3.0,5.0,4.0,5.0,5.0,3.0,3.0,2.0,2.0,5.0,5.0,5.0,4.0,4.0,4.0,3.0,4.0,5.0,3.0,3.0,3.0,2.0,3.0,3.0,3.0,4.0,3.0,3.0,5.0,5.0,4.0,4.0,4.0,4.0,3.0,2.0,4.0,3.0,3.0,3.0,3.0,3.0,3.0,3.0,3.0,3.0,3.0,4.0,3.0,3.0,2.0,3.0,2.0,3.0,3.0,4.0,4.0,3.0,2.0,3.0,3.0,3.0,3.0,2.0,3.0,3.0,3.0,3.0,3.0,3.0,3.0,3.0,4.0,2.0,3.0,4.0,4.0,3.0,2.0,2.0,3.0,3.0,2.0,4.0,2.0,2.0,2.0,2.0,4.0,3.0,3.0,3.0,3.0,3.0,2.0,2.0,3.0,3.0,2.0,3.0,3.0,3.0,3.0,4.0,3.0,3.0,2.0,1.0,1.0,5.0,5.0,4.0,0.0,5.9,1.0,2.5,1.0,2.75,1.25,2.5,1.25,1.875,4.0,2.8,3.2,4.4,3.6,3.25,3.0,3.0,3.25,3.125,2.5,3.5,2.75,2.9166666666666665,2.875,2.875,3.0,3.0,3.6666666666666665,3.6666666666666665,2.5,2.5,2.75,2.75
R0389,ORG38,0,,795,2,28,3,2,1.1,7.2,0,2.0,2,3,1,5,231.0,2612,5,5.0,5.0,3.0,5.0,2.0,3.0,3.0,4.0,5.0,4.0,4.0,4.0,2.0,4.0,4.0,3.0,4.0,4.0,4.0,4.0,2.0,2.0,2.0,2.0,3.0,2.0,4.0,3.0,3.0,4.0,3.0,2.0,3.0,2.0,3.0,3.0,3.0,3.0,3.0,3.0,5.0,3.0,4.0,4.0,5.0,4.0,5.0,5.0,3.0,4.0,4.0,2.0,4.0,4.0,4.0,4.0,4.0,3.0,4.0,3.0,3.0,2.0,3.0,2.0,3.0,4.0,3.0,3.0,2.0,3.0,3.0,4.0,3.0,3.0,4.0,4.0,4.0,2.0,2.0,4.0,3.0,4.0,4.0,4.0,3.0,4.0,3.0,3.0,4.0,4.0,3.0,4.0,5.0,4.0,3.0,3.0,3.0,3.0,3.0,3.0,3.0,3.0,3.0,4.0,3.0,4.0,3.0,3.0,2.0,1.0,2.0,3.0,3.0,4.0,,,,,,,,,,0.0,16.4,0.0,4.5,3.0,4.25,2.75,4.0,4.0,3.75,3.0,2.8,3.0,3.8,3.15,4.75,3.25,4.0,3.5,3.875,2.5,3.25,3.0,2.9166666666666665,3.5,3.5,3.6,3.6,3.3333333333333335,3.3333333333333335,3.75,3.75,3.75,3.75
R0390,ORG38,0,,714,1,29,2,1,7.6,9.7,3,2.0,2,1,1,8,,2612,5,4.0,4.0,3.0,4.0,2.0,4.0,3.0,3.0,3.0,3.0,4.0,3.0,2.0,2.0,2.0,3.0,3.0,4.0,3.0,4.0,3.0,3.0,4.0,4.0,4.0,5.0,4.0,4.0,4.0,4.0,5.0,5.0,5.0,4.0,5.0,5.0,5.0,4.0,1.0,5.0,5.0,5.0,4.0,4.0,4.0,4.0,4.0,4.0,4.0,4.0,4.0,3.0,5.0,5.0,5.0,5.0,4.0,3.0,4.0,4.0,3.0,3.0,5.0,5.0,4.0,5.0,3.0,3.0,3.0,3.0,3.0,4.0,4.0,5.0,4.0,3.0,4.0,1.0,4.0,4.0,3.0,2.0,3.0,3.0,4.0,4.0,4.0,3.0,4.0,3.0,4.0,3.0,3.0,3.0,3.0,2.0,4.0,4.0,4.0,4.0,3.0,4.0,4.0,3.0,3.0,4.0,3.0,2.0,3.0,3.0,3.0,3.0,2.0,2.0,3.0,3.0,4.0,3.0,2.0,3.0,3.0,3.0,2.0,0.0,24.2,0.0,3.75,3.0,3.25,3.75,3.5,2.5,3.2916666666666665,4.2,4.6,4.8,4.6,4.55,4.0,3.75,5.0,3.75,4.125,4.0,3.75,3.25,3.6666666666666665,4.125,4.125,3.0,3.0,3.6666666666666665,3.6666666666666665,3.5,3.5,2.75,2.75
R0392,ORG38,0,,721,1,37,3,1,2.7,4.1,2,1.0,2,1,1,4,,2612,5,4.0,4.0,4.0,5.0,3.0,3.0,4.0,3.0,2.0,3.0,3.0,4.0,3.0,3.0,4.0,3.0,4.0,4.0,2.0,2.0,3.0,3.0,3.0,4.0,3.0,2.0,3.0,2.0,3.0,3.0,2.0,2.0,3.0,3.0,3.0,3.0,3.0,4.0,2.0,2.0,2.0,3.0,2.0,2.0,2.0,1.0,3.0,3.0,2.0,2.0,2.0,3.0,2.0,2.0,3.0,1.0,2.0,1.0,2.0,2.0,1.0,2.0,2.0,3.0,3.0,3.0,2.0,2.0,3.0,2.0,2.0,2.0,2.0,3.0,4.0,4.0,4.0,2.0,2.0,3.0,3.0,4.0,3.0,3.0,3.0,3.0,3.0,2.0,3.0,2.0,2.0,3.0,1.0,4.0,4.0,3.0,3.0,3.0,3.0,3.0,2.0,3.0,3.0,5.0,3.0,4.0,3.0,3.0,2.0,2.0,3.0,2.0,4.0,3.0,4.0,3.0,4.0,2.0,3.0,2.0,3.0,3.0,3.0,0.0,11.9,1.0,4.25,2.75,3.0,2.75,3.0,2.75,3.0833333333333335,2.6,2.6,3.4,2.2,2.7,2.25,2.25,2.0,1.75,2.0625,2.0,2.5,2.25,2.25,3.25,3.25,3.2,3.1999999999999997,2.6666666666666665,2.6666666666666665,2.5,2.5,3.0,3.0
R0393,ORG39,0,,1345,2,30,3,1,6.8,8.0,2,2.0,1,1,1,7,354.0,840,1,3.0,4.0,3.0,4.0,3.0,5.0,3.0,4.0,3.0,3.0,2.0,3.0,3.0,3.0,4.0,3.0,2.0,2.0,1.0,3.0,3.0,4.0,4.0,4.0,2.0,2.0,2.0,2.0,2.0,2.0,2.0,2.0,3.0,3.0,3.0,2.0,2.0,3.0,4.0,2.0,3.0,3.0,2.0,3.0,1.0,2.0,2.0,2.0,2.0,2.0,2.0,3.0,2.0,3.0,2.0,3.0,3.0,3.0,4.0,4.0,2.0,3.0,2.0,3.0,3.0,2.0,2.0,2.0,4.0,2.0,3.0,2.0,3.0,3.0,3.0,3.0,3.0,4.0,4.0,3.0,4.0,3.0,4.0,3.0,2.0,4.0,3.0,2.0,3.0,4.0,4.0,3.0,4.0,3.0,3.0,4.0,4.0,3.0,2.0,3.0,4.0,3.0,4.0,4.0,3.0,1.0,3.0,3.0,3.0,2.0,3.0,3.0,2.0,3.0,3.0,3.0,3.0,2.0,3.0,3.0,2.0,4.0,3.0,1.0,4.7,1.0,3.5,2.25,2.75,2.75,2.0,2.25,2.5833333333333335,2.0,2.4,2.4,2.6,2.35,1.75,2.25,2.5,3.5,2.5,2.5,2.25,2.75,2.5,3.0,3.0,3.2,3.1999999999999997,3.0,3.0,3.5,3.5,3.5,3.5
R0394,ORG39,0,,1273,2,32,3,1,8.6,11.5,2,1.0,2,1,1,9,150.0,840,1,3.0,3.0,3.0,3.0,2.0,2.0,3.0,3.0,2.0,3.0,,3.0,4.0,4.0,4.0,5.0,4.0,3.0,5.0,3.0,3.0,3.0,3.0,2.0,2.0,2.0,4.0,3.0,2.0,2.0,4.0,3.0,4.0,3.0,3.0,3.0,4.0,3.0,4.0,2.0,4.0,1.0,3.0,2.0,3.0,3.0,3.0,2.0,3.0,4.0,3.0,3.0,3.0,3.0,3.0,3.0,4.0,2.0,3.0,2.0,3.0,4.0,3.0,4.0,5.0,4.0,4.0,4.0,4.0,4.0,4.0,4.0,2.0,1.0,4.0,3.0,3.0,3.0,2.0,3.0,3.0,4.0,4.0,5.0,5.0,3.0,3.0,4.0,3.0,2.0,4.0,3.0,5.0,5.0,3.0,5.0,4.0,3.0,3.0,3.0,3.0,3.0,2.0,2.0,4.0,4.0,4.0,4.0,3.0,3.0,3.0,2.0,3.0,3.0,2.0,4.0,3.0,5.0,5.0,3.0,4.0,2.0,4.0,1.0,29.7,0.0,3.0,3.5,2.6666666666666665,1.75,3.75,3.25,3.0,2.6,3.2,3.0,2.4,2.8,2.75,3.25,3.0,2.75,2.9375,3.5,4.25,4.0,3.9166666666666665,2.625,2.625,4.2,4.2,3.3333333333333335,3.3333333333333335,3.0,3.0,4.5,4.5
R0395,ORG39,0,,1533,1,30,1,1,2.3,6.0,1,0.0,1,3,2,3,108.0,840,1,3.0,4.0,3.0,4.0,4.0,4.0,,3.0,3.0,3.0,3.0,4.0,3.0,4.0,3.0,3.0,2.0,3.0,3.0,3.0,3.0,3.0,4.0,3.0,3.0,4.0,3.0,3.0,3.0,4.0,4.0,3.0,3.0,3.0,3.0,4.0,4.0,3.0,2.0,4.0,4.0,3.0,4.0,4.0,4.0,4.0,4.0,2.0,3.0,4.0,4.0,5.0,4.0,3.0,4.0,4.0,3.0,4.0,5.0,3.0,2.0,3.0,4.0,3.0,4.0,4.0,5.0,3.0,2.0,4.0,5.0,4.0,3.0,3.0,5.0,3.0,3.0,3.0,3.0,3.0,4.0,4.0,4.0,4.0,3.0,2.0,2.0,3.0,4.0,2.0,2.0,3.0,4.0,,2.0,4.0,4.0,3.0,4.0,5.0,4.0,3.0,3.0,3.0,2.0,,,,,,,,,,,,,,,,,,,0.0,4.4,1.0,3.5,2.3333333333333335,3.25,2.75,2.75,2.75,2.9130434782608696,3.2,3.4,3.6,3.8,3.5,3.5,4.0,3.75,3.75,3.75,3.0,4.0,3.75,3.5833333333333335,3.25,3.25,3.8,3.8000000000000003,2.3333333333333335,2.3333333333333335,2.75,2.75,3.3333333333333335,3.3333333333333335
R0397,ORG39,0,,760,1,35,3,1,6.2,6.9,2,1.0,3,1,1,4,275.0,840,1,3.0,4.0,4.0,3.0,4.0,3.0,4.0,4.0,3.0,4.0,2.0,3.0,2.0,3.0,2.0,2.0,3.0,3.0,3.0,3.0,3.0,3.0,3.0,4.0,3.0,4.0,4.0,3.0,1.0,3.0,4.0,4.0,5.0,3.0,3.0,2.0,3.0,4.0,2.0,4.0,5.0,3.0,3.0,2.0,4.0,3.0,1.0,2.0,5.0,4.0,4.0,4.0,3.0,3.0,3.0,3.0,3.0,3.0,4.0,4.0,2.0,3.0,3.0,3.0,4.0,4.0,3.0,3.0,3.0,3.0,4.0,2.0,3.0,2.0,3.0,3.0,2.0,4.0,3.0,3.0,3.0,4.0,4.0,3.0,3.0,5.0,4.0,4.0,3.0,1.0,3.0,3.0,4.0,4.0,3.0,5.0,3.0,2.0,3.0,3.0,3.0,4.0,4.0,4.0,4.0,2.0,2.0,4.0,3.0,3.0,3.0,4.0,4.0,4.0,3.0,3.0,3.0,4.0,3.0,4.0,4.0,4.0,4.0,0.0,13.5,0.0,3.5,2.25,3.0,3.75,3.0,2.75,3.0416666666666665,3.0,3.8,3.2,3.4,3.35,2.5,4.25,3.0,3.5,3.3125,2.75,3.5,3.0,3.0833333333333335,2.625,2.625,3.4,3.4,4.333333333333333,4.333333333333333,2.5,2.5,4.0,4.0
R0398,ORG39,0,,1471,1,29,1,1,2.5,5.6,1,1.0,1,1,1,1,193.0,840,1,3.0,3.0,3.0,3.0,3.0,3.0,3.0,3.0,3.0,3.0,3.0,3.0,3.0,3.0,3.0,3.0,3.0,3.0,3.0,3.0,3.0,3.0,3.0,3.0,3.0,3.0,3.0,3.0,3.0,3.0,3.0,3.0,3.0,3.0,3.0,3.0,3.0,3.0,3.0,3.0,3.0,3.0,3.0,3.0,3.0,3.0,3.0,3.0,3.0,3.0,3.0,3.0,3.0,3.0,3.0,3.0,3.0,3.0,3.0,3.0,3.0,3.0,3.0,3.0,3.0,3.0,3.0,3.0,3.0,3.0,3.0,3.0,3.0,3.0,3.0,3.0,3.0,3.0,3.0,3.0,3.0,3.0,3.0,3.0,3.0,3.0,3.0,3.0,3.0,3.0,3.0,3.0,3.0,3.0,3.0,3.0,4.0,3.0,3.0,2.0,3.0,3.0,5.0,4.0,4.0,3.0,3.0,3.0,2.0,3.0,2.0,4.0,3.0,3.0,4.0,3.0,4.0,4.0,3.0,2.0,3.0,5.0,4.0,1.0,5.8,1.0,3.0,3.0,3.0,3.0,3.0,3.0,3.0,3.0,3.0,3.0,3.0,3.0,3.0,3.0,3.0,3.0,3.0,3.0,3.0,3.0,3.0,3.0,3.0,3.0,3.0,3.0,3.0,3.0,3.0,3.0,3.0
R0399,ORG39,0,,502,1,34,3,1,4.4,6.8,2,1.0,1,1,1,6,580.0,840,1,4.0,3.0,4.0,4.0,4.0,4.0,5.0,4.0,3.0,3.0,3.0,3.0,4.0,4.0,4.0,4.0,3.0,3.0,3.0,3.0,4.0,4.0,4.0,4.0,3.0,3.0,2.0,2.0,2.0,2.0,3.0,2.0,2.0,3.0,3.0,3.0,2.0,4.0,2.0,2.0,3.0,2.0,2.0,2.0,3.0,3.0,4.0,4.0,3.0,4.0,3.0,3.0,3.0,3.0,3.0,4.0,3.0,2.0,3.0,3.0,2.0,2.0,4.0,3.0,2.0,4.0,3.0,3.0,3.0,3.0,4.0,2.0,4.0,3.0,4.0,2.0,4.0,4.0,4.0,4.0,3.0,4.0,4.0,4.0,3.0,3.0,5.0,3.0,4.0,4.0,3.0,3.0,4.0,3.0,3.0,3.0,2.0,3.0,3.0,2.0,3.0,2.0,2.0,4.0,3.0,3.0,2.0,3.0,3.0,2.0,3.0,3.0,3.0,4.0,,,,,,,,,,0.0,14.6,1.0,3.75,1.75,3.0,2.0,3.0,2.0,2.5833333333333335,2.4,2.4,3.2,2.2,2.55,3.5,3.25,3.25,2.75,3.1875,2.75,3.0,3.0,2.9166666666666665,3.375,3.375,3.6,3.6,3.6666666666666665,3.6666666666666665,3.5,3.5,3.25,3.25
R0400,ORG39,0,,1147,2,24,4,1,4.5,6.0,2,2.0,2,1,1,7,211.0,840,1,4.0,3.0,3.0,4.0,3.0,2.0,3.0,3.0,3.0,4.0,4.0,4.0,4.0,3.0,4.0,3.0,2.0,4.0,4.0,4.0,4.0,4.0,3.0,3.0,3.0,4.0,3.0,3.0,3.0,4.0,4.0,3.0,4.0,4.0,3.0,3.0,4.0,3.0,3.0,4.0,3.0,5.0,4.0,5.0,4.0,4.0,3.0,4.0,4.0,5.0,4.0,4.0,2.0,3.0,3.0,3.0,4.0,4.0,3.0,5.0,3.0,3.0,3.0,3.0,5.0,3.0,4.0,5.0,4.0,2.0,4.0,4.0,4.0,3.0,4.0,4.0,3.0,2.0,2.0,3.0,4.0,4.0,4.0,4.0,3.0,3.0,3.0,4.0,3.0,4.0,3.0,4.0,3.0,3.0,1.0,2.0,5.0,4.0,3.0,3.0,3.0,4.0,4.0,3.0,3.0,3.0,2.0,2.0,4.0,5.0,4.0,3.0,2.0,3.0,3.0,2.0,4.0,4.0,4.0,4.0,3.0,4.0,2.0,1.0,9.5,0.0,3.5,3.25,3.75,2.5,3.5,2.5,3.1666666666666665,3.2,3.8,3.2,4.2,3.6,3.75,4.25,2.75,4.0,3.6875,3.0,4.25,3.5,3.5833333333333335,3.375,3.375,3.8,3.8000000000000003,3.3333333333333335,3.3333333333333335,3.5,3.5,2.25,2.25
R0401,ORG39,0,,299,1,29,3,2,3.6,8.0,2,1.0,3,1,1,7,263.0,840,1,3.0,5.0,3.0,4.0,3.0,4.0,3.0,3.0,3.0,3.0,3.0,2.0,3.0,4.0,4.0,4.0,1.0,3.0,3.0,4.0,2.0,2.0,2.0,3.0,3.0,4.0,3.0,3.0,3.0,4.0,5.0,5.0,5.0,4.0,4.0,4.0,4.0,3.0,3.0,3.0,4.0,3.0,3.0,3.0,2.0,4.0,2.0,2.0,2.0,3.0,2.0,3.0,3.0,3.0,3.0,4.0,3.0,2.0,4.0,4.0,4.0,3.0,2.0,4.0,4.0,5.0,4.0,3.0,2.0,3.0,3.0,2.0,3.0,,3.0,2.0,3.0,4.0,2.0,3.0,3.0,4.0,5.0,4.0,3.0,3.0,2.0,3.0,3.0,2.0,3.0,5.0,3.0,1.0,2.0,2.0,3.0,4.0,5.0,3.0,3.0,3.0,3.0,3.0,3.0,,,,,,,,,,,,,,,,,,,0.0,1.0,1.0,3.75,2.75,2.75,2.25,2.75,3.75,3.0,3.2,4.6,3.6,3.2,3.65,2.5,2.5,3.25,3.25,2.875,3.25,4.0,2.5,3.25,2.5714285714285716,2.5714285714285716,3.8,3.8000000000000003,2.6666666666666665,2.6666666666666665,3.25,3.25,2.0,2.0
R0402,ORG39,0,,436,2,28,3,2,7.1,8.2,1,1.0,1,1,2,4,192.0,840,1,3.0,1.0,4.0,3.0,4.0,3.0,3.0,3.0,1.0,3.0,2.0,2.0,3.0,4.0,4.0,5.0,3.0,3.0,4.0,2.0,1.0,2.0,2.0,3.0,5.0,5.0,3.0,5.0,4.0,3.0,4.0,4.0,4.0,4.0,4.0,3.0,3.0,4.0,3.0,4.0,5.0,3.0,4.0,3.0,2.0,1.0,3.0,2.0,5.0,4.0,4.0,4.0,4.0,4.0,5.0,4.0,3.0,3.0,3.0,3.0,5.0,4.0,5.0,4.0,4.0,3.0,4.0,5.0,4.0,5.0,4.0,3.0,4.0,3.0,4.0,3.0,4.0,2.0,3.0,3.0,3.0,3.0,3.0,4.0,4.0,2.0,3.0,3.0,4.0,4.0,5.0,4.0,2.0,4.0,2.0,3.0,4.0,4.0,4.0,5.0,4.0,5.0,2.0,2.0,3.0,3.0,4.0,3.0,4.0,4.0,4.0,3.0,3.0,2.0,4.0,2.0,3.0,3.0,4.0,4.0,2.0,5.0,3.0,0.0,17.5,0.0,2.75,2.75,2.0,2.0,3.0,4.0,2.75,4.4,3.8,3.4,3.8,3.85,2.0,4.25,4.25,3.0,3.375,4.5,4.0,4.0,4.166666666666667,3.5,3.5,3.4,3.4,2.6666666666666665,2.6666666666666665,4.25,4.25,2.75,2.75
R0403,ORG39,0,,1232,2,29,4,1,2.7,5.9,2,1.0,4,3,1,7,261.0,840,1,3.0,4.0,3.0,3.0,4.0,3.0,3.0,3.0,3.0,3.0,4.0,3.0,3.0,2.0,3.0,3.0,3.0,3.0,4.0,2.0,3.0,3.0,,3.0,3.0,2.0,4.0,3.0,3.0,5.0,3.0,3.0,4.0,4.0,5.0,5.0,4.0,4.0,1.0,4.0,3.0,3.0,5.0,3.0,5.0,4.0,5.0,4.0,4.0,4.0,4.0,5.0,3.0,2.0,3.0,4.0,5.0,4.0,4.0,5.0,3.0,2.0,2.0,4.0,3.0,4.0,4.0,4.0,5.0,5.0,4.0,4.0,3.0,3.0,3.0,3.0,3.0,3.0,3.0,3.0,4.0,5.0,4.0,4.0,4.0,3.0,2.0,1.0,3.0,1.0,2.0,3.0,3.0,3.0,2.0,2.0,3.0,3.0,3.0,4.0,4.0,4.0,1.0,1.0,3.0,3.0,3.0,3.0,4.0,4.0,5.0,3.0,2.0,2.0,3.0,4.0,4.0,5.0,5.0,5.0,3.0,4.0,2.0,0.0,2.5,1.0,3.25,2.75,3.25,3.25,3.0,3.0,3.0869565217391304,3.0,3.8,4.6,3.6,3.75,4.5,4.25,3.0,4.5,4.0625,2.75,3.75,4.5,3.6666666666666665,3.0,3.0,4.2,4.2,2.0,2.0,2.25,2.25,2.5,2.5
R0404,ORG39,0,,1249,2,34,3,1,1.9,3.0,1,2.0,1,1,1,4,181.0,840,1,4.0,4.0,3.0,4.0,3.0,4.0,3.0,3.0,3.0,4.0,4.0,2.0,4.0,3.0,3.0,3.0,3.0,4.0,4.0,3.0,4.0,4.0,2.0,3.0,3.0,3.0,3.0,4.0,4.0,4.0,4.0,3.0,3.0,2.0,3.0,3.0,3.0,3.0,3.0,4.0,3.0,3.0,4.0,3.0,5.0,4.0,4.0,4.0,4.0,4.0,2.0,3.0,4.0,4.0,3.0,4.0,4.0,4.0,4.0,5.0,2.0,3.0,3.0,3.0,4.0,4.0,4.0,2.0,3.0,1.0,2.0,3.0,4.0,2.0,4.0,2.0,4.0,3.0,5.0,3.0,3.0,4.0,3.0,4.0,4.0,3.0,3.0,2.0,3.0,3.0,3.0,3.0,3.0,5.0,3.0,4.0,2.0,4.0,3.0,4.0,2.0,4.0,4.0,2.0,3.0,3.0,2.0,3.0,3.0,4.0,3.0,2.0,4.0,3.0,2.0,3.0,4.0,3.0,4.0,3.0,4.0,4.0,2.0,0.0,17.5,1.0,3.75,2.75,3.25,2.75,3.5,2.75,3.125,3.4,3.2,3.0,3.4,3.25,4.25,3.25,3.75,4.25,3.875,2.75,3.5,2.25,2.8333333333333335,3.375,3.375,3.6,3.6,2.6666666666666665,2.6666666666666665,3.0,3.0,3.75,3.75
R0405,ORG40,0,,913,2,29,3,2,0.8,3.5,1,0.0,1,3,1,9,154.0,1066,1,3.0,3.0,4.0,4.0,4.0,3.0,5.0,3.0,3.0,3.0,2.0,2.0,3.0,4.0,4.0,4.0,3.0,2.0,2.0,1.0,4.0,4.0,3.0,5.0,4.0,4.0,2.0,3.0,4.0,1.0,1.0,2.0,2.0,2.0,3.0,3.0,2.0,3.0,4.0,4.0,3.0,3.0,4.0,3.0,2.0,1.0,2.0,2.0,3.0,2.0,2.0,2.0,2.0,3.0,2.0,3.0,4.0,3.0,4.0,2.0,2.0,3.0,3.0,1.0,3.0,4.0,3.0,3.0,3.0,5.0,3.0,3.0,3.0,2.0,2.0,3.0,2.0,3.0,1.0,2.0,4.0,4.0,5.0,5.0,4.0,5.0,5.0,5.0,1.0,2.0,2.0,2.0,5.0,3.0,4.0,5.0,1.0,3.0,2.0,2.0,3.0,4.0,5.0,5.0,5.0,1.0,1.0,1.0,3.0,2.0,2.0,5.0,5.0,4.0,2.0,2.0,1.0,3.0,2.0,2.0,4.0,4.0,5.0,1.0,2.6,1.0,3.5,2.25,2.5,2.25,2.0,2.0,2.4166666666666665,3.4,1.6,2.6,3.4,2.75,1.75,2.25,2.5,3.25,2.4375,2.25,3.25,3.5,3.0,2.25,2.25,4.4,4.3999999999999995,5.0,5.0,1.75,1.75,4.25,4.25
R0407,ORG40,0,,832,2,27,3,2,1.0,3.3,0,3.0,2,1,2,10,306.0,1066,1,3.0,4.0,4.0,4.0,2.0,2.0,3.0,2.0,3.0,4.0,5.0,3.0,2.0,2.0,2.0,2.0,4.0,5.0,4.0,4.0,3.0,3.0,3.0,4.0,4.0,4.0,3.0,4.0,4.0,5.0,5.0,4.0,3.0,5.0,4.0,4.0,3.0,4.0,2.0,5.0,4.0,4.0,4.0,4.0,4.0,3.0,4.0,5.0,4.0,4.0,4.0,4.0,4.0,2.0,3.0,3.0,5.0,4.0,5.0,5.0,4.0,5.0,5.0,5.0,5.0,4.0,5.0,5.0,3.0,3.0,4.0,3.0,4.0,3.0,3.0,4.0,3.0,3.0,5.0,4.0,5.0,3.0,5.0,4.0,4.0,1.0,2.0,1.0,5.0,5.0,5.0,5.0,4.0,2.0,4.0,3.0,3.0,4.0,4.0,5.0,5.0,5.0,1.0,2.0,2.0,,,,,,,,,,,,,,,,,,,0.0,25.3,0.0,3.75,3.75,3.75,4.0,4.25,2.75,3.7083333333333335,3.8,4.4,3.8,4.2,4.05,4.0,4.0,3.0,4.75,3.9375,4.75,4.75,3.25,4.25,3.625,3.625,4.2,4.2,1.3333333333333333,1.3333333333333333,5.0,5.0,3.25,3.25
R0408,ORG40,0,,784,1,27,4,1,0.5,4.4,3,3.0,1,1,1,3,216.0,1066,1,3.0,3.0,3.0,3.0,3.0,3.0,3.0,3.0,3.0,3.0,3.0,3.0,3.0,3.0,3.0,3.0,3.0,3.0,3.0,3.0,3.0,3.0,3.0,3.0,3.0,3.0,3.0,3.0,3.0,3.0,3.0,3.0,3.0,3.0,3.0,3.0,3.0,3.0,3.0,3.0,3.0,3.0,3.0,3.0,3.0,3.0,3.0,3.0,3.0,3.0,3.0,3.0,3.0,3.0,3.0,3.0,3.0,3.0,3.0,3.0,3.0,3.0,3.0,3.0,3.0,3.0,3.0,3.0,3.0,3.0,3.0,3.0,3.0,3.0,3.0,3.0,3.0,3.0,3.0,3.0,3.0,3.0,3.0,3.0,3.0,3.0,3.0,3.0,3.0,3.0,3.0,3.0,3.0,3.0,3.0,3.0,4.0,3.0,4.0,3.0,5.0,3.0,2.0,1.0,1.0,4.0,4.0,4.0,2.0,3.0,3.0,2.0,2.0,3.0,4.0,3.0,3.0,4.0,4.0,4.0,3.0,3.0,1.0,0.0,4.6,1.0,3.0,3.0,3.0,3.0,3.0,3.0,3.0,3.0,3.0,3.0,3.0,3.0,3.0,3.0,3.0,3.0,3.0,3.0,3.0,3.0,3.0,3.0,3.0,3.0,3.0,3.0,3.0,3.0,3.0,3.0,3.0
R0409,ORG40,0,,1094,2,27,2,2,1.8,2.9,0,1.0,1,1,1,6,371.0,1066,1,3.0,5.0,3.0,5.0,2.0,2.0,3.0,3.0,4.0,3.0,3.0,4.0,2.0,2.0,4.0,3.0,3.0,4.0,5.0,4.0,2.0,3.0,3.0,4.0,2.0,2.0,3.0,2.0,3.0,4.0,3.0,3.0,3.0,2.0,3.0,3.0,2.0,2.0,3.0,3.0,3.0,3.0,3.0,3.0,3.0,4.0,3.0,3.0,4.0,4.0,3.0,3.0,3.0,4.0,3.0,3.0,2.0,2.0,4.0,1.0,2.0,4.0,3.0,4.0,3.0,2.0,3.0,3.0,3.0,3.0,2.0,2.0,3.0,4.0,3.0,2.0,3.0,3.0,4.0,3.0,5.0,5.0,5.0,5.0,3.0,4.0,4.0,3.0,2.0,2.0,3.0,2.0,5.0,3.0,5.0,5.0,5.0,3.0,5.0,3.0,3.0,4.0,4.0,4.0,4.0,,,,,,,,,,,,,,,,,,,0.0,20.8,0.0,4.0,3.5,3.5,3.25,4.0,3.0,3.5416666666666665,2.4,3.0,2.6,3.0,2.75,3.25,3.5,3.25,2.25,3.0625,3.25,2.75,2.5,2.8333333333333335,3.125,3.125,4.6,4.6000000000000005,3.6666666666666665,3.6666666666666665,2.25,2.25,4.5,4.5
R0410,ORG40,0,,1172,2,28,3,1,3.0,8.0,3,0.0,1,1,1,9,197.0,1066,1,4.0,4.0,2.0,3.0,2.0,3.0,2.0,3.0,3.0,3.0,3.0,2.0,3.0,3.0,5.0,3.0,2.0,3.0,4.0,2.0,3.0,3.0,3.0,3.0,4.0,4.0,4.0,3.0,4.0,4.0,4.0,3.0,2.0,4.0,4.0,4.0,3.0,3.0,3.0,4.0,4.0,3.0,2.0,3.0,2.0,3.0,2.0,3.0,3.0,4.0,3.0,3.0,3.0,3.0,4.0,4.0,3.0,4.0,5.0,4.0,3.0,3.0,3.0,3.0,3.0,5.0,4.0,4.0,3.0,3.0,2.0,3.0,3.0,3.0,4.0,3.0,4.0,2.0,1.0,5.0,5.0,4.0,3.0,4.0,4.0,3.0,2.0,2.0,4.0,5.0,5.0,4.0,4.0,3.0,3.0,2.0,3.0,3.0,4.0,3.0,2.0,2.0,4.0,3.0,2.0,4.0,4.0,3.0,4.0,3.0,3.0,4.0,3.0,3.0,2.0,3.0,3.0,4.0,5.0,3.0,3.0,4.0,2.0,0.0,17.5,0.0,3.25,3.5,2.75,2.5,2.75,3.0,2.9583333333333335,3.8,3.4,3.4,3.2,3.45,2.5,3.25,3.5,4.0,3.3125,3.0,4.0,2.75,3.25,3.375,3.375,4.0,4.0,2.3333333333333335,2.3333333333333335,4.5,4.5,3.0,3.0
R0411,ORG40,0,,749,1,23,3,1,1.5,8.9,0,17.0,3,1,1,10,573.0,1066,1,1.0,2.0,2.0,4.0,3.0,3.0,3.0,3.0,3.0,3.0,3.0,3.0,4.0,4.0,4.0,3.0,4.0,4.0,4.0,3.0,3.0,2.0,3.0,4.0,5.0,4.0,5.0,3.0,3.0,4.0,5.0,5.0,3.0,5.0,4.0,4.0,4.0,4.0,2.0,,3.0,4.0,3.0,3.0,5.0,4.0,5.0,5.0,4.0,4.0,4.0,5.0,5.0,4.0,5.0,5.0,5.0,5.0,5.0,5.0,3.0,4.0,4.0,3.0,4.0,3.0,2.0,3.0,4.0,4.0,2.0,4.0,5.0,2.0,3.0,4.0,3.0,4.0,4.0,4.0,3.0,4.0,3.0,4.0,3.0,3.0,3.0,1.0,4.0,3.0,4.0,4.0,4.0,4.0,3.0,3.0,3.0,3.0,4.0,3.0,2.0,3.0,2.0,2.0,2.0,3.0,3.0,3.0,2.0,3.0,3.0,1.0,3.0,2.0,,,,,,,,,,0.0,14.6,0.0,2.25,3.0,3.0,2.25,3.75,3.0,2.875,4.0,4.4,4.0,3.25,3.9473684210526314,4.75,4.25,4.75,5.0,4.6875,3.5,3.0,3.5,3.3333333333333335,3.375,3.375,3.4,3.4,2.3333333333333335,2.3333333333333335,3.75,3.75,3.5,3.5
R0412,ORG40,0,,874,1,44,4,1,1.3,3.9,3,14.0,1,3,1,6,246.0,1066,1,4.0,4.0,4.0,3.0,3.0,5.0,4.0,4.0,3.0,3.0,3.0,3.0,2.0,3.0,4.0,4.0,4.0,3.0,3.0,4.0,3.0,3.0,3.0,4.0,3.0,5.0,3.0,2.0,3.0,3.0,3.0,4.0,4.0,2.0,3.0,4.0,4.0,4.0,3.0,3.0,4.0,3.0,2.0,,4.0,2.0,3.0,3.0,4.0,4.0,4.0,4.0,4.0,2.0,3.0,3.0,2.0,3.0,3.0,4.0,1.0,1.0,3.0,2.0,2.0,3.0,2.0,2.0,3.0,1.0,2.0,1.0,2.0,2.0,2.0,2.0,4.0,4.0,2.0,4.0,5.0,3.0,4.0,5.0,4.0,5.0,5.0,5.0,2.0,2.0,2.0,3.0,3.0,4.0,5.0,5.0,2.0,3.0,2.0,2.0,2.0,2.0,5.0,5.0,5.0,,,,,,,,,,,,,,,,,,,1.0,0.3,1.0,3.75,2.0,3.0,2.75,3.5,2.75,2.9583333333333335,3.2,3.2,3.6,3.0,3.263157894736842,3.0,4.0,3.0,3.0,3.25,1.75,2.25,1.75,1.9166666666666667,2.5,2.5,4.2,4.2,5.0,5.0,2.25,2.25,4.25,4.25
R0413,ORG40,0,,1771,2,36,5,1,0.2,6.9,2,0.0,3,3,1,8,411.0,1066,1,4.0,4.0,4.0,3.0,3.0,4.0,4.0,4.0,3.0,4.0,1.0,3.0,3.0,2.0,3.0,2.0,3.0,3.0,4.0,2.0,5.0,4.0,4.0,,5.0,5.0,5.0,5.0,5.0,4.0,4.0,4.0,4.0,4.0,5.0,5.0,4.0,5.0,1.0,5.0,4.0,4.0,4.0,4.0,3.0,3.0,4.0,2.0,4.0,4.0,4.0,5.0,4.0,4.0,4.0,3.0,4.0,2.0,3.0,5.0,4.0,3.0,4.0,3.0,4.0,4.0,3.0,4.0,4.0,2.0,4.0,3.0,3.0,2.0,3.0,3.0,4.0,3.0,2.0,3.0,5.0,5.0,4.0,5.0,5.0,1.0,1.0,1.0,3.0,3.0,3.0,4.0,2.0,4.0,1.0,2.0,4.0,4.0,4.0,3.0,3.0,3.0,1.0,2.0,2.0,3.0,2.0,3.0,4.0,3.0,3.0,2.0,1.0,3.0,3.0,3.0,3.0,4.0,3.0,4.0,1.0,4.0,3.0,0.0,35.3,0.0,3.75,2.25,2.75,3.5,3.0,1.6666666666666667,2.869565217391304,5.0,4.0,4.8,4.2,4.5,3.0,4.25,3.75,3.5,3.625,3.5,3.75,3.25,3.5,2.875,2.875,4.8,4.8,1.0,1.0,3.25,3.25,2.25,2.25
R0414,ORG40,0,,1020,2,23,3,1,1.2,2.4,0,1.0,3,3,2,5,174.0,1066,1,1.0,2.0,1.0,2.0,4.0,3.0,3.0,3.0,2.0,3.0,2.0,2.0,3.0,3.0,1.0,3.0,4.0,5.0,3.0,4.0,4.0,3.0,3.0,5.0,5.0,4.0,3.0,4.0,4.0,2.0,4.0,2.0,4.0,2.0,3.0,3.0,4.0,3.0,3.0,3.0,2.0,3.0,3.0,3.0,2.0,2.0,3.0,1.0,4.0,4.0,4.0,3.0,4.0,4.0,4.0,4.0,4.0,3.0,2.0,3.0,2.0,3.0,4.0,2.0,3.0,1.0,2.0,2.0,3.0,4.0,3.0,3.0,4.0,4.0,5.0,5.0,5.0,3.0,4.0,4.0,3.0,4.0,4.0,4.0,,3.0,3.0,2.0,4.0,2.0,3.0,2.0,4.0,3.0,3.0,4.0,3.0,3.0,3.0,3.0,2.0,2.0,3.0,2.0,3.0,3.0,3.0,4.0,3.0,3.0,3.0,3.0,3.0,3.0,4.0,4.0,3.0,3.0,3.0,2.0,2.0,1.0,2.0,0.0,23.9,1.0,1.5,2.75,2.25,3.5,4.0,2.25,2.7083333333333335,4.0,2.8,3.2,2.8,3.2,2.0,3.75,4.0,3.0,3.1875,2.75,2.0,3.25,2.6666666666666665,4.25,4.25,3.75,3.75,2.6666666666666665,2.6666666666666665,2.75,2.75,3.5,3.5
R0415,ORG41,0,,783,1,25,3,2,1.9,3.1,0,2.0,1,1,1,7,160.0,341,2,2.0,3.0,3.0,3.0,2.0,4.0,4.0,2.0,,2.0,2.0,3.0,3.0,4.0,4.0,4.0,3.0,3.0,4.0,2.0,4.0,4.0,3.0,5.0,1.0,3.0,3.0,1.0,2.0,2.0,2.0,2.0,2.0,2.0,2.0,2.0,1.0,2.0,3.0,2.0,3.0,3.0,3.0,3.0,2.0,3.0,2.0,2.0,4.0,4.0,2.0,3.0,2.0,1.0,2.0,1.0,2.0,2.0,2.0,2.0,3.0,2.0,3.0,5.0,3.0,4.0,4.0,2.0,3.0,2.0,4.0,2.0,4.0,4.0,4.0,4.0,3.0,3.0,3.0,4.0,2.0,2.0,3.0,3.0,3.0,4.0,5.0,4.0,3.0,3.0,4.0,3.0,4.0,4.0,3.0,4.0,3.0,3.0,3.0,3.0,3.0,2.0,4.0,4.0,4.0,2.0,2.0,2.0,4.0,4.0,3.0,3.0,4.0,2.0,2.0,4.0,4.0,3.0,3.0,1.0,2.0,3.0,1.0,1.0,11.2,1.0,2.75,3.0,2.3333333333333335,2.25,3.0,2.0,2.5652173913043477,2.0,2.0,2.0,2.8,2.2,2.25,3.25,1.5,2.0,2.25,3.25,3.25,2.75,3.0833333333333335,3.625,3.625,2.6,2.6,4.333333333333333,4.333333333333333,3.25,3.25,3.75,3.75
R0416,ORG41,0,,368,1,32,2,1,2.6,3.6,3,2.0,2,1,1,10,207.0,341,2,3.0,4.0,3.0,3.0,3.0,4.0,2.0,4.0,3.0,3.0,2.0,4.0,3.0,2.0,4.0,3.0,3.0,3.0,3.0,2.0,3.0,1.0,2.0,1.0,3.0,3.0,2.0,3.0,3.0,2.0,3.0,4.0,3.0,4.0,4.0,3.0,4.0,2.0,2.0,2.0,3.0,3.0,2.0,2.0,5.0,4.0,4.0,4.0,3.0,3.0,5.0,4.0,3.0,3.0,3.0,3.0,4.0,3.0,4.0,4.0,3.0,4.0,4.0,5.0,3.0,3.0,2.0,3.0,2.0,2.0,2.0,4.0,4.0,3.0,4.0,4.0,4.0,4.0,4.0,3.0,3.0,3.0,3.0,3.0,2.0,2.0,3.0,4.0,4.0,3.0,3.0,4.0,4.0,3.0,1.0,3.0,3.0,4.0,4.0,3.0,3.0,3.0,3.0,3.0,2.0,3.0,3.0,3.0,4.0,3.0,3.0,2.0,3.0,2.0,3.0,3.0,4.0,3.0,3.0,5.0,2.0,3.0,3.0,0.0,16.0,0.0,3.25,2.75,3.0,3.0,2.75,4.25,3.1666666666666665,2.8,3.2,3.4,2.4,2.95,4.25,3.75,3.0,3.75,3.6875,4.0,2.75,2.5,3.0833333333333335,3.5,3.5,2.8,2.8000000000000003,3.0,3.0,3.5,3.5,2.75,2.75
R0417,ORG41,0,,547,1,28,1,1,11.3,12.1,2,1.0,1,1,1,10,204.0,341,2,4.0,4.0,2.0,4.0,3.0,3.0,3.0,3.0,3.0,3.0,4.0,3.0,2.0,2.0,3.0,1.0,4.0,1.0,2.0,3.0,4.0,3.0,4.0,3.0,3.0,3.0,4.0,4.0,4.0,4.0,4.0,4.0,4.0,4.0,4.0,5.0,3.0,5.0,2.0,3.0,3.0,4.0,3.0,3.0,4.0,4.0,4.0,4.0,4.0,4.0,4.0,4.0,4.0,4.0,4.0,4.0,4.0,4.0,3.0,3.0,5.0,5.0,5.0,5.0,5.0,5.0,4.0,4.0,5.0,5.0,4.0,2.0,3.0,3.0,4.0,2.0,3.0,4.0,3.0,4.0,5.0,5.0,4.0,5.0,4.0,1.0,3.0,1.0,3.0,5.0,3.0,4.0,2.0,2.0,4.0,4.0,3.0,4.0,5.0,5.0,5.0,4.0,2.0,2.0,1.0,4.0,3.0,3.0,5.0,3.0,3.0,2.0,2.0,2.0,3.0,4.0,3.0,3.0,3.0,3.0,2.0,3.0,3.0,0.0,25.0,0.0,3.5,3.0,3.25,4.0,2.5,2.5,3.125,3.6,4.0,4.2,3.2,3.75,4.0,4.0,4.0,3.5,3.875,5.0,4.5,4.0,4.5,3.0,3.0,4.6,4.6000000000000005,1.6666666666666667,1.6666666666666667,3.75,3.75,3.0,3.0
R0419,ORG41,0,,932,2,23,1,1,0.7,3.5,2,21.0,1,1,1,7,243.0,341,2,4.0,4.0,3.0,4.0,2.0,2.0,3.0,2.0,3.0,3.0,3.0,3.0,2.0,2.0,3.0,3.0,4.0,4.0,4.0,3.0,3.0,3.0,4.0,3.0,3.0,4.0,4.0,4.0,4.0,3.0,4.0,5.0,5.0,4.0,3.0,3.0,3.0,4.0,2.0,3.0,3.0,3.0,4.0,3.0,5.0,4.0,5.0,4.0,4.0,3.0,5.0,4.0,4.0,3.0,4.0,4.0,5.0,5.0,5.0,3.0,4.0,2.0,3.0,4.0,3.0,3.0,2.0,4.0,4.0,3.0,4.0,3.0,4.0,5.0,4.0,2.0,2.0,4.0,4.0,3.0,4.0,4.0,5.0,4.0,3.0,2.0,4.0,3.0,5.0,4.0,4.0,,4.0,3.0,3.0,2.0,5.0,3.0,4.0,2.0,4.0,4.0,3.0,2.0,2.0,4.0,3.0,3.0,3.0,5.0,4.0,4.0,3.0,4.0,,,,,,,,,,1.0,0.7,1.0,3.75,3.75,3.0,3.5,3.75,2.75,3.4166666666666665,3.8,4.2,3.4,3.2,3.65,4.5,4.0,3.75,4.5,4.1875,3.25,3.0,3.5,3.25,3.25,3.25,4.0,4.0,3.0,3.0,4.333333333333333,4.333333333333333,3.0,3.0
R0420,ORG41,0,,545,1,27,3,1,0.4,1.1,0,1.0,1,2,1,5,,341,2,2.0,3.0,2.0,3.0,4.0,3.0,4.0,4.0,3.0,3.0,3.0,3.0,3.0,4.0,5.0,3.0,3.0,2.0,3.0,1.0,3.0,3.0,4.0,3.0,3.0,3.0,3.0,3.0,3.0,3.0,3.0,4.0,4.0,3.0,1.0,3.0,3.0,2.0,4.0,3.0,3.0,3.0,3.0,2.0,4.0,4.0,4.0,4.0,4.0,4.0,4.0,3.0,2.0,4.0,4.0,3.0,3.0,3.0,2.0,3.0,4.0,4.0,4.0,4.0,3.0,3.0,3.0,3.0,4.0,3.0,4.0,4.0,2.0,3.0,4.0,2.0,1.0,5.0,3.0,2.0,2.0,2.0,2.0,2.0,2.0,5.0,4.0,4.0,4.0,3.0,2.0,3.0,4.0,3.0,2.0,1.0,3.0,2.0,2.0,3.0,4.0,5.0,3.0,2.0,4.0,,,,,,,,,,,,,,,,,,,1.0,9.8,0.0,2.5,2.25,3.0,2.25,2.25,2.75,2.5,3.0,3.4,2.2,2.8,2.85,4.0,3.75,3.25,2.75,3.4375,4.0,3.0,3.75,3.5833333333333335,2.25,2.25,2.0,2.0,4.333333333333333,4.333333333333333,3.0,3.0,2.5,2.5
R0421,ORG41,0,,1034,1,33,3,1,6.7,7.7,0,0.0,1,1,1,2,132.0,341,2,3.0,3.0,3.0,3.0,4.0,5.0,5.0,5.0,3.0,4.0,3.0,2.0,5.0,4.0,4.0,5.0,3.0,2.0,2.0,3.0,3.0,3.0,3.0,3.0,4.0,4.0,4.0,4.0,4.0,3.0,2.0,3.0,3.0,2.0,3.0,4.0,5.0,3.0,2.0,4.0,3.0,,4.0,4.0,4.0,3.0,4.0,3.0,3.0,3.0,3.0,3.0,4.0,4.0,3.0,3.0,4.0,2.0,2.0,2.0,2.0,3.0,2.0,2.0,3.0,3.0,4.0,3.0,2.0,3.0,2.0,2.0,3.0,4.0,4.0,4.0,4.0,3.0,3.0,3.0,2.0,2.0,2.0,4.0,2.0,3.0,4.0,3.0,2.0,2.0,3.0,2.0,5.0,4.0,5.0,4.0,2.0,3.0,3.0,3.0,3.0,2.0,4.0,4.0,4.0,4.0,4.0,3.0,2.0,4.0,3.0,4.0,3.0,4.0,2.0,4.0,2.0,3.0,3.0,3.0,4.0,4.0,4.0,0.0,5.4,1.0,3.0,1.25,3.0,1.5,2.5,3.0,2.375,4.0,2.6,3.8,3.75,3.526315789473684,3.5,3.0,3.5,2.5,3.125,2.25,3.25,2.25,2.5833333333333335,3.5,3.5,2.4,2.4,3.3333333333333335,3.3333333333333335,2.25,2.25,4.5,4.5
R0422,ORG41,0,,550,2,35,3,2,8.3,10.1,2,0.0,2,1,1,7,263.0,341,2,4.0,3.0,3.0,3.0,3.0,3.0,3.0,3.0,2.0,3.0,1.0,2.0,3.0,4.0,4.0,3.0,4.0,3.0,3.0,3.0,4.0,4.0,4.0,4.0,3.0,4.0,3.0,4.0,3.0,3.0,4.0,3.0,4.0,4.0,3.0,3.0,5.0,3.0,2.0,4.0,4.0,4.0,4.0,4.0,3.0,5.0,5.0,5.0,,3.0,3.0,3.0,4.0,4.0,4.0,4.0,3.0,2.0,4.0,2.0,1.0,4.0,4.0,4.0,3.0,3.0,2.0,3.0,3.0,3.0,2.0,3.0,4.0,5.0,4.0,4.0,5.0,2.0,3.0,3.0,3.0,5.0,4.0,5.0,5.0,5.0,5.0,4.0,4.0,3.0,4.0,5.0,3.0,4.0,5.0,4.0,3.0,3.0,3.0,3.0,2.0,3.0,4.0,4.0,4.0,2.0,2.0,2.0,2.0,2.0,2.0,3.0,3.0,3.0,3.0,3.0,3.0,3.0,2.0,2.0,4.0,5.0,5.0,0.0,20.8,1.0,3.25,3.0,2.0,2.5,3.25,2.0,2.6666666666666665,3.4,3.6,3.6,4.0,3.65,4.5,3.0,4.0,2.75,3.6,3.25,2.75,2.75,2.9166666666666665,4.0,4.0,4.4,4.3999999999999995,4.666666666666667,4.666666666666667,4.0,4.0,4.0,4.0
R0423,ORG41,0,,507,2,34,1,1,2.1,4.4,3,1.0,1,1,2,6,245.0,341,2,2.0,3.0,2.0,3.0,3.0,3.0,3.0,4.0,3.0,4.0,3.0,3.0,3.0,4.0,3.0,2.0,2.0,2.0,2.0,2.0,4.0,4.0,5.0,4.0,3.0,3.0,2.0,4.0,2.0,3.0,4.0,4.0,4.0,3.0,4.0,4.0,4.0,3.0,2.0,4.0,5.0,4.0,4.0,5.0,4.0,3.0,3.0,3.0,4.0,5.0,4.0,4.0,3.0,3.0,2.0,3.0,3.0,3.0,4.0,4.0,2.0,3.0,3.0,2.0,4.0,3.0,5.0,4.0,3.0,4.0,4.0,3.0,4.0,2.0,3.0,2.0,3.0,,2.0,3.0,4.0,5.0,4.0,3.0,3.0,4.0,5.0,4.0,4.0,3.0,4.0,3.0,3.0,2.0,3.0,2.0,3.0,2.0,2.0,4.0,3.0,4.0,4.0,4.0,5.0,3.0,4.0,3.0,2.0,3.0,2.0,4.0,4.0,3.0,2.0,3.0,2.0,4.0,3.0,3.0,4.0,3.0,4.0,1.0,12.8,1.0,2.5,2.75,3.25,3.0,2.0,1.75,2.5416666666666665,2.8,3.6,3.8,4.4,3.65,3.25,4.25,2.75,3.5,3.4375,2.5,4.0,3.5,3.3333333333333335,2.7142857142857144,2.7142857142857144,3.8,3.8000000000000003,4.333333333333333,4.333333333333333,3.5,3.5,2.5,2.5
R0425,ORG41,0,,792,2,43,3,2,5.9,10.7,2,1.0,3,2,1,7,273.0,341,2,5.0,3.0,3.0,4.0,3.0,3.0,4.0,4.0,3.0,3.0,4.0,4.0,2.0,3.0,4.0,3.0,3.0,3.0,4.0,4.0,5.0,5.0,4.0,5.0,2.0,2.0,3.0,2.0,3.0,2.0,4.0,3.0,2.0,2.0,3.0,3.0,4.0,3.0,3.0,4.0,3.0,4.0,4.0,3.0,2.0,3.0,4.0,2.0,4.0,4.0,2.0,3.0,4.0,3.0,3.0,4.0,4.0,3.0,3.0,2.0,4.0,3.0,5.0,4.0,3.0,3.0,3.0,4.0,3.0,4.0,3.0,3.0,3.0,4.0,3.0,2.0,1.0,4.0,2.0,3.0,3.0,5.0,3.0,4.0,4.0,3.0,5.0,3.0,3.0,3.0,4.0,3.0,3.0,3.0,3.0,3.0,3.0,3.0,3.0,4.0,3.0,3.0,3.0,4.0,3.0,4.0,4.0,4.0,3.0,4.0,3.0,4.0,3.0,3.0,4.0,3.0,4.0,2.0,2.0,4.0,3.0,3.0,4.0,1.0,0.3,1.0,3.75,2.5,3.5,3.0,3.5,1.25,2.9166666666666665,2.4,2.6,3.2,3.6,2.95,2.75,3.25,3.5,3.0,3.125,4.0,3.25,3.25,3.5,2.5,2.5,3.8,3.8000000000000003,3.6666666666666665,3.6666666666666665,3.25,3.25,3.0,3.0
R0426,ORG41,0,,462,1,29,4,1,4.5,7.0,0,0.0,2,2,1,10,219.0,341,2,4.0,4.0,4.0,4.0,2.0,2.0,2.0,3.0,5.0,5.0,5.0,5.0,3.0,3.0,2.0,1.0,4.0,3.0,4.0,2.0,2.0,1.0,3.0,2.0,4.0,4.0,3.0,4.0,4.0,3.0,3.0,4.0,4.0,3.0,3.0,3.0,4.0,4.0,2.0,4.0,2.0,4.0,4.0,3.0,5.0,3.0,4.0,3.0,4.0,5.0,4.0,4.0,5.0,5.0,4.0,4.0,5.0,4.0,5.0,5.0,5.0,3.0,4.0,3.0,3.0,3.0,1.0,2.0,3.0,5.0,4.0,4.0,4.0,5.0,5.0,3.0,5.0,2.0,4.0,4.0,4.0,4.0,5.0,5.0,4.0,3.0,3.0,3.0,5.0,3.0,5.0,4.0,4.0,4.0,5.0,4.0,5.0,3.0,4.0,3.0,3.0,4.0,4.0,3.0,3.0,,,,,,,,,,,,,,,,,,,1.0,20.8,1.0,4.0,3.75,5.0,3.75,3.25,4.0,3.9583333333333335,3.8,3.4,3.6,3.4,3.55,3.75,4.25,4.5,4.75,4.3125,3.75,2.25,4.0,3.3333333333333335,4.25,4.25,4.4,4.3999999999999995,3.0,3.0,4.25,4.25,4.25,4.25
R0427,ORG42,0,,906,2,29,3,1,1.2,2.7,2,0.0,3,3,1,3,468.0,2690,3,4.0,4.0,2.0,2.0,3.0,4.0,5.0,3.0,3.0,4.0,2.0,3.0,4.0,4.0,4.0,,2.0,2.0,2.0,2.0,4.0,5.0,5.0,4.0,1.0,3.0,2.0,2.0,3.0,4.0,2.0,2.0,3.0,3.0,3.0,3.0,3.0,3.0,2.0,1.0,3.0,3.0,3.0,2.0,3.0,3.0,2.0,3.0,2.0,4.0,3.0,2.0,3.0,3.0,3.0,3.0,3.0,2.0,3.0,2.0,1.0,1.0,2.0,2.0,2.0,3.0,2.0,2.0,3.0,3.0,3.0,1.0,3.0,2.0,3.0,2.0,3.0,3.0,1.0,2.0,2.0,3.0,3.0,3.0,2.0,3.0,4.0,3.0,4.0,2.0,4.0,3.0,2.0,3.0,3.0,3.0,3.0,3.0,3.0,2.0,2.0,2.0,4.0,4.0,4.0,3.0,3.0,2.0,2.0,3.0,3.0,4.0,3.0,4.0,2.0,3.0,2.0,2.0,4.0,2.0,3.0,3.0,4.0,1.0,1.5,1.0,3.0,2.25,3.0,2.0,2.0,1.5,2.3043478260869565,2.2,2.8,3.2,2.4,2.65,2.75,2.75,3.0,2.5,2.75,1.5,2.25,2.5,2.0833333333333335,2.375,2.375,2.6,2.6,3.3333333333333335,3.3333333333333335,3.25,3.25,2.75,2.75
R0428,ORG42,0,,634,2,32,3,1,3.2,8.1,5,2.0,1,2,1,5,249.0,2690,3,5.0,4.0,2.0,4.0,3.0,4.0,,3.0,3.0,3.0,3.0,3.0,3.0,3.0,3.0,2.0,3.0,4.0,3.0,3.0,3.0,2.0,4.0,3.0,2.0,3.0,3.0,2.0,2.0,2.0,2.0,4.0,3.0,3.0,2.0,1.0,3.0,4.0,4.0,4.0,3.0,1.0,3.0,4.0,2.0,3.0,3.0,4.0,3.0,1.0,2.0,2.0,2.0,2.0,2.0,3.0,1.0,1.0,1.0,1.0,1.0,2.0,2.0,2.0,4.0,3.0,3.0,3.0,2.0,2.0,3.0,3.0,4.0,3.0,3.0,5.0,3.0,3.0,2.0,3.0,2.0,2.0,3.0,2.0,2.0,,4.0,3.0,2.0,2.0,2.0,2.0,3.0,3.0,4.0,4.0,2.0,4.0,2.0,2.0,2.0,3.0,4.0,4.0,3.0,4.0,2.0,3.0,3.0,3.0,3.0,5.0,4.0,3.0,3.0,3.0,3.0,3.0,2.0,1.0,3.0,5.0,4.0,1.0,3.4,1.0,3.75,2.6666666666666665,3.0,3.25,3.25,3.0,3.1739130434782608,2.4,2.8,2.4,3.0,2.65,3.0,2.0,2.25,1.0,2.0625,1.75,3.25,2.5,2.5,3.25,3.25,2.2,2.1999999999999997,3.5,3.5,2.0,2.0,3.5,3.5
R0430,ORG42,0,,952,2,31,3,1,3.2,4.2,0,4.0,1,1,1,9,157.0,2690,3,4.0,3.0,3.0,3.0,4.0,5.0,5.0,4.0,2.0,2.0,1.0,1.0,4.0,4.0,4.0,4.0,3.0,2.0,1.0,3.0,3.0,3.0,4.0,4.0,2.0,2.0,3.0,2.0,2.0,2.0,2.0,2.0,2.0,3.0,2.0,3.0,2.0,2.0,3.0,3.0,3.0,3.0,3.0,3.0,3.0,2.0,4.0,3.0,1.0,2.0,3.0,2.0,3.0,3.0,2.0,3.0,3.0,3.0,4.0,4.0,4.0,4.0,4.0,2.0,3.0,3.0,2.0,3.0,4.0,3.0,4.0,4.0,2.0,1.0,1.0,2.0,3.0,3.0,2.0,3.0,4.0,3.0,3.0,4.0,3.0,5.0,5.0,5.0,3.0,3.0,4.0,4.0,2.0,5.0,3.0,4.0,1.0,2.0,2.0,3.0,3.0,3.0,5.0,4.0,4.0,2.0,4.0,3.0,2.0,2.0,2.0,3.0,4.0,2.0,3.0,3.0,3.0,3.0,3.0,3.0,4.0,5.0,4.0,1.0,14.9,1.0,3.25,1.5,1.5,2.0,2.25,2.5,2.1666666666666665,2.2,2.2,2.4,3.0,2.45,3.0,2.0,2.75,3.5,2.8125,3.5,2.75,3.75,3.3333333333333335,2.125,2.125,3.4,3.4,5.0,5.0,3.5,3.5,3.5,3.5
R0431,ORG42,0,,1075,1,22,3,1,7.0,10.0,2,4.0,1,2,1,1,252.0,2690,3,2.0,3.0,4.0,3.0,4.0,3.0,4.0,3.0,4.0,4.0,4.0,4.0,3.0,4.0,5.0,4.0,4.0,3.0,2.0,3.0,2.0,3.0,2.0,2.0,4.0,3.0,3.0,4.0,3.0,3.0,4.0,4.0,5.0,4.0,4.0,5.0,5.0,4.0,1.0,4.0,4.0,3.0,4.0,4.0,4.0,4.0,4.0,4.0,3.0,3.0,4.0,3.0,2.0,2.0,3.0,3.0,3.0,3.0,4.0,3.0,3.0,3.0,4.0,2.0,4.0,4.0,4.0,4.0,2.0,3.0,3.0,3.0,3.0,3.0,3.0,3.0,3.0,4.0,2.0,5.0,4.0,4.0,4.0,4.0,4.0,3.0,3.0,3.0,2.0,2.0,2.0,2.0,4.0,2.0,3.0,2.0,2.0,4.0,3.0,2.0,3.0,2.0,2.0,3.0,3.0,3.0,4.0,3.0,2.0,3.0,3.0,4.0,3.0,3.0,3.0,3.0,5.0,2.0,4.0,4.0,3.0,1.0,4.0,0.0,13.2,1.0,3.0,2.5,4.0,2.0,3.0,3.75,3.0416666666666665,3.4,4.0,4.6,3.8,3.95,4.0,3.25,2.5,3.25,3.25,3.0,4.0,2.75,3.25,3.0,3.0,4.0,4.0,3.0,3.0,2.0,2.0,2.75,2.75
R0432,ORG42,0,,1101,1,30,3,1,3.0,6.2,1,1.0,1,2,1,6,170.0,2690,3,3.0,3.0,3.0,3.0,3.0,3.0,3.0,3.0,4.0,3.0,3.0,3.0,3.0,3.0,3.0,3.0,3.0,3.0,3.0,3.0,3.0,3.0,3.0,3.0,3.0,3.0,3.0,4.0,3.0,3.0,3.0,3.0,3.0,3.0,3.0,3.0,3.0,3.0,3.0,3.0,3.0,3.0,3.0,3.0,3.0,3.0,3.0,3.0,3.0,3.0,3.0,3.0,3.0,3.0,3.0,4.0,3.0,3.0,3.0,3.0,3.0,3.0,3.0,3.0,3.0,3.0,3.0,3.0,3.0,4.0,3.0,3.0,4.0,3.0,3.0,3.0,3.0,3.0,3.0,3.0,3.0,3.0,3.0,3.0,3.0,3.0,2.0,3.0,2.0,2.0,3.0,3.0,2.0,3.0,3.0,3.0,3.0,3.0,4.0,3.0,4.0,4.0,3.0,2.0,2.0,4.0,5.0,4.0,3.0,2.0,4.0,3.0,3.0,2.0,3.0,5.0,5.0,5.0,4.0,4.0,2.0,3.0,2.0,0.0,18.0,0.0,3.0,3.0,3.25,3.0,3.0,3.0,3.0416666666666665,3.2,3.0,3.0,3.0,3.05,3.0,3.0,3.25,3.0,3.0625,3.0,3.0,3.25,3.0833333333333335,3.125,3.125,3.0,3.0,2.6666666666666665,2.6666666666666665,2.5,2.5,2.75,2.75
R0433,ORG42,0,,654,1,35,2,2,6.8,11.5,2,2.0,1,1,1,10,232.0,2690,3,2.0,3.0,4.0,3.0,3.0,4.0,4.0,3.0,3.0,3.0,3.0,3.0,2.0,4.0,4.0,4.0,3.0,3.0,1.0,3.0,3.0,3.0,4.0,5.0,3.0,2.0,3.0,3.0,2.0,3.0,3.0,3.0,3.0,3.0,4.0,4.0,4.0,4.0,3.0,4.0,3.0,3.0,3.0,3.0,2.0,4.0,3.0,2.0,4.0,5.0,4.0,5.0,3.0,3.0,3.0,3.0,3.0,2.0,3.0,3.0,3.0,4.0,5.0,3.0,3.0,3.0,3.0,4.0,3.0,3.0,3.0,3.0,4.0,2.0,3.0,3.0,4.0,3.0,4.0,2.0,2.0,4.0,3.0,3.0,2.0,4.0,2.0,2.0,4.0,4.0,4.0,5.0,2.0,3.0,3.0,2.0,4.0,4.0,3.0,2.0,4.0,3.0,2.0,3.0,3.0,2.0,3.0,2.0,3.0,4.0,3.0,4.0,4.0,3.0,4.0,3.0,4.0,3.0,4.0,4.0,3.0,3.0,3.0,0.0,14.1,1.0,3.0,2.5,3.0,2.5,2.5,2.25,2.625,2.6,3.0,3.8,3.2,3.15,2.75,4.5,3.0,2.75,3.25,3.75,3.25,3.0,3.3333333333333335,3.125,3.125,2.8,2.8000000000000003,2.6666666666666665,2.6666666666666665,4.25,4.25,2.5,2.5
R0434,ORG42,0,,1403,2,27,1,1,3.7,7.2,0,0.0,1,1,1,9,295.0,2690,3,3.0,4.0,3.0,4.0,3.0,4.0,4.0,4.0,2.0,5.0,5.0,3.0,2.0,3.0,3.0,2.0,3.0,3.0,2.0,3.0,3.0,4.0,3.0,4.0,4.0,3.0,4.0,4.0,3.0,3.0,2.0,4.0,3.0,3.0,3.0,3.0,3.0,4.0,3.0,2.0,3.0,2.0,3.0,1.0,4.0,4.0,3.0,3.0,3.0,4.0,3.0,4.0,5.0,4.0,4.0,4.0,3.0,3.0,3.0,4.0,3.0,4.0,2.0,4.0,3.0,4.0,4.0,3.0,3.0,3.0,4.0,2.0,3.0,3.0,2.0,3.0,3.0,3.0,2.0,3.0,4.0,4.0,2.0,5.0,4.0,3.0,3.0,2.0,5.0,4.0,2.0,3.0,,3.0,4.0,3.0,3.0,4.0,4.0,3.0,3.0,2.0,2.0,3.0,2.0,3.0,4.0,3.0,3.0,3.0,3.0,1.0,3.0,3.0,4.0,4.0,4.0,3.0,4.0,4.0,3.0,3.0,3.0,0.0,9.4,1.0,3.5,2.25,3.75,3.5,2.75,2.5,3.0416666666666665,3.6,3.0,3.2,2.2,3.0,3.5,3.5,4.25,3.25,3.625,3.25,3.5,3.0,3.25,2.75,2.75,3.8,3.8000000000000003,2.6666666666666665,2.6666666666666665,3.5,3.5,3.3333333333333335,3.3333333333333335
R0435,ORG42,0,,1086,2,30,2,1,1.8,5.0,0,2.0,1,1,1,4,499.0,2690,3,4.0,4.0,3.0,4.0,1.0,2.0,2.0,3.0,3.0,3.0,2.0,3.0,2.0,2.0,2.0,3.0,3.0,4.0,5.0,4.0,2.0,4.0,3.0,3.0,3.0,3.0,1.0,2.0,1.0,1.0,3.0,3.0,3.0,2.0,2.0,2.0,2.0,3.0,3.0,2.0,4.0,3.0,1.0,2.0,2.0,3.0,3.0,3.0,2.0,3.0,4.0,2.0,2.0,2.0,3.0,4.0,2.0,3.0,3.0,2.0,1.0,2.0,2.0,1.0,3.0,3.0,1.0,2.0,2.0,1.0,1.0,2.0,3.0,2.0,3.0,2.0,2.0,4.0,2.0,2.0,2.0,2.0,2.0,3.0,3.0,1.0,2.0,2.0,1.0,1.0,1.0,1.0,3.0,3.0,3.0,4.0,3.0,3.0,2.0,2.0,1.0,2.0,1.0,2.0,1.0,4.0,3.0,3.0,3.0,3.0,3.0,4.0,4.0,3.0,4.0,4.0,4.0,2.0,3.0,2.0,3.0,3.0,3.0,0.0,19.1,0.0,3.75,4.0,2.75,3.75,4.0,3.0,3.5416666666666665,2.0,2.4,2.4,2.4,2.3,2.75,2.75,2.75,2.5,2.6875,1.5,2.25,1.5,1.75,2.25,2.25,2.4,2.4,1.6666666666666667,1.6666666666666667,1.0,1.0,3.25,3.25
R0436,ORG42,0,,1650,1,41,3,1,3.6,4.4,2,0.0,2,1,1,3,423.0,2690,3,3.0,4.0,4.0,4.0,1.0,2.0,2.0,2.0,4.0,4.0,2.0,4.0,3.0,3.0,4.0,3.0,4.0,4.0,3.0,3.0,3.0,3.0,3.0,3.0,1.0,3.0,2.0,2.0,2.0,3.0,3.0,2.0,3.0,4.0,3.0,3.0,2.0,3.0,4.0,3.0,3.0,3.0,3.0,3.0,4.0,2.0,3.0,4.0,2.0,3.0,2.0,2.0,4.0,3.0,5.0,5.0,5.0,3.0,4.0,2.0,4.0,3.0,3.0,4.0,4.0,3.0,5.0,4.0,5.0,2.0,3.0,4.0,3.0,3.0,4.0,3.0,,4.0,3.0,3.0,2.0,3.0,2.0,3.0,3.0,3.0,3.0,3.0,4.0,3.0,4.0,3.0,3.0,3.0,3.0,2.0,4.0,3.0,4.0,3.0,4.0,4.0,3.0,3.0,2.0,3.0,2.0,3.0,3.0,4.0,2.0,4.0,2.0,3.0,5.0,3.0,3.0,4.0,4.0,2.0,2.0,3.0,2.0,0.0,3.4,1.0,3.75,4.25,3.5,2.75,3.5,3.0,3.4583333333333335,2.0,3.0,2.6,3.0,2.65,3.25,2.25,4.25,3.5,3.3125,3.5,4.0,3.5,3.6666666666666665,3.0,3.0,2.6,2.6,3.0,3.0,3.5,3.5,2.75,2.75
R0437,ORG42,0,,550,2,29,2,1,0.0,4.1,1,2.0,2,3,1,4,697.0,2690,3,5.0,4.0,4.0,4.0,2.0,3.0,3.0,3.0,2.0,3.0,3.0,3.0,2.0,2.0,2.0,2.0,3.0,3.0,3.0,3.0,2.0,2.0,2.0,2.0,3.0,3.0,2.0,4.0,3.0,3.0,4.0,2.0,2.0,3.0,2.0,3.0,3.0,3.0,2.0,2.0,1.0,1.0,2.0,2.0,2.0,2.0,4.0,4.0,3.0,3.0,4.0,3.0,2.0,4.0,3.0,3.0,4.0,3.0,3.0,3.0,4.0,3.0,4.0,3.0,3.0,4.0,3.0,3.0,3.0,3.0,3.0,2.0,1.0,2.0,2.0,1.0,2.0,5.0,3.0,2.0,3.0,3.0,3.0,4.0,4.0,2.0,1.0,2.0,2.0,3.0,3.0,2.0,4.0,3.0,3.0,2.0,4.0,3.0,3.0,3.0,3.0,3.0,2.0,3.0,2.0,4.0,4.0,4.0,3.0,3.0,2.0,1.0,1.0,2.0,3.0,3.0,3.0,3.0,2.0,2.0,3.0,1.0,1.0,0.0,20.0,0.0,4.25,3.25,2.75,4.0,3.0,4.0,3.5416666666666665,3.0,2.8,3.0,1.6,2.6,3.0,3.25,3.0,3.25,3.125,3.5,3.25,2.75,3.1666666666666665,1.75,1.75,3.4,3.4,1.6666666666666667,1.6666666666666667,2.5,2.5,3.0,3.0
R0439,ORG43,0,,1191,2,29,3,2,3.3,4.6,1,2.0,2,1,1,2,350.0,2703,4,5.0,4.0,3.0,5.0,4.0,3.0,3.0,1.0,5.0,5.0,4.0,4.0,2.0,2.0,1.0,2.0,4.0,5.0,4.0,5.0,2.0,3.0,3.0,3.0,,4.0,4.0,5.0,5.0,4.0,5.0,5.0,5.0,4.0,4.0,4.0,5.0,5.0,2.0,5.0,5.0,4.0,5.0,5.0,5.0,3.0,4.0,5.0,5.0,3.0,5.0,4.0,4.0,5.0,5.0,5.0,5.0,5.0,5.0,5.0,4.0,4.0,5.0,3.0,4.0,5.0,4.0,5.0,5.0,4.0,3.0,3.0,5.0,4.0,5.0,4.0,5.0,1.0,5.0,4.0,2.0,4.0,5.0,3.0,2.0,3.0,5.0,4.0,5.0,5.0,4.0,5.0,4.0,3.0,2.0,4.0,5.0,4.0,5.0,4.0,4.0,5.0,5.0,4.0,4.0,3.0,4.0,2.0,4.0,4.0,4.0,3.0,4.0,3.0,3.0,3.0,3.0,5.0,5.0,4.0,2.0,2.0,3.0,1.0,1.6,1.0,4.25,3.25,4.5,4.25,4.5,3.25,4.0,4.5,4.6,4.4,4.8,4.578947368421052,4.25,4.25,4.75,5.0,4.5625,4.0,4.5,3.75,4.083333333333333,4.625,4.625,3.2,3.1999999999999997,4.0,4.0,4.75,4.75,3.25,3.25
R0440,ORG43,0,,1503,2,26,3,2,3.6,5.4,1,2.0,1,3,1,9,268.0,2703,4,4.0,3.0,3.0,3.0,3.0,4.0,4.0,3.0,3.0,4.0,2.0,3.0,2.0,1.0,3.0,4.0,3.0,3.0,3.0,4.0,4.0,3.0,2.0,4.0,4.0,5.0,4.0,5.0,4.0,4.0,4.0,5.0,3.0,4.0,4.0,,4.0,5.0,3.0,5.0,4.0,4.0,5.0,5.0,2.0,3.0,3.0,3.0,5.0,5.0,4.0,4.0,3.0,2.0,3.0,4.0,3.0,4.0,3.0,3.0,2.0,2.0,1.0,3.0,3.0,3.0,2.0,2.0,2.0,3.0,3.0,1.0,5.0,5.0,4.0,5.0,5.0,1.0,4.0,4.0,2.0,3.0,3.0,2.0,3.0,4.0,4.0,4.0,3.0,3.0,3.0,3.0,2.0,4.0,3.0,3.0,5.0,3.0,4.0,3.0,2.0,3.0,3.0,4.0,4.0,,,,,,,,,,,,,,,,,,,0.0,1.1,1.0,3.25,2.5,3.0,3.5,3.25,2.75,3.0416666666666665,4.4,4.0,4.0,4.6,4.2631578947368425,2.75,4.5,3.0,3.25,3.375,2.0,2.5,2.25,2.25,4.625,4.625,2.6,2.6,4.0,4.0,3.0,3.0,3.0,3.0
R0441,ORG43,0,,846,1,22,4,2,1.4,1.7,0,21.0,1,1,1,3,393.0,2703,4,4.0,4.0,4.0,5.0,3.0,3.0,3.0,4.0,4.0,4.0,3.0,3.0,2.0,2.0,3.0,3.0,4.0,3.0,4.0,3.0,4.0,4.0,4.0,4.0,5.0,4.0,3.0,4.0,3.0,5.0,4.0,4.0,4.0,4.0,4.0,4.0,5.0,4.0,4.0,3.0,3.0,4.0,2.0,4.0,3.0,3.0,3.0,4.0,4.0,2.0,3.0,4.0,3.0,3.0,3.0,3.0,3.0,3.0,3.0,4.0,3.0,3.0,3.0,3.0,4.0,5.0,5.0,5.0,5.0,5.0,4.0,4.0,3.0,3.0,3.0,3.0,3.0,3.0,3.0,2.0,3.0,5.0,5.0,5.0,3.0,4.0,3.0,3.0,3.0,3.0,4.0,3.0,4.0,2.0,3.0,3.0,2.0,3.0,4.0,5.0,5.0,4.0,3.0,4.0,3.0,4.0,4.0,4.0,5.0,5.0,5.0,4.0,2.0,3.0,4.0,4.0,4.0,5.0,5.0,5.0,2.0,3.0,2.0,0.0,34.4,0.0,4.25,2.75,3.5,3.5,3.5,2.0,3.25,3.8,4.2,3.8,3.2,3.75,3.25,3.25,3.0,3.25,3.1875,3.0,4.75,4.5,4.083333333333333,2.875,2.875,4.2,4.2,3.3333333333333335,3.3333333333333335,3.25,3.25,3.0,3.0
R0442,ORG43,0,,727,2,30,3,2,1.4,5.0,0,2.0,2,1,1,4,393.0,2703,4,2.0,3.0,2.0,2.0,4.0,4.0,4.0,4.0,4.0,3.0,3.0,3.0,3.0,3.0,2.0,4.0,2.0,1.0,2.0,3.0,3.0,3.0,3.0,2.0,2.0,2.0,2.0,3.0,2.0,,3.0,4.0,3.0,3.0,2.0,2.0,2.0,2.0,3.0,3.0,3.0,2.0,2.0,2.0,2.0,3.0,4.0,2.0,1.0,3.0,3.0,1.0,3.0,1.0,2.0,2.0,1.0,1.0,2.0,2.0,5.0,3.0,4.0,3.0,4.0,4.0,3.0,4.0,4.0,3.0,4.0,4.0,1.0,3.0,1.0,3.0,2.0,4.0,2.0,3.0,4.0,5.0,3.0,5.0,3.0,5.0,5.0,5.0,3.0,1.0,3.0,2.0,4.0,4.0,3.0,4.0,2.0,2.0,3.0,3.0,3.0,3.0,5.0,5.0,5.0,1.0,2.0,1.0,3.0,2.0,3.0,4.0,4.0,4.0,3.0,2.0,2.0,3.0,4.0,4.0,4.0,5.0,5.0,1.0,2.1,1.0,2.25,2.0,3.25,3.0,2.0,3.25,2.625,2.2,3.25,2.2,2.4,2.473684210526316,2.75,2.0,2.0,1.5,2.0625,3.75,3.75,3.75,3.75,2.125,2.125,4.0,4.0,5.0,5.0,2.25,2.25,3.75,3.75
R0443,ORG43,0,,650,2,25,3,1,1.2,3.2,1,0.0,2,1,1,4,180.0,2703,4,3.0,3.0,3.0,3.0,2.0,3.0,2.0,4.0,4.0,3.0,3.0,4.0,3.0,3.0,2.0,3.0,4.0,4.0,4.0,3.0,3.0,2.0,2.0,3.0,3.0,4.0,2.0,4.0,4.0,4.0,4.0,3.0,5.0,3.0,5.0,5.0,5.0,4.0,1.0,5.0,3.0,4.0,5.0,5.0,3.0,4.0,5.0,4.0,4.0,4.0,4.0,4.0,4.0,3.0,5.0,5.0,4.0,5.0,5.0,4.0,4.0,3.0,5.0,3.0,5.0,4.0,4.0,4.0,5.0,3.0,5.0,4.0,5.0,5.0,5.0,4.0,5.0,1.0,5.0,4.0,5.0,5.0,4.0,5.0,4.0,4.0,5.0,4.0,5.0,5.0,5.0,4.0,3.0,4.0,3.0,3.0,5.0,5.0,5.0,4.0,4.0,4.0,5.0,3.0,4.0,4.0,3.0,4.0,5.0,4.0,5.0,4.0,4.0,5.0,4.0,4.0,4.0,5.0,3.0,3.0,2.0,2.0,2.0,1.0,3.1,1.0,3.0,3.25,3.5,3.25,3.75,3.5,3.375,3.4,3.8,4.8,4.4,4.1,4.0,4.0,4.25,4.5,4.1875,3.75,4.25,4.25,4.083333333333333,4.75,4.75,4.6,4.6000000000000005,4.333333333333333,4.333333333333333,4.75,4.75,3.25,3.25
R0445,ORG44,0,,782,2,22,4,2,0.4,7.7,2,0.0,1,1,1,1,,2343,4,4.0,4.0,3.0,4.0,4.0,4.0,4.0,3.0,4.0,5.0,4.0,4.0,2.0,2.0,3.0,2.0,5.0,4.0,4.0,4.0,2.0,2.0,2.0,3.0,5.0,4.0,4.0,4.0,4.0,3.0,4.0,3.0,4.0,4.0,5.0,4.0,4.0,4.0,2.0,4.0,3.0,3.0,4.0,4.0,2.0,1.0,2.0,3.0,4.0,4.0,4.0,3.0,3.0,4.0,3.0,3.0,3.0,3.0,4.0,3.0,3.0,3.0,4.0,3.0,5.0,4.0,4.0,5.0,3.0,5.0,5.0,3.0,5.0,3.0,4.0,4.0,2.0,2.0,3.0,4.0,5.0,4.0,4.0,5.0,5.0,3.0,3.0,3.0,4.0,4.0,5.0,5.0,3.0,4.0,4.0,4.0,4.0,5.0,4.0,5.0,4.0,4.0,4.0,3.0,4.0,3.0,3.0,4.0,4.0,3.0,4.0,3.0,4.0,3.0,5.0,4.0,4.0,3.0,3.0,4.0,4.0,5.0,4.0,0.0,3.9,1.0,3.75,2.25,4.25,3.75,4.25,3.75,3.6666666666666665,4.2,3.6,4.2,3.6,3.9,2.0,3.75,3.25,3.25,3.0625,3.25,4.5,4.0,3.9166666666666665,3.625,3.625,4.6,4.6000000000000005,3.0,3.0,4.5,4.5,3.75,3.75
R0446,ORG44,0,,1199,2,31,5,1,2.2,2.8,0,0.0,1,1,2,6,244.0,2343,4,3.0,3.0,3.0,4.0,2.0,3.0,3.0,4.0,4.0,4.0,4.0,3.0,4.0,3.0,4.0,3.0,2.0,3.0,1.0,3.0,3.0,2.0,4.0,2.0,2.0,3.0,2.0,3.0,2.0,1.0,1.0,2.0,2.0,2.0,3.0,3.0,4.0,2.0,3.0,2.0,2.0,3.0,2.0,3.0,4.0,3.0,4.0,4.0,3.0,2.0,2.0,2.0,3.0,3.0,3.0,2.0,1.0,2.0,3.0,2.0,2.0,3.0,3.0,3.0,2.0,3.0,3.0,2.0,3.0,2.0,2.0,1.0,2.0,2.0,3.0,2.0,2.0,3.0,3.0,3.0,2.0,3.0,2.0,2.0,2.0,4.0,5.0,4.0,3.0,3.0,,3.0,4.0,5.0,4.0,4.0,2.0,3.0,2.0,2.0,2.0,3.0,3.0,4.0,3.0,4.0,3.0,5.0,2.0,2.0,2.0,4.0,2.0,3.0,4.0,4.0,3.0,3.0,2.0,2.0,3.0,4.0,3.0,1.0,34.7,0.0,3.25,3.0,3.75,2.5,2.25,3.25,3.0,2.4,1.6,3.0,2.4,2.35,3.75,2.25,2.75,2.0,2.6875,2.75,2.5,2.0,2.4166666666666665,2.5,2.5,2.2,2.1999999999999997,4.333333333333333,4.333333333333333,3.0,3.0,4.25,4.25
R0447,ORG44,0,,501,2,32,3,1,2.4,3.9,2,2.0,2,1,1,10,145.0,2343,4,3.0,3.0,3.0,3.0,4.0,4.0,4.0,3.0,4.0,4.0,2.0,3.0,3.0,2.0,2.0,4.0,2.0,3.0,3.0,3.0,3.0,3.0,4.0,3.0,2.0,3.0,3.0,2.0,2.0,3.0,3.0,3.0,2.0,3.0,2.0,2.0,3.0,2.0,4.0,2.0,5.0,3.0,3.0,3.0,4.0,3.0,3.0,4.0,3.0,2.0,1.0,2.0,3.0,2.0,2.0,3.0,3.0,2.0,2.0,2.0,1.0,3.0,3.0,3.0,3.0,3.0,2.0,2.0,2.0,1.0,2.0,2.0,2.0,2.0,4.0,3.0,3.0,4.0,2.0,1.0,3.0,4.0,3.0,3.0,1.0,3.0,4.0,4.0,3.0,2.0,2.0,1.0,5.0,4.0,5.0,5.0,2.0,3.0,3.0,2.0,2.0,2.0,3.0,4.0,3.0,4.0,4.0,4.0,2.0,1.0,1.0,3.0,3.0,4.0,2.0,4.0,3.0,1.0,2.0,2.0,3.0,5.0,4.0,1.0,1.0,1.0,3.0,2.25,3.25,3.25,2.75,2.75,2.875,2.4,2.8,2.2,3.2,2.65,3.5,2.0,2.5,2.25,2.5625,2.5,2.5,1.75,2.25,2.375,2.375,2.8,2.8000000000000003,3.6666666666666665,3.6666666666666665,2.0,2.0,4.75,4.75
R0448,ORG44,0,,548,1,24,3,1,3.2,4.4,3,1.0,2,1,1,10,531.0,2343,4,4.0,2.0,2.0,3.0,3.0,4.0,5.0,3.0,2.0,2.0,2.0,3.0,3.0,3.0,3.0,3.0,5.0,5.0,5.0,4.0,4.0,3.0,3.0,3.0,3.0,2.0,4.0,4.0,3.0,2.0,3.0,2.0,4.0,4.0,5.0,5.0,4.0,4.0,3.0,5.0,4.0,4.0,3.0,1.0,3.0,3.0,4.0,3.0,2.0,2.0,1.0,1.0,3.0,4.0,3.0,4.0,3.0,3.0,4.0,4.0,4.0,4.0,4.0,4.0,4.0,4.0,3.0,4.0,4.0,4.0,3.0,4.0,3.0,2.0,2.0,3.0,2.0,2.0,3.0,3.0,2.0,3.0,2.0,3.0,3.0,3.0,3.0,2.0,3.0,2.0,3.0,4.0,1.0,3.0,4.0,2.0,3.0,4.0,3.0,2.0,3.0,3.0,3.0,3.0,2.0,4.0,3.0,2.0,4.0,3.0,3.0,3.0,4.0,2.0,2.0,2.0,3.0,2.0,3.0,2.0,2.0,1.0,2.0,0.0,14.5,1.0,2.75,2.25,2.25,3.0,4.75,2.75,2.9583333333333335,3.2,3.0,4.2,3.4,3.45,3.25,1.5,3.5,3.5,2.9375,4.0,3.75,3.75,3.8333333333333335,2.75,2.75,2.6,2.6,2.6666666666666665,2.6666666666666665,3.0,3.0,2.5,2.5
R0449,ORG44,0,,966,1,37,4,2,4.4,8.7,1,2.0,1,1,1,1,581.0,2343,4,4.0,4.0,3.0,5.0,4.0,5.0,5.0,5.0,2.0,3.0,4.0,2.0,5.0,4.0,4.0,5.0,4.0,3.0,3.0,2.0,5.0,4.0,3.0,3.0,2.0,2.0,1.0,2.0,1.0,2.0,1.0,2.0,3.0,2.0,2.0,2.0,2.0,2.0,5.0,3.0,3.0,3.0,2.0,2.0,4.0,3.0,2.0,2.0,4.0,5.0,3.0,4.0,3.0,3.0,3.0,3.0,3.0,3.0,2.0,,2.0,2.0,2.0,2.0,3.0,3.0,4.0,4.0,3.0,2.0,2.0,2.0,2.0,2.0,3.0,3.0,3.0,4.0,2.0,4.0,3.0,3.0,4.0,3.0,3.0,4.0,3.0,4.0,3.0,3.0,3.0,3.0,4.0,4.0,5.0,3.0,3.0,2.0,3.0,2.0,2.0,2.0,4.0,4.0,3.0,3.0,3.0,3.0,3.0,3.0,1.0,4.0,4.0,4.0,2.0,3.0,2.0,2.0,1.0,2.0,4.0,2.0,3.0,1.0,6.0,1.0,4.0,1.25,2.75,1.5,3.0,2.25,2.4583333333333335,1.6,2.0,1.8,2.6,2.0,2.75,4.0,3.0,2.6666666666666665,3.1333333333333333,2.0,3.5,2.25,2.5833333333333335,2.625,2.625,3.2,3.1999999999999997,3.6666666666666665,3.6666666666666665,3.0,3.0,4.0,4.0
R0450,ORG44,0,,1287,1,31,1,1,0.7,3.1,2,1.0,2,3,1,5,177.0,2343,4,5.0,4.0,5.0,4.0,2.0,2.0,2.0,3.0,4.0,3.0,3.0,3.0,3.0,4.0,1.0,2.0,4.0,4.0,3.0,3.0,3.0,4.0,4.0,3.0,3.0,2.0,2.0,4.0,3.0,4.0,3.0,5.0,5.0,4.0,4.0,3.0,2.0,4.0,2.0,4.0,5.0,3.0,3.0,3.0,5.0,4.0,3.0,3.0,5.0,4.0,4.0,4.0,3.0,3.0,5.0,4.0,4.0,4.0,4.0,5.0,3.0,2.0,3.0,3.0,4.0,5.0,3.0,4.0,4.0,4.0,4.0,4.0,2.0,3.0,4.0,2.0,3.0,2.0,2.0,4.0,3.0,1.0,3.0,2.0,2.0,4.0,3.0,2.0,5.0,5.0,4.0,5.0,3.0,5.0,5.0,3.0,3.0,3.0,5.0,4.0,4.0,3.0,3.0,3.0,3.0,,,,,,,,,,,,,,,,,,,0.0,17.3,0.0,4.5,3.75,3.25,3.5,3.5,2.5,3.5,2.8,4.2,3.4,3.6,3.5,3.75,4.25,3.75,4.25,4.0,2.75,4.0,4.0,3.5833333333333335,3.0,3.0,2.2,2.1999999999999997,3.0,3.0,4.75,4.75,4.0,4.0
R0451,ORG44,0,,973,2,24,5,2,3.9,6.1,0,2.0,3,1,1,6,142.0,2343,4,3.0,5.0,3.0,4.0,3.0,2.0,3.0,4.0,4.0,3.0,4.0,3.0,3.0,4.0,4.0,3.0,3.0,3.0,3.0,2.0,4.0,3.0,3.0,3.0,1.0,4.0,2.0,2.0,2.0,1.0,3.0,3.0,3.0,3.0,2.0,2.0,2.0,3.0,3.0,1.0,2.0,1.0,2.0,2.0,3.0,3.0,4.0,2.0,2.0,3.0,2.0,3.0,4.0,3.0,4.0,3.0,4.0,3.0,3.0,2.0,5.0,3.0,4.0,4.0,4.0,5.0,3.0,4.0,3.0,3.0,4.0,4.0,3.0,3.0,2.0,3.0,3.0,3.0,2.0,4.0,3.0,3.0,3.0,2.0,2.0,3.0,3.0,2.0,3.0,2.0,2.0,3.0,3.0,4.0,4.0,2.0,4.0,3.0,2.0,3.0,3.0,3.0,3.0,4.0,3.0,3.0,4.0,3.0,4.0,3.0,4.0,4.0,3.0,3.0,3.0,3.0,2.0,4.0,4.0,3.0,3.0,4.0,3.0,1.0,3.7,1.0,3.75,3.0,3.5,2.5,2.75,2.75,3.0416666666666665,2.2,2.6,2.4,1.6,2.2,3.0,2.5,3.5,3.0,3.0,4.0,4.0,3.5,3.8333333333333335,2.875,2.875,2.6,2.6,2.6666666666666665,2.6666666666666665,2.5,2.5,3.25,3.25
R0452,ORG44,0,,1295,1,41,2,1,5.0,11.5,2,0.0,2,1,1,7,251.0,2343,4,4.0,3.0,3.0,3.0,3.0,3.0,4.0,3.0,2.0,3.0,1.0,3.0,4.0,2.0,3.0,2.0,3.0,3.0,3.0,3.0,3.0,3.0,4.0,3.0,4.0,4.0,4.0,4.0,4.0,5.0,4.0,5.0,3.0,5.0,4.0,4.0,3.0,3.0,3.0,4.0,4.0,3.0,3.0,3.0,4.0,5.0,3.0,3.0,3.0,4.0,3.0,3.0,4.0,3.0,3.0,2.0,4.0,4.0,3.0,4.0,3.0,4.0,5.0,5.0,4.0,5.0,4.0,5.0,4.0,4.0,5.0,5.0,3.0,3.0,4.0,4.0,4.0,3.0,4.0,4.0,2.0,1.0,3.0,3.0,3.0,3.0,3.0,3.0,3.0,2.0,4.0,3.0,3.0,5.0,1.0,1.0,4.0,4.0,4.0,4.0,4.0,4.0,4.0,3.0,3.0,3.0,3.0,4.0,4.0,4.0,4.0,3.0,4.0,4.0,3.0,3.0,2.0,3.0,4.0,4.0,4.0,4.0,4.0,0.0,33.9,0.0,3.25,2.75,2.25,3.25,3.0,2.75,2.875,4.0,4.4,3.4,3.4,3.8,3.75,3.25,3.0,3.75,3.4375,4.25,4.5,4.5,4.416666666666667,3.625,3.625,2.4,2.4,3.0,3.0,3.0,3.0,2.5,2.5
R0453,ORG45,0,,650,1,35,3,1,3.5,12.6,2,1.0,1,3,2,4,134.0,1371,5,3.0,3.0,2.0,4.0,2.0,3.0,2.0,2.0,5.0,3.0,3.0,3.0,3.0,3.0,3.0,3.0,5.0,4.0,4.0,4.0,4.0,4.0,3.0,4.0,4.0,4.0,4.0,5.0,4.0,3.0,4.0,3.0,4.0,3.0,5.0,3.0,4.0,2.0,3.0,2.0,3.0,2.0,3.0,2.0,3.0,3.0,3.0,3.0,2.0,2.0,2.0,1.0,3.0,2.0,3.0,3.0,2.0,2.0,1.0,2.0,3.0,3.0,4.0,3.0,2.0,3.0,3.0,3.0,2.0,3.0,3.0,2.0,2.0,4.0,2.0,,3.0,4.0,2.0,4.0,2.0,3.0,3.0,3.0,2.0,3.0,4.0,4.0,3.0,3.0,3.0,3.0,4.0,2.0,2.0,4.0,2.0,4.0,3.0,3.0,3.0,3.0,5.0,4.0,4.0,4.0,3.0,3.0,4.0,2.0,2.0,3.0,3.0,3.0,4.0,3.0,4.0,2.0,2.0,3.0,5.0,4.0,4.0,0.0,2.0,1.0,3.0,3.75,3.5,3.0,4.25,2.25,3.2916666666666665,4.2,3.4,3.4,2.4,3.35,3.0,1.75,2.75,1.75,2.3125,3.25,2.75,2.5,2.8333333333333335,2.7142857142857144,2.7142857142857144,2.6,2.6,3.6666666666666665,3.6666666666666665,3.0,3.0,3.0,3.0
R0454,ORG45,0,,1812,1,36,3,1,7.7,9.4,0,1.0,2,2,1,6,421.0,1371,5,4.0,3.0,3.0,3.0,1.0,1.0,2.0,2.0,5.0,5.0,3.0,2.0,3.0,2.0,3.0,2.0,5.0,4.0,5.0,3.0,3.0,3.0,2.0,3.0,4.0,4.0,4.0,5.0,4.0,3.0,3.0,3.0,4.0,3.0,3.0,2.0,3.0,3.0,4.0,3.0,3.0,3.0,3.0,2.0,2.0,2.0,3.0,4.0,2.0,3.0,2.0,3.0,2.0,2.0,2.0,2.0,3.0,3.0,3.0,3.0,5.0,,4.0,3.0,4.0,2.0,2.0,3.0,4.0,3.0,4.0,4.0,4.0,3.0,4.0,3.0,4.0,1.0,3.0,3.0,4.0,4.0,4.0,5.0,4.0,4.0,4.0,4.0,3.0,2.0,2.0,3.0,4.0,4.0,5.0,4.0,3.0,3.0,4.0,3.0,4.0,4.0,4.0,3.0,4.0,3.0,2.0,3.0,3.0,3.0,3.0,3.0,3.0,3.0,3.0,4.0,3.0,2.0,4.0,3.0,3.0,3.0,3.0,0.0,15.5,0.0,3.25,4.5,3.75,3.5,4.25,3.25,3.75,4.2,3.2,2.6,2.8,3.2,2.75,2.5,2.0,3.0,2.5625,4.0,2.75,3.75,3.4545454545454546,3.625,3.625,4.2,4.2,4.0,4.0,2.5,2.5,4.25,4.25
R0455,ORG45,0,,1049,2,36,3,1,2.3,5.6,1,0.0,2,1,1,8,449.0,1371,5,5.0,4.0,4.0,3.0,2.0,3.0,3.0,3.0,4.0,4.0,5.0,3.0,3.0,4.0,2.0,3.0,3.0,4.0,5.0,3.0,4.0,3.0,4.0,2.0,4.0,4.0,5.0,5.0,4.0,4.0,4.0,5.0,5.0,5.0,5.0,4.0,5.0,4.0,2.0,3.0,3.0,2.0,3.0,2.0,2.0,3.0,4.0,3.0,4.0,5.0,4.0,4.0,3.0,3.0,3.0,4.0,5.0,5.0,5.0,5.0,4.0,5.0,4.0,4.0,5.0,4.0,4.0,4.0,5.0,5.0,5.0,2.0,3.0,2.0,3.0,2.0,3.0,3.0,2.0,3.0,4.0,3.0,4.0,4.0,4.0,2.0,2.0,2.0,5.0,5.0,5.0,5.0,3.0,3.0,3.0,1.0,5.0,5.0,3.0,4.0,4.0,4.0,3.0,2.0,3.0,4.0,4.0,4.0,5.0,5.0,5.0,3.0,3.0,4.0,2.0,3.0,3.0,3.0,4.0,4.0,2.0,3.0,2.0,0.0,17.5,0.0,4.0,3.25,4.0,3.0,3.75,2.75,3.4583333333333335,4.4,4.6,4.4,2.6,4.0,3.0,4.25,3.25,5.0,3.875,4.25,4.25,4.25,4.25,2.625,2.625,3.8,3.8000000000000003,2.0,2.0,5.0,5.0,2.5,2.5
R0456,ORG45,0,,842,2,32,2,1,0.7,4.4,1,1.0,2,2,1,5,272.0,1371,5,3.0,4.0,3.0,3.0,3.0,3.0,3.0,4.0,2.0,2.0,3.0,3.0,3.0,5.0,4.0,5.0,4.0,3.0,3.0,3.0,3.0,4.0,3.0,3.0,3.0,3.0,3.0,3.0,3.0,3.0,3.0,3.0,2.0,2.0,4.0,3.0,3.0,3.0,4.0,2.0,4.0,2.0,3.0,2.0,3.0,4.0,4.0,4.0,4.0,5.0,5.0,5.0,4.0,4.0,3.0,3.0,4.0,4.0,5.0,3.0,5.0,3.0,4.0,4.0,3.0,4.0,5.0,5.0,3.0,4.0,4.0,4.0,4.0,4.0,4.0,4.0,5.0,2.0,4.0,5.0,4.0,2.0,3.0,2.0,2.0,4.0,4.0,3.0,5.0,4.0,3.0,4.0,3.0,3.0,3.0,2.0,4.0,3.0,4.0,4.0,4.0,4.0,5.0,5.0,4.0,4.0,3.0,3.0,4.0,3.0,4.0,4.0,4.0,5.0,4.0,4.0,3.0,3.0,3.0,4.0,4.0,3.0,3.0,0.0,28.0,0.0,3.25,2.75,2.5,1.75,3.25,2.75,2.7083333333333335,3.0,2.6,3.0,2.6,2.8,3.75,4.75,3.5,4.0,4.0,4.0,4.25,3.75,4.0,4.25,4.25,2.6,2.6,3.6666666666666665,3.6666666666666665,4.0,4.0,2.75,2.75
R0457,ORG45,0,,492,1,33,3,1,2.2,3.2,3,1.0,3,1,1,4,169.0,1371,5,3.0,3.0,3.0,3.0,3.0,3.0,3.0,3.0,3.0,4.0,3.0,5.0,2.0,4.0,4.0,3.0,3.0,3.0,5.0,3.0,4.0,3.0,3.0,3.0,4.0,3.0,3.0,4.0,3.0,3.0,5.0,4.0,4.0,4.0,3.0,3.0,3.0,2.0,4.0,5.0,3.0,3.0,4.0,5.0,4.0,3.0,4.0,3.0,3.0,3.0,3.0,2.0,2.0,3.0,3.0,3.0,4.0,3.0,3.0,4.0,4.0,4.0,5.0,4.0,3.0,4.0,4.0,4.0,4.0,3.0,3.0,2.0,2.0,5.0,4.0,2.0,3.0,5.0,2.0,3.0,2.0,3.0,2.0,2.0,4.0,3.0,2.0,2.0,3.0,4.0,3.0,3.0,3.0,4.0,2.0,3.0,4.0,3.0,3.0,3.0,5.0,2.0,3.0,3.0,3.0,3.0,3.0,4.0,3.0,4.0,2.0,2.0,2.0,2.0,3.0,3.0,4.0,4.0,3.0,3.0,3.0,3.0,3.0,0.0,25.7,0.0,3.0,3.0,3.75,2.75,3.5,2.75,3.125,3.4,4.0,2.6,4.0,3.5,3.5,2.75,2.75,3.5,3.125,4.25,3.75,3.0,3.6666666666666665,2.75,2.75,2.6,2.6,2.3333333333333335,2.3333333333333335,3.25,3.25,3.0,3.0
R0458,ORG45,0,,734,2,36,2,1,5.7,7.1,0,3.0,4,1,1,7,353.0,1371,5,2.0,3.0,3.0,3.0,4.0,4.0,3.0,3.0,3.0,3.0,2.0,2.0,3.0,2.0,4.0,3.0,2.0,3.0,3.0,3.0,2.0,3.0,3.0,3.0,2.0,2.0,2.0,2.0,1.0,2.0,2.0,2.0,2.0,3.0,3.0,3.0,3.0,4.0,3.0,1.0,3.0,2.0,2.0,2.0,3.0,3.0,4.0,2.0,3.0,3.0,2.0,3.0,3.0,3.0,3.0,3.0,4.0,3.0,3.0,2.0,4.0,3.0,3.0,3.0,3.0,2.0,3.0,2.0,2.0,3.0,2.0,3.0,3.0,2.0,3.0,3.0,3.0,3.0,3.0,4.0,1.0,2.0,1.0,3.0,3.0,3.0,2.0,4.0,3.0,3.0,3.0,4.0,4.0,4.0,5.0,3.0,3.0,4.0,4.0,3.0,2.0,3.0,3.0,4.0,3.0,3.0,3.0,4.0,2.0,2.0,3.0,2.0,4.0,2.0,,,,,,,,,,0.0,0.2,1.0,2.75,2.5,2.5,3.0,2.75,3.25,2.7916666666666665,1.8,2.2,3.2,2.0,2.3,3.0,2.75,3.0,3.0,2.9375,3.25,2.5,2.5,2.75,3.0,3.0,2.0,2.0,3.0,3.0,3.25,3.25,4.0,4.0
R0459,ORG45,0,,600,1,29,3,1,0.8,1.3,0,3.0,3,1,1,1,184.0,1371,5,2.0,4.0,3.0,4.0,4.0,3.0,4.0,,3.0,4.0,4.0,3.0,3.0,3.0,3.0,4.0,3.0,2.0,4.0,4.0,3.0,2.0,3.0,2.0,3.0,4.0,4.0,4.0,3.0,4.0,4.0,5.0,4.0,3.0,3.0,4.0,3.0,4.0,2.0,4.0,4.0,3.0,4.0,3.0,4.0,3.0,4.0,4.0,4.0,3.0,4.0,4.0,3.0,3.0,1.0,2.0,4.0,3.0,4.0,3.0,3.0,3.0,5.0,4.0,4.0,4.0,5.0,5.0,5.0,5.0,5.0,3.0,4.0,4.0,4.0,4.0,4.0,3.0,3.0,5.0,2.0,3.0,3.0,3.0,4.0,4.0,4.0,3.0,3.0,3.0,3.0,2.0,2.0,4.0,4.0,2.0,5.0,4.0,4.0,5.0,4.0,4.0,2.0,4.0,4.0,4.0,4.0,4.0,5.0,5.0,5.0,5.0,3.0,4.0,3.0,4.0,3.0,4.0,4.0,3.0,3.0,2.0,3.0,1.0,20.8,0.0,3.25,2.3333333333333335,3.5,2.75,3.25,3.5,3.130434782608696,3.6,4.0,3.6,3.6,3.7,3.75,3.75,2.25,3.5,3.3125,3.75,4.5,4.5,4.25,3.875,3.875,3.0,3.0,3.6666666666666665,3.6666666666666665,2.75,2.75,3.0,3.0
R0460,ORG45,0,,806,1,28,2,1,0.2,2.2,1,3.0,3,1,2,6,312.0,1371,5,3.0,4.0,2.0,3.0,3.0,5.0,4.0,5.0,3.0,4.0,3.0,3.0,3.0,4.0,4.0,3.0,4.0,3.0,2.0,3.0,4.0,4.0,3.0,4.0,2.0,4.0,3.0,3.0,2.0,3.0,3.0,4.0,2.0,3.0,4.0,4.0,4.0,4.0,2.0,2.0,3.0,3.0,2.0,3.0,4.0,4.0,3.0,4.0,3.0,3.0,3.0,2.0,4.0,3.0,4.0,3.0,3.0,4.0,3.0,2.0,2.0,4.0,3.0,4.0,3.0,1.0,3.0,3.0,3.0,4.0,3.0,3.0,2.0,2.0,3.0,3.0,4.0,4.0,2.0,4.0,3.0,5.0,4.0,5.0,4.0,5.0,5.0,5.0,4.0,3.0,4.0,2.0,4.0,5.0,3.0,4.0,3.0,4.0,3.0,3.0,4.0,4.0,5.0,4.0,5.0,4.0,4.0,4.0,4.0,4.0,4.0,5.0,4.0,4.0,4.0,3.0,4.0,3.0,4.0,3.0,3.0,4.0,3.0,1.0,0.4,1.0,3.0,1.75,3.25,2.5,3.0,2.25,2.625,2.8,3.0,4.0,2.6,3.1,3.75,2.75,3.5,3.0,3.25,3.25,2.5,3.25,3.0,2.75,2.75,4.2,4.2,5.0,5.0,3.25,3.25,4.0,4.0
R0462,ORG46,0,,1031,1,39,3,2,1.8,2.9,1,0.0,1,1,1,9,584.0,2198,5,4.0,4.0,4.0,4.0,4.0,4.0,4.0,4.0,4.0,4.0,4.0,4.0,4.0,4.0,4.0,4.0,4.0,4.0,4.0,4.0,4.0,4.0,4.0,4.0,4.0,4.0,4.0,4.0,4.0,4.0,,4.0,4.0,4.0,4.0,4.0,4.0,4.0,4.0,4.0,4.0,4.0,4.0,4.0,4.0,4.0,4.0,4.0,4.0,4.0,4.0,4.0,4.0,4.0,4.0,4.0,4.0,4.0,4.0,4.0,4.0,4.0,4.0,4.0,4.0,4.0,4.0,4.0,4.0,4.0,4.0,4.0,4.0,4.0,4.0,4.0,4.0,4.0,4.0,4.0,4.0,4.0,4.0,4.0,,4.0,4.0,4.0,4.0,4.0,4.0,4.0,4.0,4.0,4.0,4.0,5.0,4.0,3.0,4.0,4.0,4.0,4.0,5.0,4.0,4.0,5.0,4.0,3.0,4.0,4.0,5.0,3.0,4.0,4.0,5.0,5.0,3.0,2.0,3.0,3.0,4.0,4.0,0.0,5.1,1.0,4.0,2.0,4.0,2.0,4.0,2.0,3.0,4.0,4.0,3.6,4.0,3.8947368421052633,4.0,4.0,4.0,4.0,4.0,4.0,4.0,4.0,4.0,3.75,3.75,4.0,4.0,4.0,4.0,4.0,4.0,4.0,4.0
R0463,ORG46,0,,936,1,30,3,1,2.2,5.7,1,0.0,3,3,1,3,161.0,2198,5,5.0,5.0,4.0,4.0,3.0,3.0,3.0,3.0,3.0,4.0,4.0,3.0,4.0,3.0,4.0,4.0,4.0,3.0,4.0,3.0,3.0,3.0,2.0,3.0,2.0,3.0,4.0,2.0,1.0,3.0,3.0,4.0,4.0,3.0,4.0,4.0,3.0,3.0,2.0,4.0,4.0,4.0,3.0,3.0,4.0,3.0,4.0,4.0,4.0,3.0,4.0,3.0,3.0,4.0,4.0,4.0,4.0,4.0,4.0,3.0,2.0,3.0,2.0,2.0,3.0,2.0,,3.0,2.0,3.0,1.0,2.0,3.0,3.0,3.0,3.0,3.0,4.0,2.0,4.0,1.0,1.0,3.0,2.0,2.0,4.0,3.0,2.0,2.0,1.0,3.0,2.0,4.0,1.0,2.0,2.0,2.0,2.0,3.0,2.0,2.0,2.0,4.0,4.0,4.0,2.0,2.0,3.0,2.0,2.0,2.0,4.0,4.0,4.0,3.0,4.0,2.0,3.0,2.0,3.0,4.0,4.0,3.0,0.0,5.9,1.0,4.5,3.0,3.5,2.25,3.5,3.25,3.3333333333333335,2.4,3.4,3.6,3.6,3.25,3.75,3.5,3.75,3.75,3.6875,2.25,2.6666666666666665,2.0,2.272727272727273,2.875,2.875,1.8,1.8,3.0,3.0,2.0,2.0,2.25,2.25
R0464,ORG46,0,,833,1,32,4,1,3.8,4.6,1,1.0,3,1,1,7,210.0,2198,5,4.0,4.0,3.0,4.0,3.0,3.0,3.0,3.0,5.0,3.0,3.0,4.0,2.0,3.0,3.0,3.0,4.0,3.0,4.0,3.0,4.0,3.0,4.0,4.0,5.0,5.0,5.0,5.0,4.0,4.0,4.0,5.0,5.0,4.0,5.0,5.0,5.0,5.0,1.0,4.0,3.0,4.0,4.0,5.0,5.0,3.0,5.0,5.0,4.0,4.0,5.0,4.0,3.0,4.0,2.0,2.0,4.0,3.0,4.0,4.0,4.0,4.0,4.0,3.0,3.0,2.0,5.0,5.0,3.0,3.0,3.0,2.0,5.0,4.0,4.0,5.0,4.0,3.0,3.0,5.0,2.0,5.0,4.0,5.0,4.0,3.0,3.0,2.0,4.0,4.0,5.0,5.0,2.0,3.0,3.0,2.0,4.0,4.0,4.0,3.0,3.0,3.0,3.0,3.0,3.0,3.0,3.0,5.0,4.0,5.0,3.0,3.0,2.0,1.0,3.0,3.0,4.0,3.0,3.0,3.0,2.0,1.0,3.0,0.0,29.1,0.0,3.75,3.0,3.75,3.25,3.5,2.25,3.25,4.8,4.4,5.0,4.0,4.55,4.5,4.25,2.75,3.75,3.8125,3.75,3.75,2.75,3.4166666666666665,4.125,4.125,4.0,4.0,2.6666666666666665,2.6666666666666665,4.5,4.5,2.5,2.5
R0465,ORG46,0,,1694,2,33,2,1,3.9,6.4,0,2.0,2,1,1,9,226.0,2198,5,4.0,2.0,3.0,3.0,5.0,5.0,3.0,4.0,4.0,4.0,3.0,3.0,4.0,3.0,3.0,4.0,3.0,3.0,3.0,2.0,3.0,4.0,2.0,3.0,1.0,2.0,2.0,2.0,2.0,2.0,2.0,3.0,4.0,3.0,2.0,3.0,3.0,3.0,2.0,2.0,1.0,2.0,3.0,1.0,4.0,4.0,2.0,4.0,3.0,3.0,3.0,3.0,3.0,3.0,3.0,3.0,4.0,3.0,4.0,2.0,1.0,2.0,3.0,3.0,2.0,1.0,2.0,3.0,3.0,3.0,2.0,3.0,3.0,2.0,3.0,2.0,3.0,,3.0,3.0,2.0,3.0,3.0,3.0,2.0,4.0,5.0,4.0,3.0,3.0,3.0,3.0,5.0,4.0,4.0,4.0,5.0,3.0,4.0,2.0,2.0,2.0,4.0,4.0,4.0,4.0,3.0,4.0,2.0,2.0,3.0,2.0,4.0,4.0,2.0,2.0,2.0,3.0,4.0,5.0,5.0,5.0,4.0,1.0,14.9,1.0,3.0,1.75,3.5,2.5,2.75,3.0,2.75,1.8,2.8,3.0,1.8,2.35,3.5,3.0,3.0,3.25,3.1875,2.25,2.0,2.75,2.3333333333333335,2.7142857142857144,2.7142857142857144,2.6,2.6,4.333333333333333,4.333333333333333,3.0,3.0,4.25,4.25
R0466,ORG46,0,,728,1,31,3,2,7.9,8.5,2,1.0,2,3,2,6,268.0,2198,5,3.0,2.0,3.0,3.0,2.0,2.0,3.0,2.0,4.0,4.0,4.0,4.0,4.0,3.0,4.0,4.0,4.0,3.0,3.0,4.0,2.0,3.0,4.0,2.0,3.0,2.0,2.0,3.0,3.0,1.0,2.0,2.0,3.0,2.0,3.0,2.0,3.0,3.0,4.0,3.0,2.0,3.0,3.0,3.0,3.0,4.0,2.0,2.0,3.0,4.0,4.0,3.0,2.0,3.0,2.0,3.0,3.0,2.0,3.0,3.0,3.0,3.0,4.0,3.0,2.0,3.0,3.0,2.0,1.0,2.0,3.0,2.0,2.0,4.0,3.0,2.0,1.0,4.0,1.0,2.0,1.0,1.0,1.0,2.0,2.0,3.0,3.0,3.0,3.0,3.0,3.0,3.0,3.0,3.0,3.0,4.0,3.0,2.0,4.0,1.0,2.0,2.0,3.0,2.0,3.0,3.0,3.0,2.0,3.0,2.0,3.0,3.0,4.0,4.0,3.0,3.0,2.0,3.0,4.0,3.0,3.0,3.0,4.0,0.0,26.9,0.0,2.75,3.75,4.0,2.25,3.5,3.25,3.25,2.6,2.0,2.6,2.8,2.5,2.75,3.5,2.5,2.75,2.875,3.25,2.5,2.0,2.5833333333333335,2.125,2.125,1.4,1.4000000000000001,3.0,3.0,3.0,3.0,3.25,3.25
R0467,ORG46,0,,917,1,30,4,1,1.1,6.8,0,0.0,1,1,1,10,170.0,2198,5,4.0,4.0,4.0,4.0,4.0,3.0,4.0,3.0,4.0,5.0,4.0,4.0,2.0,3.0,2.0,2.0,5.0,4.0,2.0,4.0,4.0,3.0,3.0,4.0,3.0,1.0,3.0,4.0,3.0,3.0,2.0,5.0,5.0,2.0,3.0,4.0,3.0,3.0,2.0,3.0,5.0,3.0,4.0,4.0,4.0,3.0,4.0,4.0,4.0,4.0,5.0,3.0,5.0,5.0,5.0,5.0,5.0,5.0,4.0,5.0,2.0,3.0,3.0,4.0,3.0,4.0,4.0,4.0,4.0,4.0,3.0,3.0,5.0,5.0,4.0,4.0,4.0,2.0,3.0,4.0,2.0,3.0,3.0,3.0,3.0,4.0,4.0,3.0,4.0,5.0,5.0,4.0,3.0,1.0,2.0,3.0,4.0,4.0,4.0,3.0,3.0,3.0,4.0,3.0,3.0,4.0,4.0,5.0,3.0,2.0,4.0,3.0,3.0,4.0,2.0,2.0,4.0,3.0,4.0,3.0,4.0,5.0,4.0,0.0,0.8,1.0,4.0,2.5,4.25,3.75,3.75,2.5,3.4583333333333335,2.8,3.4,3.4,3.8,3.35,3.75,4.0,5.0,4.75,4.375,3.0,3.75,3.5,3.4166666666666665,4.125,4.125,2.8,2.8000000000000003,3.6666666666666665,3.6666666666666665,4.5,4.5,2.25,2.25
R0468,ORG46,0,,806,1,38,3,2,8.7,13.8,1,1.0,2,3,1,10,150.0,2198,5,3.0,4.0,3.0,4.0,4.0,5.0,5.0,4.0,4.0,3.0,4.0,3.0,3.0,4.0,4.0,5.0,3.0,3.0,3.0,2.0,3.0,4.0,4.0,3.0,3.0,3.0,5.0,4.0,3.0,3.0,2.0,4.0,3.0,4.0,5.0,4.0,3.0,4.0,2.0,2.0,3.0,2.0,3.0,2.0,2.0,2.0,2.0,3.0,2.0,2.0,2.0,1.0,2.0,2.0,3.0,1.0,1.0,2.0,1.0,1.0,2.0,3.0,3.0,3.0,3.0,2.0,4.0,4.0,4.0,3.0,4.0,4.0,3.0,2.0,2.0,3.0,3.0,2.0,3.0,4.0,4.0,2.0,3.0,5.0,4.0,4.0,5.0,4.0,2.0,2.0,3.0,2.0,3.0,3.0,4.0,3.0,3.0,3.0,3.0,2.0,3.0,2.0,4.0,4.0,4.0,4.0,4.0,4.0,5.0,4.0,3.0,2.0,3.0,3.0,4.0,4.0,5.0,4.0,4.0,4.0,2.0,3.0,3.0,1.0,4.1,1.0,3.5,1.5,3.5,2.0,2.75,2.5,2.625,3.6,3.2,4.0,2.4,3.3,2.25,1.75,2.0,1.25,1.8125,2.75,3.25,3.75,3.25,3.0,3.0,3.6,3.6,4.333333333333333,4.333333333333333,2.25,2.25,3.25,3.25
