rid,sex,age,tenure_yr,PA_PA_01,PA_PA_02,PA_PA_03,PA_PA_04,PA_PA_05,PA_PA_06R,PA_PA_07,PA_PA_08,SC_SK_01,SC_SK_02,SC_SK_03,SC_SK_04,SC_SJ_01R,SC_SJ_02R,SC_SJ_03R,SC_SJ_04R,SC_CH_01,SC_CH_02,SC_CH_03,SC_CH_04,SC_IS_01R,SC_IS_02R,SC_IS_03R,SC_IS_04R,SC_MI_01,SC_MI_02,SC_MI_03,SC_MI_04,SC_OI_01R,SC_OI_02R,SC_OI_03R,SC_OI_04R,PC_EF_01,PC_EF_02,PC_EF_03,PC_EF_04,PC_EF_05,PC_HO_01,PC_HO_02,PC_HO_03,PC_HO_04,PC_HO_05,PC_RE_01,PC_RE_02,PC_RE_03,PC_RE_04,PC_RE_05R,PC_OP_01,PC_OP_02,PC_OP_03,PC_OP_04,PC_OP_05,CM_CE_01,CM_CE_02,CM_CE_03,CM_CE_04,CM_NW_01,CM_NW_02,CM_NW_03,CM_NW_04,CM_SP_01,CM_SP_02,CM_SP_03,CM_SP_04,CM_MB_01,CM_MB_02,CM_MB_03,CM_MB_04,JP_JP_01,JP_JP_02,JP_JP_03,JP_JP_04
R0001,2,31,1.9,4.0,4.0,5.0,3.0,4.0,2.0,4.0,4.0,3.0,2.0,1.0,2.0,3.0,3.0,4.0,4.0,2.0,2.0,2.0,2.0,3.0,3.0,4.0,5.0,3.0,2.0,1.0,3.0,3.0,2.0,5.0,4.0,2.0,3.0,3.0,2.0,2.0,2.0,3.0,3.0,4.0,3.0,2.0,3.0,2.0,3.0,4.0,3.0,3.0,3.0,3.0,4.0,2.0,1.0,3.0,3.0,2.0,3.0,1.0,2.0,3.0,3.0,3.0,3.0,3.0,3.0,3.0,1.0,3.0,3.0,2.0,2.0
R0002,1,32,0.8,4.0,4.0,4.0,4.0,4.0,4.0,4.0,4.0,4.0,4.0,4.0,4.0,4.0,4.0,4.0,4.0,4.0,4.0,4.0,4.0,4.0,4.0,4.0,4.0,4.0,4.0,4.0,4.0,4.0,4.0,4.0,4.0,4.0,4.0,4.0,4.0,4.0,4.0,4.0,4.0,4.0,4.0,4.0,4.0,4.0,4.0,4.0,4.0,4.0,4.0,4.0,4.0,4.0,4.0,4.0,4.0,4.0,4.0,4.0,4.0,4.0,4.0,4.0,4.0,4.0,4.0,4.0,4.0,4.0,4.0,4.0,4.0
R0003,2,35,4.2,4.0,3.0,3.0,4.0,3.0,4.0,3.0,3.0,5.0,3.0,5.0,3.0,3.0,4.0,3.0,3.0,4.0,4.0,4.0,4.0,2.0,3.0,2.0,3.0,3.0,3.0,2.0,3.0,3.0,3.0,3.0,4.0,4.0,3.0,4.0,4.0,4.0,3.0,4.0,5.0,5.0,4.0,5.0,5.0,4.0,5.0,1.0,3.0,4.0,2.0,3.0,2.0,3.0,4.0,2.0,4.0,5.0,4.0,3.0,4.0,4.0,3.0,4.0,4.0,4.0,5.0,4.0,4.0,4.0,3.0,4.0,3.0
R0004,1,34,4.7,5.0,4.0,5.0,5.0,3.0,1.0,4.0,3.0,5.0,4.0,4.0,4.0,3.0,2.0,2.0,3.0,4.0,3.0,3.0,3.0,4.0,4.0,3.0,4.0,3.0,2.0,4.0,2.0,2.0,3.0,2.0,3.0,4.0,5.0,5.0,4.0,4.0,3.0,2.0,3.0,3.0,4.0,5.0,5.0,4.0,4.0,3.0,4.0,3.0,3.0,3.0,2.0,4.0,5.0,4.0,3.0,5.0,5.0,3.0,4.0,3.0,3.0,4.0,4.0,3.0,4.0,4.0,3.0,4.0,3.0,3.0,4.0
R0005,2,28,4.2,4.0,3.0,5.0,4.0,5.0,1.0,4.0,3.0,3.0,3.0,3.0,3.0,2.0,3.0,2.0,3.0,3.0,3.0,3.0,3.0,2.0,2.0,4.0,4.0,4.0,4.0,4.0,3.0,2.0,2.0,3.0,3.0,4.0,3.0,4.0,4.0,3.0,3.0,4.0,4.0,3.0,4.0,4.0,4.0,5.0,4.0,2.0,4.0,4.0,3.0,4.0,3.0,4.0,3.0,4.0,4.0,5.0,4.0,5.0,5.0,4.0,4.0,4.0,4.0,4.0,5.0,5.0,5.0,5.0,5.0,5.0,5.0
R0006,1,38,4.9,4.0,1.0,3.0,3.0,4.0,3.0,2.0,3.0,4.0,5.0,5.0,4.0,3.0,3.0,3.0,4.0,4.0,3.0,4.0,4.0,3.0,4.0,4.0,3.0,,3.0,3.0,3.0,3.0,4.0,3.0,3.0,5.0,4.0,4.0,4.0,4.0,5.0,3.0,5.0,4.0,5.0,3.0,3.0,3.0,3.0,3.0,3.0,4.0,4.0,3.0,3.0,2.0,2.0,3.0,4.0,2.0,5.0,4.0,3.0,3.0,3.0,3.0,2.0,4.0,4.0,3.0,3.0,3.0,3.0,3.0,4.0
R0007,1,35,0.7,4.0,3.0,3.0,4.0,3.0,3.0,3.0,2.0,5.0,4.0,5.0,5.0,2.0,2.0,3.0,4.0,4.0,5.0,5.0,4.0,3.0,1.0,3.0,3.0,4.0,5.0,3.0,5.0,2.0,1.0,2.0,2.0,4.0,5.0,2.0,4.0,4.0,4.0,4.0,5.0,5.0,4.0,4.0,4.0,4.0,4.0,3.0,4.0,3.0,3.0,4.0,3.0,5.0,4.0,3.0,4.0,4.0,4.0,3.0,4.0,4.0,4.0,4.0,4.0,4.0,3.0,2.0,3.0,4.0,5.0,4.0,4.0
R0008,2,34,4.4,5.0,3.0,4.0,3.0,3.0,3.0,3.0,4.0,2.0,3.0,3.0,4.0,3.0,3.0,3.0,3.0,2.0,4.0,2.0,2.0,4.0,4.0,3.0,3.0,3.0,2.0,2.0,3.0,2.0,3.0,3.0,3.0,5.0,5.0,5.0,5.0,5.0,5.0,5.0,5.0,5.0,4.0,5.0,5.0,4.0,5.0,1.0,4.0,4.0,3.0,5.0,4.0,4.0,4.0,4.0,4.0,4.0,4.0,4.0,4.0,4.0,3.0,4.0,5.0,2.0,3.0,3.0,2.0,4.0,4.0,5.0,4.0
R0009,2,27,3.4,4.0,3.0,4.0,4.0,4.0,1.0,5.0,4.0,3.0,2.0,2.0,2.0,3.0,2.0,4.0,4.0,3.0,3.0,2.0,3.0,4.0,2.0,4.0,4.0,3.0,4.0,3.0,3.0,4.0,3.0,4.0,4.0,3.0,2.0,3.0,4.0,2.0,2.0,3.0,2.0,2.0,3.0,5.0,4.0,3.0,3.0,3.0,4.0,2.0,3.0,3.0,3.0,2.0,2.0,2.0,3.0,2.0,3.0,2.0,1.0,3.0,3.0,4.0,4.0,3.0,3.0,2.0,2.0,3.0,2.0,4.0,3.0
R0010,1,33,4.3,3.0,4.0,4.0,4.0,4.0,3.0,5.0,3.0,4.0,4.0,3.0,4.0,3.0,2.0,3.0,4.0,3.0,3.0,4.0,2.0,3.0,2.0,2.0,2.0,4.0,3.0,4.0,2.0,2.0,3.0,3.0,3.0,3.0,5.0,3.0,4.0,3.0,4.0,3.0,3.0,3.0,3.0,4.0,5.0,5.0,4.0,2.0,4.0,5.0,4.0,5.0,3.0,3.0,4.0,3.0,4.0,2.0,2.0,2.0,3.0,5.0,5.0,5.0,4.0,5.0,4.0,5.0,4.0,4.0,4.0,5.0,4.0
R0011,1,23,5.0,2.0,2.0,3.0,2.0,2.0,4.0,1.0,3.0,4.0,3.0,2.0,4.0,4.0,5.0,4.0,4.0,2.0,2.0,3.0,4.0,4.0,4.0,4.0,3.0,4.0,4.0,3.0,4.0,3.0,3.0,3.0,2.0,4.0,2.0,3.0,3.0,2.0,4.0,2.0,3.0,3.0,3.0,2.0,2.0,1.0,2.0,5.0,3.0,4.0,3.0,4.0,3.0,2.0,2.0,3.0,2.0,3.0,1.0,2.0,2.0,2.0,3.0,3.0,3.0,3.0,3.0,3.0,2.0,2.0,1.0,1.0,2.0
R0012,2,34,5.8,3.0,3.0,3.0,3.0,3.0,3.0,3.0,3.0,3.0,3.0,3.0,3.0,3.0,3.0,3.0,3.0,3.0,3.0,3.0,3.0,3.0,3.0,3.0,3.0,3.0,3.0,3.0,3.0,3.0,3.0,3.0,3.0,3.0,3.0,3.0,3.0,3.0,3.0,3.0,3.0,3.0,3.0,3.0,3.0,3.0,3.0,3.0,3.0,3.0,3.0,3.0,3.0,3.0,3.0,3.0,3.0,3.0,3.0,3.0,3.0,3.0,3.0,3.0,3.0,3.0,3.0,3.0,3.0,3.0,3.0,3.0,3.0
R0013,2,32,8.0,2.0,2.0,3.0,3.0,4.0,4.0,1.0,1.0,4.0,5.0,4.0,4.0,2.0,2.0,3.0,3.0,4.0,5.0,5.0,5.0,2.0,3.0,4.0,4.0,2.0,3.0,3.0,3.0,3.0,3.0,3.0,3.0,4.0,3.0,3.0,3.0,3.0,4.0,3.0,4.0,3.0,5.0,4.0,4.0,5.0,4.0,3.0,4.0,4.0,3.0,4.0,2.0,2.0,2.0,2.0,2.0,2.0,2.0,2.0,3.0,2.0,2.0,4.0,3.0,3.0,2.0,2.0,1.0,4.0,3.0,3.0,3.0
R0014,2,31,4.8,1.0,2.0,2.0,3.0,1.0,4.0,2.0,3.0,5.0,4.0,3.0,4.0,3.0,4.0,3.0,3.0,3.0,3.0,3.0,4.0,3.0,3.0,3.0,4.0,3.0,3.0,2.0,3.0,4.0,4.0,3.0,4.0,4.0,5.0,4.0,5.0,3.0,3.0,3.0,5.0,3.0,3.0,4.0,4.0,2.0,2.0,3.0,3.0,3.0,3.0,3.0,2.0,3.0,5.0,4.0,4.0,4.0,4.0,4.0,3.0,4.0,4.0,5.0,5.0,3.0,3.0,2.0,3.0,5.0,4.0,5.0,4.0
R0015,1,36,3.9,2.0,2.0,2.0,2.0,4.0,3.0,2.0,3.0,4.0,3.0,2.0,2.0,2.0,2.0,2.0,2.0,3.0,3.0,3.0,3.0,4.0,4.0,4.0,4.0,4.0,3.0,3.0,3.0,3.0,3.0,3.0,3.0,4.0,4.0,5.0,5.0,4.0,3.0,3.0,4.0,4.0,4.0,4.0,4.0,4.0,2.0,2.0,1.0,3.0,3.0,3.0,3.0,4.0,4.0,4.0,5.0,3.0,3.0,4.0,3.0,5.0,5.0,5.0,5.0,5.0,5.0,5.0,5.0,4.0,4.0,4.0,4.0
R0016,1,39,5.9,4.0,4.0,2.0,3.0,4.0,2.0,3.0,2.0,4.0,3.0,4.0,4.0,3.0,3.0,2.0,4.0,4.0,3.0,3.0,3.0,3.0,3.0,3.0,3.0,3.0,3.0,4.0,2.0,4.0,3.0,3.0,3.0,3.0,5.0,2.0,3.0,3.0,2.0,3.0,2.0,3.0,3.0,3.0,3.0,4.0,4.0,3.0,4.0,3.0,4.0,3.0,3.0,4.0,4.0,3.0,3.0,4.0,3.0,4.0,3.0,4.0,4.0,4.0,4.0,4.0,3.0,5.0,4.0,4.0,5.0,3.0,3.0
R0017,1,27,5.2,3.0,3.0,4.0,2.0,2.0,4.0,4.0,4.0,4.0,3.0,4.0,3.0,3.0,3.0,3.0,3.0,4.0,3.0,4.0,4.0,5.0,5.0,4.0,3.0,4.0,2.0,2.0,2.0,2.0,3.0,3.0,4.0,4.0,3.0,3.0,4.0,5.0,4.0,4.0,3.0,4.0,3.0,5.0,4.0,4.0,3.0,3.0,5.0,5.0,4.0,5.0,4.0,3.0,2.0,3.0,3.0,5.0,4.0,3.0,4.0,3.0,3.0,4.0,4.0,4.0,3.0,2.0,4.0,2.0,2.0,2.0,2.0
R0018,1,30,1.6,4.0,4.0,4.0,1.0,4.0,4.0,3.0,3.0,4.0,3.0,4.0,4.0,2.0,1.0,4.0,3.0,5.0,4.0,3.0,4.0,3.0,3.0,3.0,2.0,3.0,3.0,3.0,3.0,4.0,2.0,3.0,4.0,4.0,5.0,4.0,4.0,4.0,3.0,4.0,4.0,4.0,3.0,4.0,4.0,3.0,4.0,2.0,5.0,4.0,4.0,4.0,4.0,4.0,4.0,4.0,3.0,4.0,3.0,2.0,3.0,5.0,4.0,5.0,4.0,5.0,4.0,5.0,5.0,3.0,3.0,4.0,3.0
R0019,2,30,5.6,2.0,4.0,4.0,4.0,3.0,3.0,3.0,4.0,4.0,2.0,3.0,3.0,2.0,2.0,3.0,3.0,3.0,3.0,4.0,4.0,2.0,1.0,2.0,2.0,2.0,4.0,3.0,4.0,3.0,2.0,3.0,4.0,2.0,3.0,1.0,2.0,2.0,2.0,3.0,3.0,3.0,4.0,4.0,4.0,3.0,3.0,3.0,1.0,3.0,2.0,1.0,3.0,3.0,4.0,4.0,2.0,4.0,5.0,4.0,3.0,3.0,3.0,2.0,4.0,3.0,4.0,3.0,2.0,4.0,4.0,5.0,5.0
R0020,1,24,4.3,4.0,4.0,3.0,2.0,3.0,3.0,2.0,3.0,3.0,4.0,3.0,3.0,3.0,4.0,2.0,4.0,5.0,4.0,3.0,4.0,1.0,1.0,1.0,3.0,4.0,4.0,3.0,3.0,2.0,2.0,3.0,2.0,2.0,2.0,3.0,4.0,3.0,4.0,4.0,3.0,4.0,4.0,4.0,3.0,3.0,3.0,4.0,3.0,4.0,3.0,3.0,2.0,4.0,3.0,4.0,3.0,3.0,4.0,4.0,4.0,3.0,3.0,4.0,3.0,3.0,3.0,3.0,2.0,4.0,5.0,4.0,4.0
R0021,2,26,1.5,5.0,4.0,5.0,3.0,5.0,2.0,3.0,4.0,3.0,4.0,4.0,4.0,3.0,3.0,3.0,3.0,4.0,5.0,4.0,3.0,2.0,2.0,2.0,2.0,4.0,5.0,4.0,4.0,2.0,3.0,2.0,3.0,4.0,5.0,4.0,4.0,4.0,4.0,5.0,4.0,4.0,3.0,2.0,3.0,3.0,4.0,4.0,3.0,3.0,3.0,3.0,3.0,4.0,2.0,5.0,4.0,3.0,3.0,3.0,3.0,3.0,3.0,3.0,3.0,5.0,4.0,5.0,5.0,4.0,3.0,5.0,4.0
R0022,2,39,3.4,4.0,2.0,3.0,2.0,3.0,3.0,3.0,3.0,4.0,5.0,5.0,5.0,3.0,3.0,3.0,3.0,4.0,3.0,3.0,3.0,3.0,3.0,5.0,2.0,4.0,4.0,5.0,3.0,3.0,3.0,3.0,3.0,3.0,3.0,2.0,3.0,3.0,3.0,2.0,1.0,3.0,1.0,3.0,2.0,3.0,4.0,3.0,4.0,5.0,4.0,3.0,4.0,2.0,1.0,4.0,4.0,2.0,3.0,3.0,2.0,3.0,3.0,3.0,3.0,4.0,3.0,3.0,3.0,3.0,3.0,3.0,2.0
R0023,1,38,1.0,5.0,4.0,5.0,4.0,5.0,3.0,4.0,5.0,4.0,5.0,5.0,4.0,3.0,3.0,2.0,2.0,3.0,3.0,2.0,2.0,4.0,4.0,3.0,3.0,3.0,3.0,4.0,3.0,2.0,3.0,4.0,2.0,4.0,3.0,3.0,3.0,4.0,2.0,2.0,4.0,3.0,3.0,3.0,2.0,4.0,3.0,5.0,2.0,4.0,1.0,3.0,2.0,4.0,4.0,3.0,3.0,4.0,4.0,3.0,3.0,3.0,2.0,3.0,4.0,3.0,2.0,2.0,2.0,3.0,2.0,4.0,3.0
R0024,1,29,3.8,5.0,4.0,5.0,3.0,3.0,3.0,4.0,2.0,4.0,4.0,5.0,4.0,2.0,1.0,3.0,1.0,4.0,4.0,3.0,2.0,2.0,2.0,4.0,4.0,5.0,5.0,4.0,3.0,2.0,3.0,3.0,3.0,4.0,3.0,3.0,3.0,4.0,4.0,3.0,4.0,3.0,5.0,4.0,3.0,4.0,5.0,2.0,5.0,5.0,3.0,4.0,3.0,4.0,4.0,2.0,3.0,3.0,3.0,2.0,3.0,2.0,3.0,4.0,4.0,4.0,4.0,2.0,3.0,4.0,4.0,4.0,3.0
R0025,1,36,4.0,3.0,2.0,3.0,1.0,3.0,4.0,3.0,2.0,3.0,4.0,4.0,4.0,3.0,3.0,4.0,3.0,4.0,4.0,3.0,3.0,3.0,2.0,4.0,3.0,3.0,4.0,3.0,4.0,3.0,3.0,3.0,3.0,3.0,3.0,3.0,4.0,3.0,2.0,3.0,2.0,3.0,1.0,2.0,4.0,1.0,2.0,4.0,3.0,4.0,3.0,4.0,2.0,3.0,3.0,2.0,3.0,2.0,3.0,2.0,2.0,3.0,3.0,3.0,3.0,4.0,2.0,3.0,4.0,3.0,2.0,3.0,3.0
R0026,1,36,2.5,1.0,1.0,1.0,2.0,1.0,5.0,1.0,2.0,2.0,2.0,2.0,3.0,2.0,4.0,3.0,3.0,2.0,4.0,2.0,2.0,2.0,4.0,4.0,4.0,3.0,4.0,3.0,3.0,3.0,3.0,4.0,3.0,3.0,2.0,2.0,2.0,2.0,1.0,1.0,1.0,2.0,1.0,2.0,1.0,1.0,1.0,5.0,3.0,2.0,4.0,2.0,2.0,2.0,1.0,2.0,2.0,3.0,2.0,2.0,2.0,2.0,1.0,2.0,2.0,2.0,2.0,2.0,2.0,2.0,1.0,3.0,3.0
R0027,1,37,0.9,4.0,3.0,4.0,3.0,4.0,3.0,3.0,4.0,4.0,5.0,4.0,4.0,1.0,2.0,4.0,4.0,5.0,5.0,3.0,4.0,2.0,3.0,2.0,4.0,5.0,5.0,5.0,4.0,2.0,1.0,1.0,1.0,4.0,5.0,4.0,4.0,5.0,5.0,5.0,5.0,5.0,5.0,5.0,4.0,5.0,5.0,1.0,5.0,5.0,5.0,5.0,5.0,5.0,5.0,4.0,5.0,3.0,4.0,3.0,4.0,4.0,4.0,4.0,5.0,4.0,4.0,3.0,2.0,4.0,3.0,3.0,4.0
R0028,2,40,1.1,4.0,3.0,3.0,3.0,3.0,2.0,4.0,4.0,4.0,5.0,3.0,4.0,3.0,2.0,4.0,3.0,3.0,3.0,3.0,4.0,4.0,3.0,4.0,4.0,4.0,3.0,3.0,4.0,2.0,3.0,3.0,3.0,2.0,3.0,3.0,2.0,3.0,2.0,3.0,3.0,2.0,3.0,3.0,2.0,2.0,2.0,3.0,1.0,3.0,2.0,2.0,2.0,2.0,2.0,3.0,2.0,3.0,3.0,3.0,3.0,2.0,3.0,2.0,1.0,3.0,3.0,3.0,4.0,3.0,3.0,2.0,2.0
R0030,1,27,0.5,4.0,5.0,4.0,3.0,4.0,4.0,4.0,4.0,2.0,3.0,3.0,3.0,4.0,3.0,,3.0,2.0,3.0,3.0,2.0,3.0,4.0,,3.0,4.0,3.0,3.0,1.0,3.0,3.0,4.0,4.0,3.0,4.0,4.0,3.0,3.0,3.0,2.0,3.0,2.0,4.0,3.0,3.0,1.0,2.0,3.0,3.0,4.0,3.0,3.0,,2.0,1.0,3.0,1.0,2.0,2.0,2.0,2.0,4.0,3.0,3.0,2.0,4.0,3.0,3.0,4.0,4.0,2.0,4.0,3.0
R0031,2,26,5.8,,2.0,2.0,2.0,3.0,4.0,1.0,2.0,3.0,1.0,2.0,3.0,3.0,3.0,4.0,4.0,3.0,3.0,2.0,3.0,4.0,3.0,3.0,4.0,3.0,2.0,2.0,1.0,5.0,4.0,5.0,5.0,3.0,2.0,3.0,2.0,,2.0,3.0,4.0,2.0,4.0,3.0,3.0,2.0,4.0,3.0,2.0,2.0,2.0,1.0,2.0,3.0,3.0,2.0,3.0,2.0,4.0,3.0,2.0,3.0,4.0,4.0,3.0,3.0,1.0,3.0,3.0,2.0,2.0,2.0,2.0
R0032,2,34,1.1,3.0,3.0,3.0,3.0,3.0,3.0,3.0,3.0,3.0,3.0,3.0,3.0,3.0,3.0,3.0,3.0,3.0,3.0,3.0,3.0,3.0,3.0,3.0,3.0,3.0,3.0,3.0,3.0,3.0,3.0,3.0,3.0,3.0,3.0,3.0,3.0,3.0,3.0,3.0,3.0,3.0,3.0,3.0,3.0,3.0,3.0,3.0,3.0,3.0,3.0,3.0,3.0,3.0,3.0,3.0,3.0,3.0,3.0,3.0,3.0,3.0,3.0,3.0,3.0,3.0,3.0,3.0,3.0,3.0,3.0,3.0,3.0
R0033,2,27,1.7,3.0,4.0,3.0,4.0,4.0,2.0,2.0,3.0,3.0,4.0,1.0,4.0,4.0,4.0,4.0,3.0,3.0,4.0,3.0,4.0,3.0,2.0,2.0,2.0,4.0,4.0,3.0,4.0,3.0,3.0,3.0,3.0,3.0,3.0,3.0,4.0,3.0,4.0,4.0,5.0,3.0,3.0,5.0,4.0,3.0,5.0,1.0,2.0,2.0,2.0,3.0,2.0,4.0,2.0,3.0,3.0,2.0,3.0,3.0,3.0,4.0,3.0,3.0,4.0,5.0,4.0,3.0,4.0,3.0,3.0,3.0,3.0
R0034,2,37,0.4,3.0,3.0,3.0,2.0,4.0,3.0,4.0,3.0,4.0,4.0,4.0,4.0,4.0,4.0,4.0,4.0,4.0,4.0,4.0,3.0,4.0,3.0,3.0,3.0,2.0,2.0,3.0,3.0,3.0,3.0,3.0,3.0,3.0,4.0,3.0,3.0,2.0,3.0,3.0,3.0,4.0,3.0,2.0,3.0,2.0,2.0,3.0,4.0,2.0,3.0,3.0,4.0,3.0,3.0,3.0,3.0,3.0,3.0,2.0,2.0,3.0,3.0,3.0,4.0,4.0,3.0,3.0,4.0,4.0,3.0,4.0,3.0
R0035,2,29,3.6,3.0,5.0,5.0,2.0,4.0,1.0,4.0,5.0,4.0,3.0,3.0,5.0,3.0,4.0,3.0,3.0,2.0,3.0,2.0,2.0,2.0,2.0,3.0,2.0,3.0,3.0,4.0,3.0,3.0,4.0,3.0,4.0,4.0,3.0,4.0,4.0,4.0,5.0,5.0,5.0,3.0,4.0,5.0,5.0,5.0,4.0,2.0,5.0,5.0,4.0,5.0,5.0,4.0,3.0,4.0,5.0,5.0,4.0,5.0,3.0,4.0,4.0,3.0,4.0,4.0,4.0,4.0,3.0,5.0,4.0,4.0,4.0
R0037,2,26,7.1,4.0,3.0,5.0,4.0,4.0,2.0,,4.0,4.0,3.0,2.0,3.0,4.0,3.0,4.0,4.0,4.0,4.0,3.0,3.0,4.0,4.0,4.0,5.0,4.0,3.0,2.0,2.0,4.0,3.0,4.0,3.0,2.0,4.0,4.0,3.0,2.0,3.0,3.0,3.0,3.0,2.0,3.0,3.0,3.0,3.0,4.0,3.0,2.0,3.0,4.0,2.0,4.0,4.0,3.0,3.0,3.0,3.0,2.0,,3.0,2.0,2.0,2.0,5.0,4.0,5.0,5.0,3.0,3.0,3.0,2.0
R0038,2,40,2.9,2.0,2.0,2.0,3.0,3.0,3.0,1.0,3.0,4.0,3.0,3.0,4.0,4.0,3.0,3.0,4.0,2.0,2.0,2.0,2.0,4.0,4.0,2.0,5.0,3.0,2.0,4.0,3.0,4.0,4.0,3.0,4.0,4.0,4.0,4.0,4.0,3.0,4.0,5.0,5.0,4.0,5.0,4.0,3.0,3.0,5.0,2.0,3.0,3.0,3.0,3.0,3.0,5.0,3.0,4.0,,4.0,3.0,3.0,3.0,3.0,4.0,4.0,3.0,3.0,3.0,4.0,3.0,5.0,5.0,3.0,5.0
R0039,1,33,4.2,2.0,3.0,1.0,3.0,2.0,4.0,2.0,1.0,3.0,3.0,3.0,3.0,3.0,5.0,5.0,5.0,5.0,3.0,3.0,4.0,3.0,3.0,1.0,3.0,3.0,3.0,4.0,3.0,4.0,3.0,3.0,4.0,4.0,4.0,3.0,4.0,5.0,3.0,3.0,3.0,3.0,3.0,4.0,5.0,5.0,3.0,3.0,3.0,4.0,3.0,4.0,3.0,3.0,2.0,3.0,1.0,3.0,2.0,3.0,3.0,2.0,2.0,2.0,3.0,4.0,3.0,5.0,3.0,3.0,3.0,4.0,4.0
R0040,1,30,1.2,3.0,2.0,3.0,3.0,2.0,2.0,2.0,2.0,2.0,1.0,1.0,1.0,4.0,4.0,5.0,5.0,2.0,3.0,3.0,2.0,4.0,4.0,4.0,3.0,2.0,2.0,3.0,2.0,5.0,4.0,5.0,4.0,2.0,3.0,4.0,3.0,2.0,1.0,1.0,1.0,1.0,1.0,3.0,3.0,4.0,3.0,3.0,2.0,2.0,3.0,3.0,1.0,3.0,3.0,4.0,4.0,3.0,2.0,2.0,3.0,2.0,3.0,3.0,2.0,2.0,2.0,2.0,3.0,1.0,1.0,2.0,1.0
R0041,1,28,1.6,,3.0,2.0,3.0,3.0,4.0,1.0,1.0,3.0,3.0,3.0,3.0,3.0,4.0,4.0,3.0,3.0,3.0,2.0,3.0,3.0,3.0,4.0,3.0,3.0,3.0,3.0,3.0,3.0,3.0,4.0,2.0,2.0,1.0,2.0,1.0,2.0,2.0,1.0,2.0,2.0,2.0,2.0,2.0,3.0,2.0,4.0,1.0,2.0,2.0,2.0,1.0,2.0,3.0,4.0,3.0,3.0,3.0,3.0,4.0,2.0,2.0,3.0,4.0,1.0,1.0,1.0,3.0,3.0,3.0,3.0,2.0
R0042,2,35,2.5,3.0,3.0,3.0,3.0,3.0,3.0,3.0,3.0,3.0,3.0,3.0,3.0,3.0,3.0,3.0,3.0,3.0,3.0,3.0,3.0,3.0,3.0,3.0,3.0,3.0,3.0,3.0,3.0,3.0,3.0,3.0,3.0,3.0,3.0,3.0,3.0,3.0,3.0,3.0,3.0,3.0,3.0,3.0,3.0,3.0,3.0,3.0,3.0,3.0,3.0,3.0,3.0,3.0,3.0,3.0,3.0,3.0,3.0,3.0,3.0,3.0,3.0,3.0,3.0,3.0,3.0,3.0,3.0,3.0,3.0,3.0,3.0
R0043,1,29,0.3,3.0,4.0,3.0,4.0,4.0,1.0,3.0,4.0,3.0,3.0,4.0,4.0,3.0,3.0,3.0,3.0,2.0,3.0,4.0,3.0,4.0,5.0,4.0,4.0,3.0,4.0,3.0,4.0,3.0,3.0,3.0,3.0,2.0,3.0,3.0,3.0,2.0,2.0,2.0,2.0,3.0,2.0,4.0,4.0,,4.0,3.0,4.0,3.0,4.0,3.0,3.0,4.0,3.0,4.0,3.0,4.0,3.0,4.0,4.0,3.0,4.0,3.0,4.0,3.0,3.0,4.0,2.0,4.0,2.0,3.0,2.0
R0044,2,39,9.5,4.0,2.0,3.0,3.0,3.0,3.0,3.0,4.0,4.0,5.0,3.0,4.0,2.0,3.0,3.0,3.0,4.0,4.0,4.0,4.0,3.0,2.0,3.0,3.0,5.0,4.0,4.0,4.0,2.0,2.0,2.0,4.0,4.0,3.0,2.0,3.0,4.0,4.0,4.0,,3.0,4.0,4.0,3.0,4.0,3.0,4.0,4.0,4.0,3.0,5.0,5.0,4.0,3.0,3.0,3.0,3.0,3.0,3.0,1.0,3.0,2.0,3.0,3.0,4.0,3.0,4.0,2.0,3.0,3.0,4.0,4.0
R0045,2,36,1.5,4.0,5.0,4.0,4.0,3.0,3.0,4.0,4.0,3.0,3.0,2.0,2.0,3.0,4.0,3.0,3.0,2.0,3.0,3.0,3.0,4.0,4.0,5.0,5.0,4.0,4.0,3.0,3.0,4.0,4.0,5.0,3.0,4.0,5.0,3.0,3.0,4.0,5.0,4.0,5.0,5.0,4.0,5.0,4.0,5.0,3.0,3.0,5.0,5.0,4.0,4.0,4.0,3.0,2.0,1.0,3.0,4.0,3.0,2.0,3.0,3.0,4.0,4.0,4.0,4.0,4.0,3.0,4.0,4.0,3.0,2.0,3.0
R0046,1,20,1.5,2.0,1.0,2.0,2.0,3.0,3.0,2.0,3.0,1.0,1.0,2.0,2.0,4.0,4.0,3.0,4.0,2.0,2.0,2.0,2.0,3.0,3.0,3.0,5.0,3.0,3.0,3.0,3.0,3.0,3.0,4.0,4.0,2.0,4.0,1.0,3.0,2.0,3.0,3.0,4.0,3.0,3.0,3.0,3.0,3.0,3.0,4.0,3.0,4.0,2.0,1.0,1.0,2.0,3.0,2.0,3.0,3.0,4.0,3.0,2.0,3.0,4.0,3.0,3.0,4.0,2.0,3.0,3.0,4.0,2.0,3.0,3.0
R0047,1,38,8.5,3.0,3.0,3.0,3.0,3.0,3.0,3.0,3.0,3.0,3.0,3.0,3.0,3.0,3.0,3.0,3.0,3.0,3.0,3.0,3.0,3.0,3.0,3.0,3.0,3.0,3.0,3.0,3.0,3.0,3.0,3.0,3.0,3.0,3.0,3.0,3.0,3.0,3.0,3.0,3.0,3.0,3.0,3.0,3.0,3.0,3.0,3.0,3.0,3.0,3.0,3.0,3.0,3.0,3.0,3.0,3.0,3.0,3.0,3.0,3.0,3.0,3.0,3.0,3.0,3.0,3.0,3.0,3.0,3.0,3.0,3.0,3.0
R0048,2,31,3.9,,5.0,5.0,5.0,4.0,3.0,4.0,4.0,3.0,3.0,3.0,4.0,4.0,2.0,3.0,4.0,2.0,4.0,4.0,3.0,3.0,4.0,3.0,4.0,3.0,3.0,3.0,2.0,3.0,3.0,3.0,4.0,2.0,3.0,3.0,2.0,1.0,2.0,2.0,3.0,3.0,2.0,2.0,2.0,1.0,1.0,3.0,3.0,4.0,3.0,2.0,3.0,4.0,2.0,3.0,3.0,4.0,3.0,5.0,4.0,5.0,5.0,4.0,5.0,4.0,3.0,3.0,4.0,2.0,1.0,3.0,3.0
R0049,1,26,3.7,3.0,3.0,3.0,3.0,3.0,3.0,3.0,3.0,3.0,3.0,3.0,3.0,3.0,3.0,3.0,3.0,3.0,3.0,3.0,3.0,3.0,3.0,3.0,3.0,3.0,3.0,3.0,3.0,3.0,3.0,3.0,3.0,3.0,3.0,3.0,3.0,3.0,3.0,3.0,3.0,3.0,3.0,3.0,3.0,3.0,3.0,3.0,3.0,3.0,3.0,3.0,3.0,3.0,3.0,3.0,3.0,3.0,3.0,3.0,3.0,3.0,3.0,3.0,3.0,3.0,3.0,3.0,3.0,3.0,3.0,3.0,3.0
R0050,1,28,0.5,3.0,3.0,3.0,4.0,4.0,4.0,3.0,4.0,2.0,4.0,3.0,4.0,3.0,3.0,4.0,4.0,3.0,3.0,3.0,3.0,3.0,3.0,3.0,3.0,4.0,3.0,4.0,4.0,3.0,3.0,4.0,3.0,3.0,3.0,2.0,3.0,4.0,2.0,3.0,3.0,3.0,1.0,3.0,2.0,3.0,2.0,4.0,3.0,3.0,3.0,3.0,2.0,3.0,3.0,3.0,3.0,3.0,3.0,2.0,3.0,3.0,4.0,4.0,3.0,4.0,3.0,4.0,3.0,2.0,3.0,4.0,3.0
R0051,2,30,4.7,3.0,2.0,2.0,1.0,1.0,4.0,2.0,3.0,5.0,4.0,3.0,3.0,3.0,5.0,3.0,3.0,4.0,3.0,5.0,3.0,4.0,5.0,4.0,5.0,4.0,3.0,3.0,4.0,4.0,4.0,4.0,4.0,2.0,3.0,3.0,3.0,3.0,3.0,2.0,1.0,2.0,4.0,5.0,4.0,2.0,3.0,3.0,2.0,2.0,2.0,2.0,1.0,2.0,3.0,2.0,3.0,3.0,3.0,2.0,2.0,5.0,5.0,4.0,3.0,4.0,3.0,3.0,2.0,2.0,3.0,4.0,3.0
R0052,1,32,2.4,3.0,2.0,3.0,2.0,3.0,2.0,4.0,4.0,2.0,3.0,2.0,3.0,4.0,3.0,4.0,3.0,3.0,4.0,3.0,3.0,4.0,3.0,5.0,2.0,2.0,2.0,2.0,2.0,3.0,3.0,2.0,3.0,3.0,3.0,3.0,3.0,3.0,3.0,3.0,3.0,4.0,3.0,2.0,3.0,2.0,2.0,5.0,4.0,3.0,4.0,4.0,3.0,4.0,3.0,3.0,4.0,3.0,4.0,4.0,2.0,5.0,3.0,3.0,4.0,4.0,4.0,5.0,3.0,2.0,3.0,4.0,2.0
R0053,2,30,7.1,3.0,2.0,4.0,4.0,3.0,3.0,4.0,4.0,4.0,2.0,3.0,4.0,3.0,3.0,4.0,3.0,3.0,,3.0,2.0,3.0,3.0,3.0,2.0,3.0,3.0,2.0,3.0,4.0,3.0,4.0,4.0,2.0,2.0,3.0,3.0,2.0,3.0,4.0,3.0,4.0,4.0,5.0,3.0,3.0,3.0,2.0,3.0,3.0,3.0,3.0,2.0,4.0,4.0,3.0,2.0,3.0,3.0,4.0,4.0,4.0,3.0,3.0,4.0,4.0,4.0,4.0,4.0,2.0,2.0,2.0,2.0
R0054,2,24,9.5,3.0,3.0,3.0,3.0,3.0,3.0,3.0,3.0,3.0,3.0,3.0,3.0,3.0,3.0,3.0,3.0,3.0,3.0,3.0,3.0,3.0,3.0,3.0,3.0,3.0,3.0,3.0,3.0,3.0,3.0,3.0,3.0,3.0,3.0,3.0,3.0,3.0,3.0,3.0,3.0,3.0,3.0,3.0,3.0,3.0,3.0,3.0,3.0,3.0,3.0,3.0,3.0,3.0,3.0,3.0,3.0,3.0,3.0,3.0,3.0,3.0,3.0,3.0,3.0,3.0,3.0,3.0,3.0,3.0,3.0,3.0,3.0
R0055,1,27,2.9,5.0,3.0,3.0,4.0,4.0,3.0,4.0,3.0,3.0,4.0,4.0,4.0,3.0,3.0,4.0,4.0,3.0,4.0,3.0,3.0,4.0,4.0,4.0,3.0,2.0,3.0,2.0,3.0,2.0,2.0,2.0,3.0,1.0,3.0,2.0,2.0,1.0,1.0,2.0,2.0,1.0,2.0,2.0,2.0,3.0,2.0,4.0,1.0,2.0,2.0,1.0,1.0,4.0,4.0,4.0,2.0,5.0,2.0,3.0,3.0,2.0,4.0,3.0,4.0,2.0,2.0,3.0,3.0,2.0,2.0,3.0,2.0
R0056,1,24,1.8,2.0,3.0,3.0,3.0,2.0,4.0,2.0,4.0,3.0,2.0,2.0,3.0,3.0,2.0,3.0,3.0,2.0,2.0,3.0,2.0,4.0,4.0,4.0,4.0,1.0,2.0,2.0,1.0,3.0,3.0,4.0,2.0,2.0,4.0,3.0,3.0,3.0,2.0,3.0,2.0,4.0,3.0,3.0,3.0,3.0,3.0,4.0,4.0,3.0,3.0,3.0,2.0,3.0,3.0,4.0,3.0,3.0,3.0,3.0,4.0,3.0,3.0,3.0,3.0,4.0,3.0,5.0,3.0,2.0,1.0,3.0,2.0
R0057,1,30,2.8,3.0,2.0,3.0,1.0,3.0,4.0,3.0,3.0,3.0,3.0,2.0,3.0,2.0,2.0,2.0,3.0,2.0,2.0,2.0,1.0,3.0,3.0,2.0,5.0,3.0,3.0,4.0,2.0,4.0,3.0,3.0,3.0,3.0,4.0,3.0,3.0,3.0,2.0,1.0,2.0,1.0,2.0,3.0,3.0,3.0,3.0,3.0,3.0,3.0,3.0,2.0,1.0,5.0,2.0,4.0,3.0,4.0,3.0,3.0,3.0,3.0,3.0,1.0,2.0,3.0,2.0,3.0,1.0,4.0,5.0,3.0,4.0
R0058,2,34,3.3,2.0,3.0,4.0,2.0,2.0,5.0,2.0,1.0,3.0,3.0,3.0,4.0,3.0,3.0,3.0,3.0,4.0,4.0,4.0,3.0,5.0,3.0,5.0,4.0,4.0,2.0,3.0,2.0,4.0,3.0,4.0,5.0,1.0,2.0,2.0,2.0,2.0,3.0,4.0,2.0,2.0,2.0,3.0,3.0,3.0,2.0,4.0,4.0,4.0,2.0,3.0,3.0,2.0,2.0,2.0,3.0,3.0,3.0,3.0,3.0,4.0,3.0,3.0,3.0,2.0,2.0,1.0,3.0,3.0,3.0,3.0,3.0
R0059,1,32,4.7,2.0,3.0,3.0,3.0,4.0,4.0,3.0,3.0,3.0,4.0,4.0,2.0,3.0,3.0,4.0,2.0,4.0,3.0,2.0,3.0,4.0,4.0,4.0,4.0,2.0,4.0,3.0,4.0,2.0,3.0,2.0,3.0,2.0,3.0,4.0,2.0,2.0,1.0,2.0,1.0,2.0,2.0,1.0,2.0,2.0,2.0,5.0,2.0,4.0,2.0,3.0,1.0,2.0,3.0,3.0,3.0,2.0,3.0,3.0,2.0,1.0,2.0,1.0,2.0,2.0,3.0,3.0,4.0,3.0,2.0,3.0,2.0
R0060,2,28,2.8,3.0,2.0,4.0,3.0,4.0,1.0,4.0,4.0,4.0,5.0,4.0,4.0,4.0,3.0,4.0,3.0,2.0,2.0,3.0,2.0,2.0,2.0,3.0,3.0,4.0,5.0,3.0,4.0,2.0,2.0,3.0,2.0,2.0,,4.0,3.0,3.0,3.0,4.0,4.0,3.0,3.0,4.0,2.0,2.0,3.0,4.0,4.0,4.0,3.0,3.0,2.0,3.0,3.0,4.0,3.0,4.0,3.0,3.0,3.0,2.0,3.0,3.0,2.0,4.0,2.0,2.0,2.0,5.0,2.0,4.0,4.0
R0061,1,35,4.8,1.0,1.0,1.0,1.0,1.0,4.0,2.0,2.0,3.0,3.0,2.0,2.0,3.0,4.0,4.0,4.0,1.0,1.0,2.0,1.0,5.0,4.0,2.0,3.0,3.0,3.0,4.0,3.0,4.0,4.0,5.0,4.0,5.0,2.0,4.0,3.0,4.0,2.0,2.0,2.0,3.0,2.0,2.0,2.0,3.0,3.0,3.0,3.0,3.0,3.0,3.0,3.0,1.0,3.0,2.0,1.0,2.0,2.0,3.0,1.0,1.0,2.0,1.0,2.0,3.0,3.0,3.0,2.0,2.0,2.0,2.0,3.0
R0062,2,26,2.4,,2.0,3.0,3.0,3.0,3.0,3.0,3.0,4.0,3.0,2.0,3.0,4.0,4.0,5.0,4.0,3.0,3.0,2.0,2.0,3.0,3.0,2.0,3.0,3.0,2.0,2.0,3.0,4.0,4.0,4.0,4.0,2.0,3.0,2.0,3.0,2.0,2.0,2.0,1.0,1.0,1.0,4.0,4.0,3.0,3.0,3.0,3.0,5.0,3.0,4.0,4.0,1.0,3.0,2.0,2.0,3.0,2.0,3.0,3.0,3.0,2.0,3.0,4.0,3.0,2.0,3.0,1.0,2.0,2.0,2.0,2.0
R0063,2,23,1.3,2.0,3.0,2.0,2.0,3.0,4.0,2.0,1.0,3.0,4.0,4.0,4.0,3.0,3.0,2.0,3.0,3.0,3.0,3.0,2.0,3.0,4.0,5.0,3.0,4.0,3.0,4.0,4.0,3.0,2.0,3.0,3.0,3.0,3.0,3.0,3.0,3.0,3.0,3.0,2.0,3.0,1.0,3.0,3.0,4.0,4.0,4.0,3.0,3.0,4.0,1.0,3.0,4.0,4.0,3.0,4.0,5.0,5.0,5.0,5.0,2.0,3.0,3.0,5.0,3.0,4.0,4.0,5.0,2.0,2.0,3.0,2.0
R0064,2,31,1.2,3.0,1.0,3.0,3.0,2.0,4.0,2.0,2.0,5.0,5.0,4.0,4.0,3.0,3.0,3.0,3.0,4.0,4.0,5.0,4.0,2.0,2.0,2.0,2.0,4.0,3.0,1.0,4.0,1.0,3.0,2.0,3.0,2.0,2.0,3.0,1.0,1.0,2.0,3.0,4.0,1.0,3.0,4.0,4.0,4.0,5.0,3.0,2.0,2.0,3.0,2.0,,2.0,1.0,4.0,2.0,3.0,3.0,3.0,3.0,4.0,3.0,4.0,4.0,3.0,3.0,5.0,3.0,2.0,1.0,1.0,1.0
R0065,2,33,2.4,3.0,3.0,3.0,3.0,3.0,,3.0,3.0,3.0,3.0,3.0,3.0,3.0,3.0,3.0,3.0,3.0,3.0,3.0,3.0,3.0,3.0,3.0,3.0,3.0,3.0,3.0,3.0,3.0,3.0,3.0,3.0,3.0,3.0,3.0,3.0,3.0,3.0,3.0,3.0,3.0,3.0,3.0,3.0,3.0,3.0,3.0,3.0,3.0,3.0,3.0,3.0,3.0,3.0,3.0,3.0,3.0,3.0,3.0,3.0,3.0,3.0,3.0,3.0,3.0,3.0,3.0,3.0,3.0,3.0,3.0,3.0
R0066,2,21,3.8,2.0,4.0,3.0,3.0,2.0,3.0,3.0,2.0,4.0,4.0,5.0,5.0,2.0,2.0,2.0,2.0,4.0,3.0,3.0,3.0,3.0,2.0,4.0,3.0,3.0,3.0,3.0,3.0,3.0,3.0,3.0,4.0,3.0,2.0,3.0,4.0,2.0,3.0,3.0,,4.0,4.0,3.0,4.0,4.0,3.0,3.0,3.0,3.0,3.0,2.0,3.0,4.0,4.0,3.0,4.0,3.0,5.0,4.0,3.0,4.0,4.0,5.0,4.0,4.0,2.0,3.0,4.0,5.0,4.0,4.0,4.0
R0067,1,36,3.9,4.0,4.0,4.0,5.0,2.0,2.0,3.0,3.0,4.0,4.0,4.0,4.0,2.0,2.0,3.0,2.0,5.0,4.0,2.0,3.0,2.0,3.0,3.0,4.0,3.0,4.0,3.0,3.0,3.0,2.0,3.0,3.0,4.0,5.0,5.0,5.0,3.0,3.0,4.0,4.0,3.0,3.0,4.0,4.0,3.0,3.0,2.0,4.0,5.0,3.0,4.0,4.0,5.0,5.0,5.0,5.0,4.0,4.0,4.0,4.0,4.0,4.0,3.0,3.0,4.0,4.0,4.0,3.0,3.0,3.0,3.0,2.0
R0068,1,29,0.6,3.0,4.0,4.0,4.0,4.0,3.0,5.0,4.0,3.0,3.0,2.0,3.0,3.0,4.0,5.0,4.0,3.0,2.0,4.0,3.0,3.0,3.0,3.0,4.0,3.0,3.0,3.0,3.0,2.0,3.0,2.0,4.0,2.0,2.0,3.0,3.0,2.0,2.0,1.0,1.0,2.0,3.0,3.0,3.0,4.0,3.0,3.0,2.0,5.0,2.0,2.0,1.0,3.0,4.0,3.0,3.0,4.0,4.0,4.0,3.0,3.0,3.0,3.0,3.0,2.0,2.0,3.0,2.0,3.0,1.0,2.0,
R0069,2,26,5.5,4.0,3.0,4.0,3.0,4.0,3.0,4.0,3.0,2.0,2.0,3.0,2.0,3.0,4.0,3.0,5.0,3.0,4.0,3.0,3.0,2.0,2.0,3.0,2.0,3.0,3.0,2.0,2.0,3.0,4.0,3.0,2.0,4.0,4.0,3.0,4.0,4.0,3.0,3.0,3.0,3.0,2.0,2.0,4.0,3.0,3.0,3.0,3.0,4.0,3.0,3.0,3.0,4.0,4.0,3.0,5.0,2.0,3.0,2.0,2.0,5.0,5.0,5.0,4.0,5.0,5.0,3.0,4.0,1.0,3.0,3.0,2.0
R0070,1,36,7.4,3.0,3.0,3.0,3.0,3.0,3.0,3.0,3.0,3.0,3.0,3.0,,3.0,3.0,3.0,3.0,3.0,3.0,3.0,3.0,3.0,3.0,3.0,3.0,3.0,3.0,3.0,3.0,3.0,3.0,3.0,3.0,3.0,3.0,3.0,3.0,3.0,3.0,3.0,3.0,3.0,3.0,3.0,3.0,3.0,3.0,3.0,3.0,3.0,3.0,3.0,3.0,3.0,3.0,3.0,3.0,3.0,3.0,3.0,3.0,3.0,3.0,3.0,3.0,3.0,3.0,3.0,3.0,3.0,3.0,3.0,3.0
R0071,2,30,2.5,4.0,3.0,5.0,1.0,4.0,1.0,4.0,5.0,4.0,3.0,4.0,5.0,4.0,3.0,4.0,4.0,2.0,3.0,2.0,2.0,2.0,2.0,4.0,2.0,3.0,3.0,3.0,3.0,4.0,3.0,3.0,3.0,3.0,3.0,2.0,3.0,3.0,3.0,3.0,2.0,3.0,,3.0,2.0,3.0,3.0,3.0,3.0,3.0,2.0,3.0,4.0,4.0,3.0,3.0,4.0,4.0,3.0,3.0,3.0,2.0,2.0,2.0,3.0,3.0,3.0,3.0,3.0,3.0,4.0,2.0,3.0
R0072,2,27,2.5,3.0,3.0,3.0,3.0,3.0,3.0,3.0,3.0,3.0,3.0,3.0,3.0,3.0,3.0,3.0,3.0,3.0,3.0,3.0,3.0,3.0,3.0,3.0,3.0,3.0,3.0,3.0,3.0,3.0,3.0,3.0,3.0,3.0,3.0,3.0,3.0,3.0,3.0,3.0,3.0,3.0,3.0,3.0,3.0,3.0,3.0,3.0,3.0,3.0,3.0,3.0,3.0,3.0,3.0,3.0,3.0,3.0,3.0,3.0,3.0,3.0,3.0,3.0,3.0,3.0,3.0,3.0,3.0,3.0,3.0,3.0,3.0
R0073,1,40,1.1,3.0,3.0,3.0,3.0,3.0,3.0,3.0,3.0,3.0,3.0,3.0,3.0,3.0,3.0,3.0,3.0,3.0,3.0,3.0,3.0,3.0,3.0,3.0,3.0,3.0,3.0,3.0,3.0,3.0,3.0,3.0,3.0,3.0,3.0,3.0,3.0,3.0,3.0,3.0,3.0,3.0,3.0,3.0,3.0,3.0,3.0,3.0,3.0,3.0,3.0,3.0,3.0,3.0,3.0,3.0,3.0,3.0,3.0,3.0,3.0,3.0,,3.0,3.0,3.0,3.0,3.0,3.0,3.0,3.0,3.0,3.0
R0074,1,33,2.8,4.0,3.0,4.0,4.0,3.0,2.0,2.0,3.0,4.0,3.0,4.0,4.0,3.0,3.0,4.0,3.0,3.0,3.0,2.0,3.0,2.0,3.0,4.0,3.0,2.0,4.0,4.0,2.0,3.0,2.0,2.0,3.0,3.0,4.0,4.0,4.0,4.0,4.0,4.0,5.0,4.0,5.0,4.0,3.0,4.0,5.0,5.0,3.0,4.0,3.0,3.0,2.0,4.0,4.0,4.0,4.0,5.0,4.0,4.0,4.0,4.0,2.0,3.0,3.0,4.0,3.0,5.0,4.0,4.0,4.0,4.0,5.0
R0075,2,27,8.2,4.0,3.0,5.0,3.0,4.0,2.0,5.0,5.0,4.0,5.0,5.0,4.0,3.0,4.0,2.0,3.0,4.0,3.0,4.0,4.0,2.0,1.0,1.0,1.0,4.0,3.0,5.0,3.0,3.0,3.0,3.0,4.0,3.0,3.0,3.0,3.0,4.0,3.0,3.0,4.0,3.0,3.0,4.0,4.0,3.0,4.0,3.0,3.0,2.0,2.0,3.0,3.0,4.0,4.0,5.0,3.0,4.0,5.0,4.0,4.0,3.0,3.0,4.0,3.0,4.0,3.0,2.0,3.0,3.0,4.0,3.0,3.0
R0077,1,31,1.9,3.0,3.0,3.0,3.0,3.0,3.0,3.0,3.0,3.0,3.0,3.0,3.0,3.0,3.0,,3.0,3.0,3.0,3.0,3.0,3.0,3.0,3.0,3.0,3.0,3.0,3.0,3.0,3.0,3.0,3.0,3.0,3.0,3.0,3.0,3.0,3.0,3.0,3.0,3.0,3.0,3.0,3.0,3.0,3.0,3.0,3.0,3.0,3.0,3.0,3.0,3.0,3.0,3.0,3.0,3.0,3.0,3.0,3.0,3.0,3.0,3.0,3.0,3.0,3.0,3.0,3.0,3.0,3.0,3.0,3.0,3.0
R0078,1,30,4.8,2.0,3.0,2.0,2.0,3.0,4.0,3.0,3.0,3.0,4.0,4.0,3.0,1.0,1.0,3.0,2.0,3.0,3.0,4.0,3.0,2.0,2.0,2.0,3.0,4.0,3.0,4.0,3.0,3.0,3.0,4.0,4.0,4.0,4.0,3.0,3.0,3.0,2.0,4.0,3.0,5.0,4.0,5.0,4.0,4.0,4.0,3.0,4.0,3.0,4.0,3.0,4.0,4.0,2.0,4.0,3.0,4.0,5.0,4.0,4.0,4.0,3.0,2.0,4.0,5.0,3.0,3.0,4.0,4.0,3.0,3.0,3.0
R0080,2,27,4.3,3.0,2.0,4.0,3.0,2.0,3.0,3.0,2.0,4.0,4.0,4.0,4.0,4.0,4.0,4.0,4.0,5.0,3.0,3.0,3.0,3.0,4.0,2.0,4.0,4.0,3.0,4.0,3.0,3.0,3.0,1.0,3.0,3.0,4.0,3.0,4.0,4.0,4.0,4.0,2.0,4.0,3.0,3.0,3.0,3.0,2.0,5.0,3.0,2.0,2.0,3.0,3.0,2.0,3.0,2.0,2.0,3.0,4.0,3.0,2.0,5.0,,3.0,3.0,3.0,3.0,4.0,3.0,4.0,3.0,3.0,3.0
R0081,2,32,0.7,3.0,3.0,3.0,3.0,3.0,3.0,2.0,3.0,2.0,3.0,2.0,2.0,3.0,3.0,3.0,4.0,4.0,3.0,3.0,3.0,3.0,2.0,2.0,3.0,3.0,2.0,3.0,3.0,3.0,3.0,2.0,3.0,2.0,1.0,3.0,2.0,1.0,1.0,2.0,1.0,1.0,1.0,2.0,1.0,1.0,2.0,4.0,2.0,2.0,2.0,1.0,1.0,4.0,3.0,3.0,2.0,2.0,3.0,2.0,3.0,3.0,3.0,3.0,4.0,3.0,3.0,4.0,2.0,2.0,1.0,2.0,2.0
R0082,1,32,6.5,3.0,3.0,3.0,3.0,3.0,3.0,,3.0,3.0,3.0,3.0,3.0,3.0,3.0,3.0,3.0,3.0,3.0,3.0,3.0,3.0,3.0,3.0,3.0,3.0,3.0,3.0,3.0,3.0,3.0,3.0,3.0,3.0,3.0,3.0,3.0,3.0,3.0,3.0,3.0,3.0,3.0,3.0,3.0,3.0,3.0,3.0,3.0,3.0,3.0,3.0,3.0,3.0,3.0,3.0,3.0,3.0,3.0,3.0,3.0,3.0,3.0,3.0,3.0,3.0,3.0,3.0,3.0,3.0,3.0,3.0,3.0
R0083,2,35,5.1,4.0,4.0,5.0,4.0,5.0,1.0,5.0,4.0,4.0,,4.0,4.0,2.0,2.0,3.0,3.0,3.0,3.0,3.0,3.0,3.0,4.0,3.0,3.0,4.0,3.0,4.0,3.0,3.0,4.0,3.0,3.0,3.0,3.0,3.0,3.0,3.0,4.0,3.0,4.0,3.0,5.0,4.0,4.0,4.0,5.0,3.0,3.0,4.0,3.0,3.0,4.0,5.0,4.0,4.0,3.0,3.0,4.0,3.0,3.0,4.0,4.0,5.0,5.0,3.0,4.0,3.0,2.0,2.0,3.0,3.0,3.0
R0084,1,34,5.0,4.0,4.0,4.0,4.0,4.0,4.0,4.0,4.0,4.0,4.0,4.0,4.0,4.0,4.0,4.0,4.0,4.0,4.0,4.0,4.0,4.0,4.0,4.0,4.0,4.0,4.0,4.0,4.0,4.0,4.0,4.0,4.0,4.0,4.0,4.0,4.0,4.0,4.0,4.0,4.0,4.0,4.0,4.0,4.0,4.0,4.0,4.0,4.0,4.0,4.0,4.0,4.0,4.0,4.0,4.0,4.0,4.0,4.0,4.0,4.0,4.0,4.0,4.0,4.0,4.0,4.0,4.0,4.0,4.0,4.0,4.0,4.0
R0085,1,31,2.5,2.0,2.0,3.0,3.0,1.0,4.0,1.0,3.0,2.0,3.0,3.0,3.0,5.0,2.0,5.0,5.0,4.0,4.0,4.0,3.0,5.0,4.0,5.0,5.0,4.0,4.0,4.0,3.0,3.0,4.0,4.0,4.0,2.0,4.0,3.0,3.0,3.0,1.0,1.0,2.0,2.0,2.0,2.0,3.0,3.0,3.0,5.0,3.0,4.0,3.0,5.0,3.0,3.0,3.0,4.0,2.0,3.0,3.0,3.0,3.0,3.0,4.0,3.0,2.0,2.0,2.0,4.0,3.0,4.0,3.0,3.0,4.0
R0086,1,43,1.3,5.0,5.0,4.0,4.0,3.0,3.0,4.0,4.0,4.0,4.0,5.0,5.0,2.0,4.0,3.0,2.0,5.0,4.0,3.0,4.0,2.0,2.0,1.0,2.0,5.0,4.0,3.0,4.0,3.0,1.0,3.0,3.0,5.0,5.0,5.0,5.0,5.0,3.0,5.0,4.0,3.0,4.0,4.0,4.0,4.0,5.0,2.0,5.0,4.0,4.0,5.0,4.0,5.0,4.0,4.0,4.0,4.0,4.0,4.0,3.0,4.0,4.0,4.0,4.0,5.0,4.0,4.0,5.0,5.0,5.0,5.0,5.0
R0087,1,26,3.9,4.0,3.0,3.0,3.0,2.0,3.0,3.0,3.0,4.0,3.0,3.0,4.0,3.0,3.0,4.0,4.0,3.0,3.0,4.0,4.0,4.0,3.0,3.0,3.0,3.0,3.0,4.0,3.0,3.0,3.0,4.0,3.0,2.0,3.0,3.0,3.0,4.0,3.0,3.0,3.0,3.0,5.0,2.0,3.0,2.0,4.0,2.0,4.0,4.0,3.0,4.0,3.0,2.0,2.0,3.0,3.0,1.0,3.0,3.0,2.0,2.0,2.0,3.0,1.0,4.0,4.0,4.0,3.0,4.0,4.0,3.0,4.0
R0088,1,30,0.9,3.0,3.0,3.0,3.0,3.0,2.0,2.0,3.0,2.0,3.0,3.0,3.0,3.0,4.0,5.0,3.0,3.0,3.0,3.0,3.0,3.0,3.0,4.0,4.0,2.0,1.0,3.0,3.0,3.0,2.0,5.0,4.0,4.0,3.0,4.0,4.0,4.0,4.0,4.0,3.0,4.0,4.0,5.0,4.0,4.0,4.0,2.0,4.0,4.0,3.0,3.0,3.0,4.0,3.0,4.0,3.0,4.0,4.0,3.0,3.0,5.0,4.0,3.0,3.0,2.0,3.0,2.0,2.0,3.0,3.0,2.0,3.0
R0089,1,27,0.8,3.0,3.0,3.0,3.0,3.0,4.0,3.0,3.0,4.0,3.0,4.0,3.0,3.0,3.0,4.0,5.0,4.0,3.0,2.0,2.0,2.0,3.0,4.0,3.0,4.0,4.0,5.0,3.0,5.0,5.0,5.0,5.0,4.0,4.0,3.0,4.0,4.0,3.0,2.0,3.0,3.0,4.0,4.0,3.0,4.0,4.0,4.0,4.0,4.0,2.0,3.0,3.0,4.0,4.0,4.0,4.0,5.0,4.0,5.0,4.0,5.0,3.0,5.0,4.0,4.0,3.0,5.0,3.0,3.0,3.0,3.0,2.0
R0090,1,32,2.9,3.0,3.0,3.0,3.0,2.0,4.0,3.0,4.0,3.0,4.0,4.0,5.0,3.0,4.0,2.0,3.0,2.0,3.0,3.0,2.0,3.0,4.0,4.0,5.0,4.0,4.0,4.0,3.0,2.0,3.0,4.0,2.0,2.0,3.0,2.0,3.0,3.0,2.0,2.0,3.0,2.0,2.0,4.0,2.0,2.0,4.0,2.0,4.0,4.0,3.0,2.0,3.0,3.0,2.0,4.0,3.0,4.0,4.0,3.0,3.0,4.0,3.0,3.0,3.0,4.0,4.0,5.0,3.0,4.0,4.0,2.0,3.0
R0091,1,36,5.5,4.0,3.0,3.0,2.0,2.0,3.0,2.0,4.0,4.0,4.0,4.0,2.0,3.0,4.0,4.0,4.0,3.0,3.0,2.0,3.0,4.0,3.0,5.0,3.0,4.0,3.0,3.0,2.0,3.0,4.0,3.0,3.0,4.0,3.0,4.0,4.0,3.0,3.0,3.0,3.0,3.0,4.0,4.0,3.0,3.0,3.0,2.0,2.0,2.0,3.0,2.0,2.0,2.0,4.0,3.0,3.0,3.0,3.0,2.0,3.0,1.0,2.0,2.0,2.0,2.0,3.0,2.0,2.0,2.0,2.0,3.0,2.0
R0092,1,23,0.9,4.0,5.0,4.0,2.0,5.0,2.0,5.0,5.0,4.0,4.0,4.0,3.0,4.0,4.0,4.0,4.0,3.0,3.0,3.0,4.0,4.0,3.0,4.0,4.0,4.0,4.0,4.0,4.0,3.0,3.0,3.0,2.0,2.0,2.0,3.0,3.0,2.0,3.0,3.0,3.0,3.0,4.0,4.0,4.0,3.0,4.0,3.0,3.0,2.0,4.0,2.0,1.0,3.0,4.0,3.0,3.0,3.0,3.0,3.0,3.0,4.0,3.0,4.0,4.0,4.0,3.0,4.0,3.0,3.0,4.0,5.0,4.0
R0093,2,26,3.2,3.0,3.0,3.0,3.0,3.0,3.0,2.0,3.0,5.0,4.0,4.0,2.0,2.0,3.0,3.0,4.0,4.0,4.0,3.0,3.0,3.0,4.0,4.0,3.0,4.0,4.0,3.0,3.0,4.0,3.0,4.0,5.0,2.0,1.0,4.0,3.0,4.0,5.0,3.0,4.0,4.0,3.0,3.0,3.0,4.0,2.0,3.0,4.0,4.0,4.0,4.0,4.0,4.0,4.0,3.0,4.0,4.0,4.0,4.0,3.0,4.0,2.0,4.0,4.0,3.0,3.0,4.0,3.0,3.0,3.0,5.0,3.0
R0094,1,32,1.9,3.0,2.0,2.0,3.0,2.0,4.0,2.0,3.0,3.0,4.0,4.0,5.0,3.0,3.0,3.0,4.0,3.0,4.0,3.0,3.0,2.0,3.0,3.0,2.0,4.0,4.0,5.0,4.0,4.0,3.0,2.0,3.0,2.0,2.0,2.0,3.0,2.0,2.0,2.0,3.0,3.0,4.0,2.0,2.0,2.0,2.0,4.0,2.0,2.0,1.0,2.0,2.0,3.0,2.0,2.0,2.0,3.0,2.0,2.0,1.0,3.0,2.0,2.0,2.0,3.0,2.0,4.0,3.0,3.0,2.0,3.0,2.0
R0095,1,30,6.1,4.0,2.0,3.0,4.0,3.0,3.0,2.0,4.0,4.0,3.0,3.0,3.0,3.0,3.0,3.0,3.0,3.0,4.0,2.0,3.0,4.0,4.0,4.0,4.0,3.0,5.0,4.0,5.0,4.0,3.0,4.0,3.0,2.0,3.0,3.0,2.0,4.0,2.0,2.0,3.0,2.0,2.0,4.0,3.0,2.0,2.0,3.0,4.0,4.0,3.0,3.0,3.0,4.0,4.0,4.0,4.0,3.0,4.0,4.0,4.0,5.0,3.0,3.0,3.0,4.0,3.0,5.0,4.0,1.0,1.0,1.0,2.0
R0096,1,32,5.8,3.0,4.0,3.0,2.0,3.0,2.0,3.0,4.0,3.0,2.0,3.0,3.0,3.0,2.0,4.0,4.0,3.0,3.0,2.0,3.0,3.0,2.0,3.0,3.0,3.0,1.0,2.0,3.0,4.0,3.0,4.0,3.0,2.0,2.0,2.0,3.0,3.0,3.0,3.0,3.0,3.0,3.0,4.0,3.0,3.0,4.0,3.0,5.0,5.0,4.0,4.0,5.0,2.0,2.0,2.0,2.0,2.0,1.0,1.0,1.0,5.0,2.0,3.0,2.0,4.0,4.0,3.0,4.0,3.0,2.0,4.0,3.0
R0097,2,24,4.1,3.0,4.0,4.0,,4.0,2.0,4.0,4.0,3.0,3.0,3.0,5.0,2.0,1.0,2.0,2.0,4.0,4.0,3.0,3.0,3.0,4.0,3.0,4.0,2.0,4.0,4.0,2.0,4.0,4.0,2.0,3.0,2.0,4.0,3.0,2.0,2.0,3.0,3.0,3.0,4.0,4.0,2.0,3.0,2.0,2.0,3.0,4.0,4.0,2.0,3.0,3.0,3.0,3.0,3.0,3.0,4.0,4.0,3.0,4.0,4.0,3.0,4.0,4.0,4.0,3.0,3.0,2.0,2.0,2.0,3.0,2.0
R0098,1,34,11.0,3.0,2.0,2.0,2.0,2.0,5.0,4.0,2.0,3.0,3.0,3.0,3.0,4.0,4.0,4.0,3.0,4.0,3.0,1.0,2.0,3.0,3.0,3.0,3.0,1.0,3.0,3.0,1.0,4.0,3.0,3.0,3.0,2.0,2.0,2.0,2.0,2.0,2.0,2.0,,2.0,4.0,4.0,3.0,3.0,3.0,,2.0,3.0,2.0,4.0,4.0,4.0,3.0,4.0,4.0,2.0,3.0,2.0,1.0,4.0,3.0,5.0,3.0,3.0,2.0,5.0,2.0,2.0,3.0,1.0,2.0
R0100,2,31,5.2,4.0,3.0,3.0,3.0,3.0,2.0,4.0,5.0,5.0,4.0,3.0,5.0,2.0,2.0,3.0,2.0,4.0,5.0,4.0,3.0,2.0,1.0,1.0,2.0,5.0,5.0,4.0,5.0,2.0,2.0,2.0,4.0,4.0,4.0,4.0,5.0,3.0,3.0,4.0,,3.0,4.0,3.0,4.0,3.0,3.0,3.0,4.0,4.0,3.0,4.0,4.0,3.0,4.0,3.0,4.0,3.0,3.0,3.0,4.0,4.0,3.0,4.0,5.0,4.0,2.0,3.0,3.0,2.0,3.0,3.0,3.0
R0101,1,39,2.0,4.0,2.0,3.0,3.0,2.0,3.0,3.0,3.0,3.0,3.0,4.0,4.0,3.0,3.0,3.0,3.0,2.0,3.0,2.0,3.0,3.0,4.0,4.0,5.0,4.0,4.0,2.0,2.0,3.0,4.0,3.0,3.0,2.0,1.0,2.0,2.0,2.0,1.0,3.0,3.0,3.0,2.0,1.0,3.0,1.0,2.0,5.0,3.0,3.0,2.0,2.0,2.0,2.0,2.0,3.0,2.0,2.0,3.0,2.0,2.0,1.0,2.0,3.0,1.0,3.0,2.0,3.0,2.0,3.0,2.0,3.0,3.0
R0102,1,23,2.0,2.0,2.0,2.0,3.0,3.0,5.0,1.0,2.0,3.0,2.0,2.0,2.0,4.0,3.0,4.0,3.0,1.0,2.0,2.0,2.0,3.0,3.0,5.0,4.0,3.0,2.0,2.0,2.0,5.0,4.0,5.0,4.0,2.0,3.0,3.0,2.0,2.0,2.0,2.0,3.0,3.0,3.0,3.0,2.0,3.0,3.0,3.0,2.0,2.0,2.0,2.0,2.0,2.0,2.0,2.0,3.0,2.0,2.0,1.0,1.0,2.0,3.0,3.0,2.0,1.0,1.0,1.0,2.0,2.0,1.0,2.0,2.0
R0103,2,36,1.3,1.0,3.0,2.0,3.0,3.0,4.0,3.0,3.0,4.0,4.0,3.0,3.0,3.0,5.0,5.0,3.0,2.0,3.0,2.0,2.0,5.0,3.0,2.0,4.0,3.0,3.0,4.0,4.0,4.0,3.0,4.0,4.0,2.0,3.0,3.0,3.0,2.0,2.0,3.0,2.0,3.0,3.0,3.0,3.0,3.0,4.0,3.0,2.0,4.0,3.0,3.0,2.0,4.0,2.0,3.0,4.0,4.0,4.0,4.0,2.0,2.0,1.0,1.0,1.0,4.0,2.0,3.0,2.0,4.0,3.0,3.0,3.0
R0104,1,21,0.4,4.0,5.0,4.0,4.0,3.0,3.0,4.0,4.0,5.0,4.0,4.0,3.0,3.0,3.0,4.0,3.0,3.0,4.0,4.0,4.0,3.0,3.0,4.0,3.0,3.0,3.0,2.0,3.0,2.0,2.0,1.0,3.0,4.0,3.0,5.0,4.0,5.0,4.0,5.0,4.0,5.0,4.0,5.0,5.0,5.0,4.0,2.0,3.0,3.0,3.0,4.0,,3.0,4.0,3.0,3.0,4.0,5.0,4.0,4.0,2.0,2.0,3.0,3.0,3.0,3.0,4.0,4.0,3.0,3.0,5.0,4.0
R0105,2,27,2.1,5.0,4.0,4.0,5.0,3.0,3.0,3.0,4.0,5.0,4.0,3.0,5.0,2.0,3.0,3.0,3.0,3.0,3.0,3.0,3.0,4.0,3.0,4.0,3.0,3.0,3.0,2.0,3.0,3.0,2.0,2.0,3.0,2.0,2.0,2.0,3.0,2.0,2.0,3.0,2.0,3.0,4.0,3.0,2.0,4.0,3.0,3.0,3.0,3.0,3.0,3.0,3.0,2.0,2.0,2.0,3.0,3.0,3.0,2.0,2.0,4.0,4.0,4.0,4.0,4.0,3.0,5.0,3.0,3.0,3.0,3.0,3.0
R0106,2,36,0.2,3.0,3.0,2.0,2.0,3.0,3.0,3.0,3.0,3.0,3.0,3.0,3.0,3.0,3.0,3.0,3.0,3.0,3.0,3.0,3.0,3.0,3.0,3.0,3.0,3.0,3.0,3.0,3.0,3.0,3.0,3.0,4.0,3.0,3.0,2.0,3.0,3.0,3.0,2.0,3.0,3.0,3.0,3.0,3.0,3.0,3.0,3.0,2.0,3.0,3.0,3.0,3.0,3.0,3.0,3.0,3.0,3.0,3.0,3.0,3.0,3.0,3.0,3.0,3.0,2.0,2.0,3.0,3.0,3.0,3.0,3.0,3.0
R0107,2,24,6.4,3.0,3.0,3.0,3.0,3.0,3.0,3.0,4.0,3.0,4.0,3.0,4.0,4.0,3.0,3.0,5.0,2.0,3.0,3.0,3.0,3.0,3.0,4.0,4.0,2.0,3.0,4.0,3.0,3.0,3.0,2.0,3.0,4.0,3.0,2.0,3.0,2.0,3.0,3.0,2.0,3.0,3.0,2.0,2.0,3.0,2.0,2.0,3.0,3.0,3.0,3.0,3.0,5.0,4.0,5.0,4.0,4.0,4.0,3.0,4.0,4.0,5.0,4.0,4.0,5.0,4.0,4.0,4.0,2.0,3.0,3.0,3.0
R0108,1,34,3.5,2.0,2.0,3.0,2.0,3.0,3.0,2.0,3.0,3.0,3.0,3.0,3.0,5.0,4.0,3.0,4.0,3.0,3.0,3.0,3.0,4.0,4.0,4.0,4.0,4.0,3.0,3.0,4.0,5.0,4.0,4.0,4.0,3.0,3.0,2.0,3.0,3.0,3.0,4.0,3.0,3.0,2.0,2.0,2.0,2.0,2.0,3.0,3.0,2.0,2.0,3.0,3.0,5.0,4.0,4.0,4.0,3.0,5.0,4.0,5.0,3.0,2.0,1.0,3.0,3.0,2.0,2.0,2.0,3.0,3.0,3.0,3.0
R0109,2,26,0.3,3.0,3.0,3.0,3.0,3.0,3.0,3.0,3.0,3.0,3.0,3.0,3.0,3.0,3.0,3.0,3.0,3.0,3.0,3.0,3.0,3.0,3.0,3.0,3.0,3.0,3.0,3.0,3.0,3.0,3.0,3.0,3.0,3.0,4.0,3.0,3.0,3.0,3.0,3.0,,3.0,3.0,3.0,3.0,3.0,3.0,3.0,3.0,3.0,3.0,3.0,3.0,3.0,3.0,3.0,3.0,3.0,3.0,3.0,3.0,3.0,3.0,3.0,3.0,3.0,2.0,3.0,3.0,3.0,3.0,3.0,3.0
R0110,1,31,3.5,5.0,4.0,5.0,4.0,5.0,2.0,4.0,4.0,5.0,2.0,4.0,3.0,2.0,2.0,3.0,4.0,2.0,3.0,3.0,2.0,3.0,3.0,4.0,4.0,4.0,2.0,2.0,3.0,4.0,3.0,3.0,2.0,4.0,3.0,4.0,4.0,3.0,4.0,3.0,4.0,4.0,5.0,5.0,5.0,4.0,5.0,3.0,3.0,3.0,3.0,3.0,3.0,3.0,3.0,3.0,3.0,4.0,5.0,4.0,5.0,4.0,3.0,4.0,4.0,5.0,5.0,3.0,5.0,4.0,5.0,4.0,4.0
R0111,2,24,4.1,3.0,3.0,3.0,3.0,3.0,3.0,3.0,3.0,3.0,3.0,3.0,3.0,3.0,3.0,3.0,3.0,3.0,3.0,3.0,3.0,3.0,3.0,3.0,3.0,3.0,3.0,3.0,3.0,3.0,3.0,3.0,3.0,3.0,3.0,3.0,3.0,3.0,3.0,3.0,3.0,3.0,3.0,3.0,3.0,3.0,3.0,3.0,3.0,3.0,3.0,3.0,3.0,3.0,3.0,3.0,3.0,3.0,3.0,3.0,3.0,3.0,3.0,3.0,3.0,3.0,3.0,3.0,3.0,3.0,3.0,3.0,3.0
R0112,2,26,1.4,4.0,4.0,4.0,3.0,4.0,2.0,3.0,4.0,4.0,4.0,3.0,4.0,3.0,2.0,3.0,2.0,3.0,3.0,1.0,2.0,3.0,2.0,3.0,3.0,3.0,2.0,3.0,2.0,2.0,2.0,3.0,2.0,3.0,3.0,3.0,3.0,3.0,3.0,3.0,3.0,3.0,4.0,3.0,3.0,2.0,3.0,2.0,3.0,4.0,3.0,3.0,3.0,5.0,5.0,5.0,5.0,4.0,5.0,4.0,4.0,5.0,3.0,4.0,4.0,4.0,3.0,5.0,3.0,4.0,3.0,4.0,3.0
R0113,1,24,2.3,3.0,3.0,4.0,3.0,3.0,3.0,5.0,5.0,5.0,3.0,2.0,4.0,3.0,4.0,4.0,3.0,2.0,3.0,3.0,3.0,5.0,5.0,5.0,5.0,3.0,3.0,4.0,3.0,3.0,3.0,3.0,2.0,2.0,3.0,2.0,3.0,2.0,3.0,3.0,2.0,3.0,2.0,4.0,3.0,3.0,4.0,4.0,2.0,5.0,2.0,3.0,3.0,4.0,2.0,4.0,3.0,2.0,3.0,3.0,2.0,4.0,3.0,3.0,3.0,2.0,3.0,2.0,2.0,4.0,4.0,4.0,3.0
R0114,2,21,2.6,5.0,5.0,5.0,5.0,4.0,1.0,3.0,5.0,3.0,4.0,3.0,5.0,2.0,2.0,3.0,3.0,4.0,4.0,5.0,4.0,4.0,4.0,4.0,4.0,3.0,3.0,2.0,3.0,3.0,3.0,2.0,2.0,4.0,5.0,4.0,5.0,5.0,4.0,5.0,4.0,4.0,4.0,4.0,3.0,4.0,4.0,1.0,5.0,4.0,4.0,5.0,4.0,3.0,1.0,4.0,4.0,3.0,3.0,3.0,4.0,3.0,4.0,4.0,3.0,3.0,2.0,3.0,4.0,4.0,4.0,4.0,4.0
R0115,1,31,1.5,5.0,3.0,3.0,2.0,3.0,2.0,4.0,4.0,3.0,3.0,4.0,4.0,2.0,3.0,4.0,2.0,3.0,4.0,4.0,4.0,4.0,3.0,3.0,3.0,4.0,5.0,3.0,3.0,2.0,3.0,3.0,3.0,2.0,2.0,2.0,3.0,3.0,2.0,4.0,3.0,3.0,3.0,3.0,4.0,3.0,3.0,2.0,3.0,3.0,3.0,3.0,3.0,4.0,4.0,4.0,3.0,4.0,4.0,3.0,3.0,3.0,3.0,4.0,4.0,3.0,3.0,3.0,2.0,3.0,3.0,3.0,4.0
R0116,1,26,11.9,3.0,2.0,4.0,3.0,4.0,3.0,5.0,3.0,3.0,4.0,3.0,3.0,4.0,4.0,4.0,3.0,2.0,4.0,2.0,3.0,4.0,3.0,3.0,3.0,4.0,4.0,2.0,1.0,3.0,3.0,3.0,4.0,2.0,3.0,3.0,3.0,3.0,3.0,4.0,2.0,4.0,3.0,2.0,2.0,1.0,2.0,4.0,3.0,3.0,3.0,3.0,3.0,1.0,2.0,3.0,2.0,4.0,4.0,5.0,5.0,4.0,4.0,3.0,5.0,2.0,2.0,3.0,3.0,4.0,3.0,4.0,4.0
R0117,2,24,2.7,3.0,3.0,3.0,3.0,3.0,3.0,3.0,3.0,3.0,3.0,3.0,3.0,3.0,3.0,3.0,3.0,3.0,3.0,3.0,3.0,3.0,3.0,3.0,3.0,3.0,3.0,3.0,3.0,3.0,3.0,3.0,3.0,3.0,3.0,3.0,3.0,3.0,3.0,3.0,3.0,3.0,3.0,3.0,3.0,3.0,3.0,3.0,3.0,3.0,3.0,3.0,3.0,3.0,3.0,3.0,3.0,3.0,3.0,3.0,3.0,3.0,3.0,3.0,3.0,3.0,3.0,3.0,3.0,3.0,3.0,3.0,3.0
R0118,2,33,3.5,4.0,2.0,4.0,4.0,3.0,3.0,4.0,3.0,4.0,3.0,2.0,3.0,2.0,3.0,3.0,3.0,3.0,3.0,5.0,4.0,3.0,3.0,3.0,3.0,4.0,3.0,3.0,3.0,4.0,4.0,4.0,2.0,2.0,2.0,2.0,3.0,2.0,1.0,2.0,2.0,3.0,3.0,3.0,2.0,3.0,3.0,3.0,3.0,3.0,1.0,1.0,1.0,3.0,2.0,3.0,3.0,4.0,4.0,2.0,3.0,3.0,3.0,2.0,3.0,3.0,3.0,2.0,3.0,4.0,3.0,4.0,5.0
R0119,2,29,2.1,3.0,3.0,3.0,2.0,3.0,2.0,1.0,3.0,4.0,4.0,5.0,4.0,5.0,4.0,4.0,5.0,2.0,3.0,4.0,3.0,4.0,2.0,4.0,5.0,3.0,4.0,3.0,4.0,3.0,2.0,2.0,4.0,2.0,3.0,5.0,4.0,4.0,2.0,3.0,4.0,4.0,2.0,4.0,4.0,5.0,4.0,3.0,3.0,4.0,2.0,4.0,4.0,3.0,3.0,3.0,4.0,2.0,1.0,1.0,2.0,3.0,2.0,4.0,2.0,3.0,2.0,3.0,3.0,4.0,4.0,4.0,3.0
R0120,1,29,2.6,4.0,4.0,5.0,3.0,3.0,2.0,3.0,4.0,4.0,3.0,2.0,2.0,4.0,5.0,4.0,4.0,4.0,3.0,3.0,3.0,2.0,3.0,3.0,3.0,4.0,5.0,4.0,3.0,3.0,3.0,2.0,3.0,2.0,1.0,3.0,2.0,1.0,3.0,2.0,3.0,2.0,3.0,2.0,3.0,3.0,2.0,3.0,3.0,2.0,2.0,2.0,2.0,5.0,5.0,5.0,5.0,4.0,4.0,4.0,3.0,3.0,3.0,2.0,3.0,3.0,3.0,2.0,2.0,5.0,4.0,5.0,5.0
R0121,2,25,0.7,3.0,,4.0,4.0,3.0,3.0,2.0,3.0,4.0,2.0,3.0,2.0,4.0,5.0,5.0,5.0,3.0,3.0,3.0,1.0,2.0,4.0,3.0,3.0,1.0,2.0,2.0,2.0,4.0,3.0,4.0,3.0,4.0,2.0,4.0,3.0,4.0,3.0,4.0,3.0,3.0,3.0,3.0,3.0,2.0,3.0,3.0,3.0,3.0,4.0,4.0,3.0,3.0,3.0,3.0,3.0,3.0,3.0,2.0,1.0,3.0,3.0,3.0,2.0,3.0,2.0,3.0,3.0,3.0,2.0,,3.0
R0122,2,38,2.5,4.0,4.0,3.0,3.0,3.0,2.0,2.0,4.0,4.0,3.0,3.0,3.0,3.0,4.0,4.0,3.0,3.0,3.0,4.0,3.0,3.0,2.0,3.0,3.0,4.0,3.0,4.0,3.0,2.0,3.0,3.0,3.0,3.0,5.0,3.0,3.0,3.0,3.0,4.0,3.0,3.0,2.0,2.0,3.0,3.0,3.0,2.0,4.0,3.0,3.0,3.0,3.0,4.0,4.0,3.0,3.0,2.0,4.0,3.0,5.0,4.0,5.0,3.0,3.0,3.0,3.0,3.0,2.0,4.0,3.0,3.0,3.0
R0123,1,39,6.3,4.0,4.0,4.0,4.0,4.0,3.0,4.0,4.0,4.0,4.0,4.0,4.0,4.0,4.0,4.0,4.0,4.0,4.0,4.0,4.0,4.0,4.0,4.0,4.0,4.0,4.0,4.0,4.0,4.0,4.0,4.0,4.0,4.0,4.0,,4.0,4.0,4.0,4.0,4.0,4.0,4.0,4.0,4.0,4.0,4.0,4.0,4.0,4.0,4.0,4.0,4.0,4.0,4.0,4.0,4.0,4.0,4.0,4.0,4.0,4.0,4.0,4.0,4.0,4.0,4.0,4.0,4.0,4.0,4.0,4.0,4.0
R0124,2,34,6.0,2.0,2.0,2.0,2.0,3.0,4.0,2.0,2.0,2.0,3.0,2.0,2.0,4.0,3.0,4.0,3.0,2.0,2.0,2.0,1.0,4.0,3.0,5.0,4.0,5.0,4.0,3.0,4.0,3.0,4.0,4.0,5.0,4.0,5.0,4.0,5.0,4.0,5.0,3.0,5.0,4.0,4.0,3.0,3.0,4.0,3.0,3.0,4.0,3.0,4.0,4.0,5.0,3.0,3.0,4.0,3.0,4.0,3.0,3.0,2.0,4.0,3.0,3.0,4.0,3.0,4.0,3.0,3.0,3.0,3.0,4.0,4.0
R0125,2,34,3.8,3.0,4.0,3.0,3.0,3.0,3.0,3.0,3.0,3.0,3.0,3.0,3.0,3.0,3.0,3.0,3.0,4.0,3.0,5.0,3.0,2.0,2.0,2.0,3.0,3.0,3.0,3.0,3.0,3.0,4.0,2.0,4.0,4.0,4.0,4.0,4.0,3.0,5.0,4.0,4.0,4.0,5.0,4.0,3.0,3.0,4.0,4.0,4.0,5.0,5.0,4.0,5.0,4.0,5.0,3.0,5.0,4.0,3.0,4.0,3.0,4.0,5.0,4.0,4.0,3.0,4.0,4.0,3.0,3.0,2.0,4.0,4.0
R0126,2,32,12.9,3.0,4.0,3.0,3.0,4.0,3.0,4.0,3.0,4.0,3.0,2.0,3.0,3.0,2.0,4.0,3.0,3.0,3.0,2.0,4.0,2.0,2.0,3.0,3.0,3.0,4.0,4.0,4.0,3.0,3.0,4.0,3.0,4.0,4.0,4.0,4.0,4.0,5.0,5.0,4.0,5.0,5.0,3.0,4.0,4.0,4.0,3.0,4.0,4.0,3.0,3.0,3.0,3.0,2.0,3.0,3.0,2.0,2.0,3.0,3.0,1.0,3.0,2.0,2.0,4.0,4.0,5.0,4.0,4.0,5.0,3.0,4.0
R0127,1,38,4.6,3.0,4.0,5.0,3.0,3.0,3.0,4.0,4.0,3.0,3.0,3.0,4.0,2.0,3.0,3.0,3.0,4.0,4.0,5.0,3.0,2.0,2.0,2.0,2.0,4.0,3.0,2.0,3.0,4.0,3.0,3.0,4.0,3.0,3.0,2.0,3.0,3.0,3.0,3.0,3.0,3.0,5.0,3.0,3.0,1.0,3.0,4.0,2.0,3.0,2.0,2.0,,4.0,2.0,3.0,3.0,5.0,4.0,3.0,3.0,2.0,4.0,4.0,3.0,4.0,3.0,4.0,4.0,3.0,2.0,4.0,2.0
R0128,2,35,5.3,4.0,5.0,4.0,2.0,3.0,3.0,2.0,4.0,3.0,4.0,4.0,4.0,3.0,4.0,5.0,4.0,2.0,3.0,3.0,2.0,4.0,3.0,5.0,4.0,2.0,2.0,2.0,2.0,4.0,4.0,4.0,4.0,3.0,4.0,4.0,3.0,3.0,4.0,4.0,3.0,5.0,3.0,3.0,3.0,2.0,3.0,4.0,4.0,5.0,4.0,3.0,5.0,3.0,3.0,2.0,2.0,3.0,4.0,4.0,3.0,5.0,5.0,3.0,4.0,3.0,2.0,3.0,2.0,4.0,4.0,3.0,4.0
R0129,2,36,1.8,2.0,2.0,3.0,2.0,3.0,3.0,4.0,4.0,1.0,2.0,2.0,2.0,4.0,3.0,3.0,3.0,3.0,2.0,1.0,2.0,4.0,4.0,4.0,4.0,3.0,2.0,2.0,2.0,3.0,3.0,4.0,4.0,1.0,4.0,1.0,3.0,2.0,2.0,2.0,3.0,5.0,3.0,5.0,4.0,4.0,5.0,2.0,3.0,3.0,3.0,3.0,2.0,4.0,3.0,3.0,4.0,4.0,4.0,4.0,5.0,3.0,3.0,3.0,3.0,4.0,3.0,4.0,5.0,4.0,5.0,4.0,5.0
R0130,2,30,4.3,3.0,3.0,3.0,3.0,3.0,3.0,2.0,2.0,3.0,3.0,3.0,3.0,3.0,3.0,3.0,3.0,3.0,3.0,3.0,3.0,3.0,3.0,3.0,3.0,3.0,3.0,3.0,3.0,3.0,3.0,3.0,3.0,3.0,3.0,3.0,3.0,2.0,3.0,3.0,2.0,3.0,3.0,3.0,3.0,3.0,3.0,4.0,3.0,3.0,3.0,3.0,3.0,3.0,3.0,3.0,2.0,3.0,3.0,3.0,3.0,3.0,3.0,3.0,3.0,3.0,3.0,3.0,2.0,3.0,3.0,3.0,3.0
R0131,2,28,2.3,3.0,3.0,4.0,5.0,4.0,3.0,4.0,5.0,4.0,3.0,3.0,4.0,3.0,4.0,4.0,2.0,3.0,3.0,4.0,3.0,3.0,2.0,3.0,3.0,2.0,4.0,3.0,2.0,2.0,2.0,2.0,3.0,4.0,4.0,3.0,3.0,3.0,4.0,4.0,4.0,5.0,3.0,4.0,4.0,3.0,4.0,3.0,3.0,4.0,2.0,2.0,3.0,2.0,3.0,4.0,4.0,4.0,5.0,3.0,4.0,4.0,4.0,3.0,4.0,4.0,3.0,4.0,4.0,4.0,3.0,4.0,5.0
R0132,1,39,5.8,4.0,3.0,4.0,3.0,4.0,3.0,2.0,3.0,3.0,4.0,3.0,5.0,3.0,3.0,4.0,3.0,2.0,3.0,3.0,2.0,3.0,2.0,3.0,3.0,3.0,3.0,4.0,2.0,5.0,4.0,5.0,4.0,3.0,4.0,2.0,3.0,3.0,2.0,2.0,2.0,2.0,2.0,4.0,4.0,3.0,4.0,1.0,3.0,3.0,1.0,2.0,2.0,4.0,4.0,4.0,4.0,3.0,3.0,3.0,3.0,2.0,2.0,2.0,3.0,3.0,4.0,4.0,4.0,5.0,4.0,4.0,4.0
R0133,2,39,5.7,4.0,4.0,4.0,3.0,2.0,2.0,2.0,5.0,3.0,4.0,5.0,4.0,3.0,2.0,2.0,3.0,3.0,4.0,4.0,5.0,3.0,3.0,3.0,3.0,2.0,2.0,3.0,3.0,3.0,3.0,4.0,4.0,4.0,3.0,4.0,3.0,4.0,3.0,4.0,4.0,3.0,3.0,4.0,3.0,3.0,4.0,2.0,4.0,4.0,2.0,3.0,3.0,3.0,3.0,3.0,3.0,2.0,2.0,1.0,1.0,2.0,4.0,2.0,3.0,3.0,3.0,3.0,4.0,5.0,5.0,4.0,4.0
R0134,1,39,2.6,1.0,2.0,1.0,1.0,2.0,4.0,2.0,2.0,2.0,3.0,4.0,4.0,3.0,3.0,4.0,4.0,3.0,3.0,3.0,3.0,3.0,2.0,1.0,3.0,2.0,4.0,4.0,3.0,4.0,3.0,3.0,3.0,1.0,2.0,3.0,3.0,2.0,3.0,2.0,4.0,3.0,2.0,1.0,3.0,2.0,2.0,4.0,2.0,4.0,3.0,3.0,2.0,2.0,4.0,2.0,4.0,3.0,2.0,2.0,1.0,2.0,4.0,3.0,3.0,2.0,3.0,3.0,2.0,2.0,1.0,1.0,2.0
R0136,1,31,2.1,3.0,4.0,5.0,4.0,4.0,2.0,4.0,4.0,3.0,3.0,3.0,3.0,4.0,3.0,3.0,3.0,4.0,3.0,4.0,3.0,3.0,3.0,3.0,3.0,4.0,3.0,4.0,3.0,3.0,3.0,3.0,4.0,3.0,5.0,3.0,4.0,3.0,5.0,4.0,5.0,4.0,3.0,3.0,3.0,2.0,3.0,3.0,4.0,4.0,3.0,4.0,4.0,5.0,5.0,4.0,4.0,3.0,4.0,5.0,3.0,3.0,4.0,4.0,4.0,4.0,3.0,3.0,4.0,4.0,5.0,5.0,4.0
R0138,2,38,0.7,2.0,4.0,4.0,4.0,3.0,2.0,4.0,4.0,4.0,4.0,3.0,4.0,2.0,3.0,4.0,4.0,4.0,4.0,2.0,4.0,3.0,3.0,4.0,2.0,4.0,5.0,5.0,2.0,3.0,3.0,4.0,3.0,2.0,2.0,3.0,3.0,3.0,3.0,3.0,3.0,2.0,3.0,3.0,3.0,3.0,2.0,4.0,2.0,4.0,2.0,3.0,2.0,4.0,3.0,4.0,4.0,4.0,5.0,3.0,3.0,3.0,2.0,2.0,4.0,3.0,2.0,3.0,2.0,3.0,3.0,3.0,3.0
R0139,1,26,1.7,2.0,2.0,3.0,3.0,3.0,3.0,2.0,3.0,5.0,3.0,2.0,2.0,4.0,3.0,4.0,3.0,2.0,2.0,3.0,2.0,4.0,4.0,4.0,5.0,2.0,1.0,2.0,2.0,5.0,4.0,3.0,3.0,2.0,2.0,3.0,2.0,2.0,2.0,2.0,2.0,2.0,1.0,1.0,,3.0,3.0,4.0,3.0,2.0,2.0,2.0,3.0,2.0,2.0,2.0,1.0,3.0,2.0,2.0,3.0,2.0,3.0,3.0,2.0,2.0,2.0,2.0,2.0,3.0,3.0,4.0,3.0
R0141,2,21,1.0,3.0,3.0,3.0,3.0,3.0,3.0,3.0,3.0,3.0,3.0,3.0,3.0,3.0,3.0,3.0,3.0,3.0,3.0,3.0,3.0,3.0,3.0,3.0,3.0,3.0,3.0,3.0,3.0,3.0,3.0,3.0,3.0,3.0,3.0,3.0,3.0,3.0,3.0,3.0,3.0,3.0,3.0,3.0,3.0,3.0,3.0,3.0,3.0,3.0,3.0,3.0,3.0,3.0,3.0,3.0,3.0,3.0,3.0,3.0,3.0,3.0,3.0,3.0,3.0,3.0,3.0,3.0,3.0,3.0,3.0,3.0,3.0
R0142,2,32,5.0,2.0,2.0,2.0,2.0,4.0,4.0,1.0,2.0,3.0,3.0,3.0,4.0,2.0,3.0,2.0,3.0,3.0,3.0,2.0,3.0,3.0,4.0,3.0,4.0,1.0,2.0,2.0,2.0,4.0,4.0,4.0,5.0,2.0,2.0,3.0,1.0,1.0,1.0,2.0,1.0,2.0,2.0,3.0,2.0,2.0,3.0,4.0,1.0,2.0,3.0,1.0,2.0,2.0,2.0,3.0,3.0,2.0,3.0,2.0,2.0,1.0,1.0,3.0,1.0,1.0,2.0,1.0,1.0,2.0,1.0,1.0,2.0
R0143,2,25,4.1,3.0,3.0,4.0,2.0,3.0,3.0,4.0,3.0,5.0,5.0,4.0,4.0,4.0,3.0,3.0,4.0,3.0,3.0,3.0,3.0,4.0,3.0,5.0,3.0,4.0,4.0,2.0,4.0,4.0,4.0,4.0,3.0,2.0,3.0,3.0,3.0,3.0,3.0,3.0,5.0,4.0,5.0,4.0,4.0,3.0,3.0,2.0,2.0,5.0,4.0,3.0,3.0,,4.0,5.0,2.0,4.0,4.0,3.0,5.0,3.0,2.0,3.0,2.0,2.0,2.0,3.0,2.0,3.0,3.0,4.0,4.0
R0144,1,23,6.1,3.0,3.0,4.0,4.0,3.0,3.0,2.0,3.0,1.0,3.0,3.0,2.0,3.0,3.0,3.0,3.0,5.0,4.0,3.0,3.0,2.0,2.0,2.0,3.0,3.0,4.0,4.0,3.0,4.0,3.0,3.0,4.0,3.0,3.0,4.0,3.0,2.0,3.0,4.0,3.0,4.0,4.0,4.0,3.0,3.0,3.0,3.0,3.0,3.0,3.0,2.0,3.0,4.0,4.0,4.0,4.0,4.0,3.0,3.0,4.0,3.0,4.0,5.0,3.0,3.0,2.0,3.0,3.0,3.0,1.0,2.0,2.0
R0145,2,35,8.6,2.0,1.0,2.0,1.0,2.0,4.0,1.0,2.0,2.0,3.0,3.0,3.0,4.0,3.0,4.0,4.0,2.0,3.0,2.0,2.0,3.0,3.0,3.0,2.0,4.0,3.0,3.0,3.0,4.0,4.0,5.0,3.0,2.0,2.0,3.0,3.0,2.0,3.0,2.0,2.0,3.0,3.0,4.0,3.0,3.0,4.0,2.0,3.0,3.0,3.0,3.0,3.0,2.0,1.0,2.0,3.0,2.0,2.0,2.0,1.0,3.0,2.0,3.0,3.0,2.0,1.0,1.0,1.0,2.0,2.0,2.0,3.0
R0146,2,29,2.7,3.0,2.0,4.0,2.0,2.0,4.0,2.0,3.0,3.0,4.0,5.0,4.0,3.0,4.0,3.0,3.0,4.0,3.0,4.0,3.0,3.0,3.0,2.0,3.0,2.0,3.0,3.0,3.0,3.0,3.0,3.0,3.0,2.0,4.0,4.0,3.0,1.0,4.0,2.0,3.0,4.0,4.0,4.0,3.0,3.0,3.0,4.0,,4.0,3.0,1.0,2.0,3.0,4.0,3.0,4.0,3.0,3.0,3.0,4.0,5.0,4.0,3.0,4.0,3.0,3.0,4.0,4.0,2.0,2.0,3.0,1.0
R0147,1,27,2.4,3.0,4.0,4.0,4.0,3.0,3.0,2.0,2.0,5.0,5.0,4.0,5.0,2.0,3.0,2.0,2.0,4.0,5.0,4.0,3.0,2.0,3.0,3.0,3.0,4.0,5.0,5.0,5.0,2.0,2.0,2.0,2.0,4.0,3.0,5.0,4.0,3.0,4.0,4.0,5.0,5.0,4.0,3.0,3.0,4.0,4.0,3.0,3.0,3.0,2.0,3.0,2.0,4.0,4.0,4.0,4.0,4.0,4.0,4.0,5.0,3.0,4.0,5.0,5.0,4.0,5.0,5.0,4.0,5.0,5.0,5.0,4.0
R0148,1,35,3.7,5.0,5.0,4.0,4.0,4.0,3.0,3.0,5.0,4.0,3.0,4.0,3.0,3.0,3.0,3.0,4.0,4.0,5.0,4.0,5.0,2.0,3.0,2.0,3.0,4.0,4.0,5.0,4.0,3.0,3.0,4.0,3.0,5.0,3.0,5.0,4.0,3.0,3.0,4.0,5.0,4.0,4.0,5.0,5.0,3.0,2.0,2.0,5.0,4.0,5.0,5.0,5.0,5.0,4.0,4.0,5.0,4.0,4.0,4.0,4.0,4.0,5.0,4.0,4.0,4.0,3.0,3.0,4.0,3.0,3.0,5.0,3.0
R0149,2,28,1.9,3.0,3.0,4.0,3.0,4.0,3.0,3.0,4.0,4.0,4.0,4.0,5.0,3.0,3.0,3.0,2.0,3.0,4.0,3.0,4.0,4.0,4.0,4.0,3.0,5.0,5.0,3.0,3.0,4.0,4.0,3.0,3.0,4.0,3.0,3.0,4.0,3.0,3.0,5.0,3.0,2.0,4.0,4.0,,2.0,3.0,3.0,2.0,3.0,3.0,2.0,2.0,3.0,2.0,3.0,2.0,3.0,3.0,3.0,2.0,5.0,4.0,4.0,4.0,4.0,3.0,5.0,4.0,5.0,5.0,5.0,4.0
R0150,2,40,3.2,4.0,5.0,5.0,4.0,4.0,2.0,4.0,2.0,4.0,3.0,4.0,3.0,2.0,3.0,3.0,3.0,5.0,4.0,4.0,2.0,3.0,4.0,3.0,3.0,3.0,3.0,5.0,3.0,3.0,4.0,4.0,3.0,3.0,4.0,4.0,4.0,4.0,3.0,4.0,3.0,4.0,2.0,3.0,3.0,3.0,3.0,3.0,4.0,5.0,3.0,3.0,5.0,4.0,3.0,,4.0,3.0,3.0,2.0,3.0,3.0,3.0,3.0,3.0,4.0,,4.0,4.0,4.0,3.0,5.0,3.0
R0151,1,30,1.9,3.0,1.0,3.0,4.0,3.0,4.0,2.0,4.0,4.0,3.0,4.0,3.0,2.0,3.0,1.0,2.0,3.0,3.0,2.0,3.0,3.0,3.0,2.0,2.0,3.0,4.0,3.0,3.0,4.0,2.0,3.0,3.0,4.0,5.0,3.0,4.0,3.0,3.0,4.0,4.0,3.0,3.0,3.0,3.0,4.0,4.0,2.0,5.0,5.0,4.0,5.0,4.0,3.0,3.0,1.0,3.0,3.0,3.0,3.0,3.0,3.0,3.0,3.0,3.0,3.0,3.0,5.0,4.0,2.0,3.0,3.0,3.0
R0152,2,33,5.0,2.0,1.0,1.0,2.0,1.0,5.0,2.0,2.0,2.0,4.0,3.0,3.0,4.0,3.0,3.0,4.0,4.0,3.0,2.0,4.0,4.0,2.0,5.0,4.0,2.0,3.0,3.0,3.0,5.0,5.0,5.0,4.0,2.0,2.0,3.0,2.0,2.0,3.0,4.0,4.0,5.0,3.0,4.0,3.0,2.0,2.0,3.0,4.0,3.0,4.0,3.0,2.0,2.0,3.0,4.0,3.0,3.0,3.0,2.0,3.0,3.0,2.0,1.0,3.0,3.0,3.0,3.0,1.0,3.0,2.0,2.0,2.0
R0153,2,32,1.4,2.0,2.0,2.0,2.0,2.0,4.0,1.0,2.0,5.0,4.0,3.0,3.0,2.0,4.0,2.0,3.0,4.0,3.0,2.0,3.0,3.0,3.0,4.0,3.0,3.0,3.0,5.0,2.0,4.0,3.0,3.0,2.0,3.0,4.0,5.0,4.0,4.0,4.0,4.0,5.0,3.0,5.0,4.0,4.0,4.0,5.0,2.0,4.0,4.0,3.0,4.0,4.0,3.0,5.0,4.0,2.0,4.0,4.0,4.0,5.0,2.0,3.0,2.0,4.0,3.0,3.0,4.0,3.0,2.0,2.0,2.0,2.0
R0154,2,25,2.1,4.0,2.0,3.0,3.0,2.0,4.0,2.0,3.0,4.0,4.0,4.0,5.0,2.0,3.0,4.0,4.0,4.0,3.0,4.0,3.0,3.0,3.0,4.0,3.0,4.0,3.0,3.0,3.0,1.0,2.0,2.0,3.0,4.0,4.0,3.0,4.0,3.0,3.0,3.0,4.0,3.0,3.0,3.0,2.0,3.0,2.0,4.0,3.0,4.0,4.0,3.0,4.0,3.0,3.0,3.0,4.0,2.0,3.0,2.0,4.0,4.0,3.0,3.0,4.0,3.0,2.0,2.0,2.0,4.0,3.0,4.0,4.0
R0155,1,30,0.6,4.0,2.0,2.0,3.0,4.0,3.0,1.0,2.0,,4.0,5.0,4.0,2.0,3.0,4.0,2.0,3.0,3.0,4.0,3.0,3.0,3.0,3.0,3.0,4.0,3.0,4.0,3.0,3.0,3.0,3.0,2.0,5.0,3.0,4.0,4.0,5.0,4.0,4.0,,3.0,3.0,5.0,4.0,5.0,5.0,2.0,4.0,3.0,4.0,4.0,3.0,4.0,3.0,4.0,3.0,4.0,4.0,5.0,3.0,4.0,3.0,3.0,4.0,4.0,4.0,4.0,4.0,5.0,4.0,4.0,4.0
R0156,1,38,0.2,4.0,3.0,4.0,3.0,4.0,1.0,3.0,3.0,4.0,4.0,4.0,3.0,3.0,3.0,3.0,3.0,4.0,4.0,5.0,4.0,2.0,3.0,4.0,3.0,4.0,5.0,5.0,3.0,3.0,3.0,3.0,4.0,5.0,4.0,4.0,5.0,5.0,5.0,3.0,4.0,4.0,5.0,4.0,4.0,4.0,3.0,2.0,3.0,4.0,4.0,4.0,4.0,5.0,4.0,3.0,4.0,3.0,3.0,3.0,3.0,3.0,3.0,2.0,3.0,4.0,4.0,4.0,3.0,3.0,2.0,3.0,3.0
R0157,1,35,6.9,5.0,4.0,4.0,5.0,4.0,2.0,3.0,2.0,4.0,5.0,4.0,5.0,2.0,3.0,1.0,3.0,4.0,4.0,4.0,4.0,2.0,2.0,3.0,3.0,5.0,4.0,5.0,4.0,2.0,2.0,3.0,3.0,4.0,3.0,5.0,4.0,4.0,2.0,4.0,4.0,4.0,4.0,3.0,3.0,3.0,3.0,3.0,3.0,3.0,3.0,4.0,2.0,4.0,4.0,3.0,3.0,3.0,4.0,4.0,3.0,4.0,3.0,4.0,4.0,5.0,3.0,4.0,4.0,3.0,5.0,5.0,3.0
R0159,1,27,6.4,3.0,4.0,4.0,5.0,4.0,3.0,5.0,5.0,4.0,4.0,3.0,4.0,2.0,3.0,3.0,3.0,4.0,4.0,3.0,3.0,3.0,4.0,3.0,3.0,2.0,3.0,3.0,3.0,2.0,2.0,3.0,3.0,4.0,3.0,4.0,3.0,3.0,4.0,4.0,3.0,4.0,3.0,3.0,3.0,2.0,4.0,3.0,5.0,4.0,4.0,5.0,3.0,5.0,4.0,5.0,3.0,3.0,3.0,3.0,3.0,3.0,3.0,3.0,5.0,3.0,4.0,3.0,4.0,5.0,5.0,4.0,5.0
R0161,2,32,7.4,3.0,2.0,3.0,3.0,1.0,3.0,2.0,2.0,3.0,3.0,3.0,3.0,4.0,4.0,3.0,4.0,2.0,3.0,2.0,3.0,2.0,2.0,2.0,4.0,3.0,2.0,2.0,3.0,3.0,2.0,3.0,4.0,2.0,3.0,3.0,3.0,4.0,2.0,2.0,1.0,2.0,2.0,3.0,3.0,3.0,2.0,3.0,3.0,3.0,4.0,4.0,4.0,4.0,3.0,2.0,2.0,5.0,3.0,4.0,4.0,2.0,2.0,3.0,2.0,3.0,3.0,4.0,2.0,2.0,3.0,2.0,3.0
R0162,2,38,7.0,3.0,3.0,3.0,4.0,3.0,3.0,1.0,3.0,4.0,2.0,2.0,3.0,3.0,3.0,4.0,4.0,4.0,3.0,2.0,2.0,4.0,2.0,3.0,3.0,4.0,4.0,4.0,4.0,4.0,2.0,2.0,3.0,3.0,5.0,2.0,4.0,3.0,4.0,5.0,5.0,3.0,3.0,4.0,4.0,4.0,4.0,2.0,3.0,5.0,3.0,2.0,3.0,5.0,5.0,5.0,4.0,5.0,5.0,4.0,5.0,4.0,5.0,4.0,5.0,4.0,4.0,4.0,3.0,2.0,4.0,2.0,2.0
R0163,1,31,2.9,3.0,2.0,2.0,3.0,3.0,4.0,2.0,2.0,5.0,3.0,5.0,5.0,3.0,2.0,2.0,4.0,3.0,4.0,3.0,3.0,3.0,3.0,3.0,2.0,4.0,4.0,4.0,3.0,3.0,2.0,4.0,4.0,3.0,3.0,4.0,2.0,3.0,4.0,4.0,3.0,5.0,4.0,4.0,4.0,3.0,4.0,2.0,3.0,4.0,2.0,3.0,3.0,5.0,3.0,4.0,3.0,5.0,5.0,4.0,4.0,5.0,4.0,5.0,5.0,4.0,3.0,2.0,4.0,4.0,3.0,3.0,3.0
R0164,1,32,0.5,5.0,3.0,4.0,3.0,3.0,2.0,4.0,3.0,4.0,2.0,3.0,2.0,3.0,3.0,3.0,4.0,3.0,3.0,4.0,3.0,4.0,4.0,4.0,5.0,3.0,2.0,2.0,2.0,4.0,4.0,5.0,4.0,3.0,2.0,3.0,2.0,2.0,2.0,3.0,3.0,3.0,3.0,2.0,3.0,2.0,3.0,3.0,3.0,3.0,3.0,2.0,2.0,3.0,3.0,3.0,3.0,1.0,2.0,2.0,2.0,4.0,3.0,3.0,4.0,3.0,2.0,2.0,3.0,3.0,4.0,2.0,3.0
R0165,1,29,1.7,3.0,3.0,3.0,3.0,3.0,3.0,3.0,3.0,3.0,3.0,3.0,3.0,3.0,3.0,3.0,3.0,3.0,3.0,3.0,3.0,3.0,3.0,3.0,3.0,3.0,3.0,3.0,3.0,3.0,3.0,3.0,3.0,3.0,3.0,3.0,3.0,3.0,3.0,3.0,3.0,3.0,3.0,3.0,3.0,3.0,3.0,3.0,3.0,3.0,3.0,3.0,3.0,3.0,3.0,3.0,3.0,3.0,3.0,3.0,3.0,,3.0,3.0,3.0,3.0,3.0,3.0,3.0,3.0,3.0,3.0,3.0
R0166,2,36,3.7,2.0,3.0,4.0,4.0,3.0,2.0,4.0,3.0,4.0,3.0,3.0,5.0,2.0,3.0,2.0,3.0,4.0,4.0,4.0,5.0,2.0,3.0,3.0,3.0,4.0,3.0,3.0,4.0,2.0,1.0,2.0,2.0,3.0,3.0,5.0,4.0,3.0,3.0,4.0,4.0,3.0,3.0,4.0,4.0,3.0,4.0,3.0,3.0,2.0,2.0,2.0,2.0,2.0,3.0,2.0,3.0,4.0,3.0,2.0,4.0,4.0,3.0,4.0,4.0,4.0,3.0,4.0,2.0,4.0,2.0,3.0,3.0
R0167,2,39,2.4,4.0,3.0,3.0,5.0,3.0,2.0,,3.0,5.0,3.0,3.0,3.0,3.0,4.0,3.0,2.0,4.0,4.0,3.0,3.0,3.0,2.0,2.0,3.0,3.0,4.0,5.0,3.0,3.0,2.0,3.0,3.0,5.0,4.0,4.0,4.0,5.0,3.0,2.0,3.0,3.0,3.0,4.0,4.0,3.0,3.0,2.0,4.0,3.0,4.0,4.0,4.0,2.0,2.0,3.0,2.0,3.0,2.0,3.0,3.0,4.0,3.0,3.0,2.0,2.0,2.0,4.0,2.0,4.0,4.0,4.0,4.0
R0168,2,26,10.5,4.0,4.0,5.0,4.0,4.0,2.0,5.0,5.0,4.0,4.0,4.0,4.0,2.0,3.0,3.0,2.0,5.0,4.0,4.0,4.0,1.0,2.0,1.0,3.0,4.0,4.0,3.0,3.0,3.0,3.0,3.0,2.0,3.0,5.0,5.0,5.0,4.0,5.0,4.0,5.0,5.0,5.0,5.0,5.0,4.0,4.0,1.0,4.0,3.0,3.0,3.0,2.0,3.0,4.0,4.0,3.0,4.0,4.0,4.0,4.0,5.0,4.0,4.0,5.0,5.0,5.0,5.0,5.0,5.0,4.0,5.0,5.0
R0169,2,34,4.4,4.0,4.0,5.0,3.0,4.0,2.0,3.0,5.0,4.0,4.0,3.0,4.0,3.0,3.0,3.0,3.0,3.0,4.0,3.0,4.0,3.0,3.0,3.0,4.0,4.0,4.0,4.0,3.0,3.0,3.0,3.0,4.0,3.0,3.0,4.0,4.0,4.0,3.0,4.0,4.0,4.0,4.0,4.0,3.0,2.0,3.0,2.0,4.0,4.0,5.0,5.0,5.0,3.0,3.0,4.0,3.0,3.0,3.0,4.0,3.0,3.0,4.0,3.0,3.0,4.0,4.0,3.0,4.0,4.0,4.0,5.0,3.0
R0170,2,32,1.8,2.0,2.0,1.0,1.0,1.0,3.0,2.0,1.0,5.0,5.0,3.0,3.0,3.0,1.0,2.0,2.0,4.0,4.0,3.0,3.0,2.0,3.0,3.0,3.0,3.0,5.0,4.0,5.0,2.0,2.0,2.0,3.0,5.0,4.0,4.0,5.0,3.0,4.0,5.0,5.0,4.0,4.0,4.0,5.0,4.0,5.0,2.0,5.0,5.0,3.0,4.0,4.0,4.0,4.0,5.0,4.0,4.0,4.0,3.0,3.0,2.0,2.0,2.0,2.0,5.0,4.0,4.0,4.0,3.0,3.0,4.0,3.0
R0171,2,33,3.1,1.0,1.0,3.0,1.0,3.0,4.0,1.0,2.0,4.0,4.0,4.0,5.0,3.0,3.0,3.0,3.0,4.0,3.0,2.0,2.0,2.0,2.0,2.0,2.0,3.0,4.0,2.0,3.0,3.0,3.0,3.0,2.0,4.0,4.0,3.0,3.0,4.0,3.0,4.0,4.0,4.0,3.0,5.0,4.0,3.0,5.0,2.0,3.0,3.0,4.0,3.0,3.0,2.0,4.0,4.0,4.0,3.0,3.0,4.0,3.0,2.0,3.0,3.0,4.0,3.0,3.0,3.0,3.0,2.0,2.0,4.0,4.0
R0172,1,35,2.1,4.0,4.0,3.0,5.0,4.0,3.0,4.0,3.0,4.0,3.0,3.0,3.0,3.0,4.0,3.0,4.0,3.0,3.0,2.0,3.0,3.0,3.0,3.0,3.0,4.0,4.0,3.0,3.0,3.0,2.0,3.0,3.0,3.0,3.0,4.0,3.0,3.0,3.0,4.0,2.0,3.0,3.0,2.0,3.0,3.0,4.0,4.0,4.0,4.0,3.0,3.0,4.0,4.0,4.0,4.0,4.0,5.0,5.0,5.0,4.0,3.0,3.0,3.0,3.0,4.0,3.0,5.0,4.0,3.0,4.0,3.0,3.0
R0173,2,35,0.6,4.0,3.0,5.0,4.0,4.0,1.0,5.0,5.0,4.0,4.0,3.0,4.0,1.0,1.0,3.0,2.0,4.0,5.0,2.0,4.0,3.0,3.0,2.0,3.0,3.0,4.0,3.0,4.0,3.0,2.0,3.0,3.0,4.0,5.0,3.0,4.0,3.0,5.0,4.0,5.0,5.0,4.0,5.0,5.0,5.0,4.0,1.0,4.0,4.0,4.0,4.0,4.0,3.0,3.0,4.0,4.0,4.0,4.0,4.0,4.0,3.0,3.0,4.0,3.0,3.0,3.0,3.0,4.0,3.0,4.0,4.0,4.0
R0175,1,32,0.2,3.0,3.0,4.0,4.0,3.0,2.0,3.0,4.0,3.0,3.0,3.0,3.0,2.0,2.0,4.0,,5.0,5.0,4.0,4.0,3.0,2.0,3.0,3.0,3.0,3.0,2.0,3.0,2.0,3.0,2.0,2.0,4.0,3.0,5.0,4.0,,3.0,3.0,4.0,2.0,4.0,5.0,4.0,4.0,3.0,2.0,3.0,4.0,4.0,3.0,5.0,3.0,5.0,3.0,3.0,3.0,3.0,3.0,3.0,4.0,3.0,3.0,4.0,3.0,2.0,5.0,3.0,1.0,1.0,2.0,2.0
R0176,2,28,0.6,3.0,2.0,4.0,3.0,4.0,2.0,2.0,4.0,5.0,4.0,4.0,4.0,3.0,3.0,3.0,4.0,2.0,3.0,2.0,2.0,4.0,3.0,4.0,2.0,3.0,4.0,4.0,3.0,3.0,3.0,3.0,4.0,2.0,3.0,3.0,2.0,3.0,3.0,4.0,3.0,3.0,3.0,4.0,3.0,2.0,3.0,4.0,4.0,4.0,4.0,4.0,4.0,4.0,4.0,3.0,4.0,3.0,4.0,4.0,4.0,3.0,4.0,4.0,3.0,4.0,4.0,3.0,3.0,4.0,4.0,4.0,4.0
R0177,2,22,3.0,2.0,1.0,2.0,3.0,3.0,2.0,2.0,4.0,4.0,4.0,2.0,4.0,3.0,4.0,3.0,3.0,2.0,3.0,3.0,3.0,2.0,3.0,3.0,3.0,4.0,2.0,3.0,3.0,4.0,3.0,3.0,4.0,3.0,4.0,2.0,3.0,3.0,3.0,3.0,4.0,4.0,4.0,3.0,4.0,3.0,4.0,4.0,3.0,3.0,4.0,3.0,3.0,4.0,3.0,4.0,3.0,2.0,2.0,4.0,2.0,3.0,2.0,3.0,4.0,4.0,4.0,5.0,3.0,3.0,2.0,2.0,4.0
R0178,2,30,2.4,1.0,3.0,3.0,2.0,3.0,3.0,3.0,2.0,4.0,3.0,4.0,3.0,4.0,3.0,4.0,4.0,4.0,4.0,4.0,3.0,4.0,4.0,4.0,5.0,3.0,4.0,2.0,2.0,4.0,4.0,3.0,5.0,3.0,3.0,3.0,2.0,3.0,3.0,2.0,4.0,2.0,5.0,3.0,3.0,3.0,2.0,4.0,3.0,4.0,3.0,3.0,3.0,4.0,3.0,5.0,3.0,2.0,4.0,3.0,2.0,3.0,3.0,2.0,3.0,3.0,3.0,4.0,2.0,4.0,3.0,4.0,3.0
R0180,2,28,10.6,2.0,3.0,3.0,2.0,3.0,4.0,4.0,3.0,3.0,4.0,4.0,5.0,4.0,4.0,4.0,4.0,3.0,3.0,2.0,3.0,4.0,3.0,4.0,4.0,2.0,3.0,2.0,2.0,3.0,3.0,4.0,4.0,2.0,3.0,3.0,2.0,3.0,3.0,3.0,2.0,,4.0,2.0,3.0,2.0,3.0,4.0,2.0,3.0,2.0,1.0,2.0,3.0,2.0,3.0,3.0,3.0,2.0,2.0,2.0,2.0,4.0,2.0,2.0,2.0,2.0,2.0,2.0,3.0,3.0,4.0,4.0
R0181,1,27,6.8,4.0,4.0,5.0,3.0,4.0,4.0,3.0,3.0,2.0,3.0,3.0,2.0,3.0,2.0,3.0,3.0,2.0,2.0,3.0,1.0,3.0,3.0,3.0,2.0,3.0,3.0,2.0,3.0,3.0,3.0,3.0,2.0,4.0,4.0,4.0,4.0,3.0,4.0,4.0,3.0,3.0,4.0,3.0,4.0,3.0,4.0,3.0,3.0,5.0,3.0,3.0,4.0,3.0,3.0,2.0,3.0,4.0,4.0,2.0,3.0,4.0,4.0,4.0,5.0,3.0,2.0,3.0,2.0,2.0,2.0,2.0,1.0
R0183,1,32,3.3,3.0,4.0,3.0,4.0,3.0,2.0,2.0,3.0,4.0,2.0,3.0,3.0,3.0,5.0,4.0,4.0,4.0,2.0,2.0,3.0,3.0,3.0,2.0,3.0,3.0,3.0,3.0,3.0,3.0,3.0,3.0,4.0,3.0,3.0,3.0,3.0,2.0,2.0,2.0,4.0,4.0,4.0,4.0,3.0,4.0,3.0,4.0,2.0,4.0,2.0,2.0,2.0,3.0,2.0,1.0,3.0,4.0,4.0,3.0,3.0,3.0,3.0,3.0,3.0,3.0,3.0,2.0,2.0,3.0,3.0,4.0,3.0
R0184,1,34,3.6,2.0,2.0,3.0,3.0,3.0,5.0,3.0,1.0,4.0,3.0,2.0,4.0,4.0,3.0,4.0,4.0,2.0,2.0,2.0,3.0,5.0,3.0,4.0,4.0,1.0,3.0,2.0,3.0,4.0,5.0,2.0,4.0,3.0,3.0,3.0,3.0,4.0,3.0,4.0,4.0,4.0,3.0,3.0,3.0,3.0,3.0,2.0,3.0,4.0,3.0,3.0,3.0,2.0,2.0,3.0,3.0,2.0,2.0,3.0,3.0,2.0,2.0,2.0,1.0,4.0,4.0,4.0,4.0,3.0,3.0,3.0,3.0
R0185,2,37,2.6,4.0,4.0,4.0,4.0,4.0,4.0,4.0,4.0,4.0,4.0,4.0,4.0,4.0,4.0,4.0,4.0,4.0,4.0,4.0,4.0,4.0,4.0,4.0,4.0,4.0,4.0,4.0,4.0,4.0,4.0,4.0,4.0,4.0,4.0,4.0,,4.0,4.0,4.0,4.0,4.0,4.0,4.0,4.0,4.0,4.0,4.0,4.0,4.0,4.0,4.0,4.0,4.0,4.0,4.0,4.0,4.0,4.0,4.0,4.0,4.0,4.0,4.0,4.0,4.0,4.0,4.0,4.0,4.0,4.0,4.0,4.0
R0186,2,31,3.5,4.0,2.0,4.0,4.0,4.0,2.0,4.0,5.0,4.0,3.0,3.0,3.0,4.0,3.0,3.0,3.0,3.0,3.0,3.0,3.0,3.0,,3.0,3.0,3.0,5.0,4.0,4.0,2.0,2.0,4.0,3.0,3.0,2.0,3.0,4.0,2.0,3.0,4.0,3.0,3.0,4.0,4.0,4.0,4.0,3.0,2.0,3.0,3.0,4.0,3.0,3.0,3.0,4.0,3.0,4.0,3.0,2.0,2.0,3.0,4.0,4.0,2.0,3.0,3.0,3.0,3.0,3.0,4.0,2.0,3.0,4.0
R0187,2,27,0.1,1.0,2.0,2.0,3.0,2.0,4.0,2.0,2.0,2.0,3.0,2.0,3.0,2.0,4.0,4.0,4.0,3.0,3.0,4.0,3.0,4.0,4.0,5.0,5.0,4.0,4.0,3.0,2.0,4.0,4.0,3.0,5.0,1.0,2.0,2.0,3.0,2.0,3.0,2.0,5.0,3.0,2.0,3.0,2.0,3.0,4.0,4.0,3.0,4.0,3.0,3.0,4.0,2.0,2.0,2.0,2.0,2.0,3.0,2.0,2.0,2.0,2.0,2.0,3.0,2.0,2.0,4.0,2.0,2.0,2.0,3.0,2.0
R0188,2,28,2.7,2.0,2.0,3.0,3.0,2.0,3.0,4.0,3.0,4.0,3.0,3.0,3.0,3.0,3.0,3.0,2.0,4.0,3.0,3.0,3.0,3.0,3.0,2.0,3.0,3.0,2.0,3.0,2.0,4.0,4.0,3.0,4.0,2.0,3.0,4.0,4.0,3.0,4.0,4.0,4.0,3.0,3.0,3.0,3.0,2.0,2.0,2.0,2.0,3.0,2.0,4.0,2.0,5.0,3.0,5.0,3.0,4.0,4.0,5.0,4.0,4.0,3.0,3.0,3.0,3.0,3.0,2.0,4.0,4.0,3.0,3.0,4.0
R0189,1,27,0.5,4.0,3.0,4.0,3.0,3.0,4.0,4.0,3.0,3.0,4.0,3.0,4.0,3.0,3.0,3.0,3.0,4.0,4.0,3.0,3.0,2.0,1.0,2.0,2.0,4.0,3.0,4.0,3.0,3.0,3.0,3.0,3.0,2.0,2.0,3.0,3.0,3.0,3.0,3.0,4.0,3.0,3.0,3.0,2.0,3.0,4.0,3.0,4.0,3.0,4.0,3.0,4.0,3.0,2.0,2.0,3.0,3.0,2.0,2.0,2.0,4.0,4.0,3.0,3.0,4.0,4.0,3.0,3.0,2.0,2.0,3.0,3.0
R0190,1,31,8.4,3.0,4.0,3.0,3.0,3.0,2.0,4.0,3.0,4.0,3.0,2.0,3.0,3.0,4.0,3.0,3.0,3.0,4.0,3.0,3.0,4.0,4.0,5.0,4.0,4.0,3.0,3.0,2.0,3.0,2.0,2.0,2.0,4.0,5.0,4.0,4.0,3.0,4.0,4.0,4.0,4.0,2.0,3.0,4.0,3.0,4.0,2.0,5.0,4.0,5.0,3.0,4.0,2.0,3.0,2.0,3.0,3.0,3.0,4.0,3.0,4.0,2.0,3.0,3.0,4.0,3.0,3.0,4.0,2.0,2.0,3.0,3.0
R0191,1,30,0.2,3.0,2.0,3.0,1.0,2.0,4.0,2.0,3.0,3.0,3.0,3.0,3.0,3.0,3.0,4.0,4.0,2.0,2.0,2.0,3.0,3.0,3.0,4.0,4.0,4.0,2.0,3.0,3.0,4.0,4.0,4.0,5.0,1.0,3.0,3.0,3.0,2.0,3.0,3.0,2.0,3.0,2.0,2.0,1.0,1.0,2.0,4.0,2.0,3.0,3.0,2.0,3.0,4.0,3.0,3.0,3.0,2.0,3.0,3.0,3.0,3.0,3.0,4.0,4.0,3.0,3.0,5.0,4.0,4.0,4.0,5.0,4.0
R0192,1,35,3.2,4.0,3.0,3.0,2.0,2.0,4.0,2.0,2.0,3.0,3.0,3.0,3.0,4.0,5.0,3.0,5.0,2.0,2.0,2.0,3.0,4.0,4.0,3.0,4.0,2.0,2.0,1.0,2.0,3.0,4.0,3.0,3.0,3.0,3.0,3.0,2.0,2.0,3.0,3.0,2.0,2.0,4.0,2.0,2.0,3.0,3.0,3.0,2.0,,3.0,3.0,2.0,3.0,2.0,2.0,2.0,2.0,2.0,2.0,1.0,2.0,2.0,2.0,1.0,2.0,2.0,2.0,1.0,3.0,4.0,4.0,3.0
R0193,2,28,2.2,4.0,3.0,3.0,2.0,3.0,4.0,2.0,4.0,4.0,4.0,4.0,4.0,2.0,3.0,4.0,4.0,3.0,4.0,3.0,3.0,3.0,4.0,4.0,4.0,3.0,5.0,4.0,3.0,3.0,4.0,3.0,2.0,3.0,3.0,2.0,3.0,2.0,3.0,2.0,3.0,2.0,4.0,2.0,3.0,2.0,2.0,3.0,3.0,3.0,3.0,4.0,4.0,5.0,3.0,3.0,3.0,3.0,2.0,2.0,3.0,2.0,2.0,2.0,3.0,4.0,4.0,3.0,4.0,3.0,4.0,3.0,4.0
R0194,1,29,4.1,3.0,3.0,3.0,3.0,2.0,3.0,3.0,2.0,4.0,3.0,5.0,3.0,3.0,4.0,3.0,4.0,2.0,3.0,2.0,3.0,4.0,3.0,4.0,4.0,2.0,4.0,3.0,3.0,4.0,4.0,3.0,3.0,2.0,4.0,4.0,3.0,3.0,2.0,3.0,4.0,3.0,3.0,3.0,3.0,4.0,3.0,4.0,4.0,4.0,4.0,4.0,3.0,3.0,3.0,3.0,3.0,4.0,4.0,3.0,4.0,3.0,3.0,3.0,4.0,3.0,2.0,4.0,4.0,4.0,4.0,3.0,4.0
R0195,2,26,5.2,5.0,4.0,5.0,5.0,5.0,3.0,5.0,5.0,3.0,4.0,4.0,5.0,3.0,2.0,3.0,3.0,5.0,5.0,3.0,4.0,4.0,4.0,5.0,5.0,3.0,3.0,3.0,3.0,3.0,2.0,4.0,3.0,2.0,4.0,4.0,2.0,4.0,,3.0,4.0,3.0,3.0,4.0,4.0,2.0,4.0,3.0,3.0,4.0,4.0,3.0,3.0,4.0,4.0,5.0,4.0,4.0,4.0,3.0,3.0,3.0,,4.0,3.0,3.0,2.0,2.0,5.0,4.0,4.0,5.0,5.0
R0196,2,32,5.4,3.0,5.0,4.0,4.0,3.0,1.0,4.0,3.0,3.0,4.0,3.0,3.0,3.0,4.0,4.0,5.0,3.0,2.0,1.0,3.0,4.0,4.0,5.0,3.0,3.0,3.0,3.0,3.0,4.0,5.0,3.0,4.0,2.0,3.0,2.0,1.0,1.0,2.0,3.0,4.0,3.0,2.0,2.0,2.0,3.0,2.0,3.0,2.0,2.0,2.0,1.0,1.0,3.0,4.0,3.0,3.0,3.0,3.0,2.0,1.0,3.0,3.0,5.0,3.0,3.0,3.0,4.0,3.0,3.0,2.0,3.0,3.0
R0197,1,31,3.1,5.0,5.0,5.0,5.0,5.0,2.0,5.0,5.0,3.0,3.0,4.0,3.0,2.0,3.0,3.0,3.0,3.0,2.0,4.0,2.0,3.0,3.0,3.0,3.0,5.0,4.0,4.0,3.0,1.0,2.0,1.0,2.0,4.0,4.0,4.0,5.0,5.0,4.0,3.0,5.0,4.0,4.0,4.0,3.0,4.0,3.0,3.0,4.0,4.0,3.0,4.0,3.0,5.0,5.0,5.0,5.0,5.0,4.0,3.0,4.0,5.0,4.0,4.0,4.0,5.0,5.0,5.0,5.0,5.0,4.0,4.0,3.0
R0198,1,38,10.7,2.0,2.0,3.0,4.0,3.0,4.0,2.0,4.0,5.0,4.0,3.0,4.0,4.0,5.0,4.0,4.0,3.0,3.0,2.0,3.0,4.0,4.0,2.0,,3.0,3.0,4.0,4.0,3.0,3.0,3.0,3.0,2.0,4.0,3.0,3.0,3.0,2.0,3.0,2.0,3.0,1.0,3.0,3.0,3.0,3.0,4.0,3.0,3.0,3.0,3.0,3.0,4.0,4.0,5.0,4.0,2.0,3.0,3.0,3.0,3.0,2.0,3.0,3.0,4.0,4.0,3.0,4.0,4.0,3.0,5.0,4.0
R0199,1,29,1.0,3.0,3.0,3.0,3.0,3.0,3.0,3.0,3.0,3.0,3.0,3.0,3.0,3.0,3.0,3.0,3.0,3.0,3.0,3.0,3.0,3.0,3.0,3.0,3.0,3.0,3.0,3.0,3.0,3.0,3.0,3.0,3.0,3.0,3.0,3.0,3.0,3.0,3.0,3.0,3.0,3.0,3.0,3.0,3.0,3.0,3.0,3.0,3.0,3.0,3.0,3.0,3.0,3.0,3.0,3.0,3.0,3.0,3.0,3.0,3.0,3.0,3.0,3.0,3.0,3.0,3.0,3.0,3.0,3.0,3.0,3.0,3.0
R0201,1,33,5.8,4.0,4.0,3.0,3.0,1.0,4.0,2.0,3.0,3.0,2.0,3.0,3.0,3.0,4.0,3.0,3.0,3.0,4.0,4.0,3.0,3.0,3.0,3.0,4.0,4.0,3.0,5.0,4.0,3.0,4.0,3.0,4.0,4.0,4.0,3.0,4.0,4.0,3.0,3.0,5.0,3.0,4.0,4.0,4.0,4.0,4.0,3.0,4.0,4.0,3.0,4.0,4.0,3.0,4.0,3.0,3.0,2.0,4.0,4.0,4.0,3.0,4.0,4.0,4.0,3.0,3.0,4.0,2.0,5.0,4.0,4.0,4.0
R0202,1,26,0.5,2.0,2.0,2.0,3.0,1.0,3.0,1.0,4.0,2.0,3.0,3.0,3.0,4.0,2.0,3.0,3.0,4.0,5.0,4.0,4.0,3.0,3.0,3.0,3.0,4.0,3.0,3.0,2.0,3.0,3.0,3.0,3.0,3.0,4.0,2.0,3.0,2.0,2.0,2.0,2.0,3.0,3.0,2.0,2.0,2.0,2.0,3.0,3.0,3.0,3.0,3.0,3.0,2.0,2.0,4.0,2.0,3.0,4.0,3.0,3.0,2.0,1.0,2.0,1.0,3.0,2.0,2.0,2.0,4.0,3.0,3.0,3.0
R0203,2,27,0.4,3.0,1.0,2.0,3.0,3.0,3.0,2.0,2.0,2.0,2.0,3.0,2.0,4.0,3.0,4.0,4.0,3.0,3.0,1.0,2.0,3.0,4.0,4.0,4.0,2.0,2.0,2.0,3.0,4.0,4.0,4.0,3.0,2.0,3.0,1.0,2.0,1.0,2.0,2.0,1.0,2.0,2.0,3.0,3.0,2.0,3.0,3.0,3.0,3.0,2.0,2.0,3.0,5.0,3.0,4.0,3.0,4.0,3.0,3.0,4.0,3.0,2.0,3.0,3.0,4.0,3.0,3.0,3.0,2.0,2.0,4.0,3.0
R0204,2,26,7.4,3.0,,2.0,3.0,4.0,3.0,3.0,3.0,1.0,1.0,1.0,2.0,4.0,4.0,4.0,5.0,4.0,2.0,3.0,2.0,4.0,5.0,4.0,4.0,2.0,3.0,2.0,3.0,4.0,4.0,3.0,4.0,2.0,2.0,2.0,1.0,2.0,1.0,2.0,2.0,3.0,2.0,2.0,2.0,3.0,3.0,3.0,2.0,2.0,3.0,2.0,1.0,2.0,1.0,3.0,1.0,2.0,3.0,2.0,3.0,3.0,3.0,3.0,2.0,2.0,1.0,2.0,3.0,4.0,2.0,4.0,2.0
R0205,2,28,1.6,5.0,5.0,4.0,5.0,4.0,2.0,5.0,5.0,2.0,4.0,2.0,5.0,2.0,1.0,2.0,2.0,3.0,3.0,2.0,4.0,4.0,2.0,2.0,3.0,4.0,4.0,5.0,2.0,1.0,3.0,3.0,2.0,3.0,3.0,3.0,4.0,2.0,3.0,3.0,3.0,4.0,,4.0,5.0,3.0,5.0,1.0,3.0,4.0,3.0,4.0,3.0,3.0,2.0,2.0,4.0,3.0,4.0,4.0,4.0,5.0,4.0,4.0,4.0,4.0,4.0,4.0,3.0,4.0,3.0,4.0,4.0
R0206,2,29,1.0,2.0,3.0,4.0,3.0,4.0,2.0,3.0,3.0,5.0,5.0,5.0,5.0,1.0,1.0,2.0,2.0,4.0,3.0,3.0,3.0,2.0,2.0,2.0,2.0,3.0,4.0,4.0,4.0,2.0,3.0,3.0,3.0,4.0,3.0,4.0,4.0,4.0,3.0,4.0,4.0,4.0,4.0,5.0,3.0,5.0,4.0,2.0,4.0,3.0,3.0,3.0,2.0,2.0,2.0,3.0,2.0,3.0,2.0,3.0,4.0,2.0,1.0,3.0,3.0,5.0,4.0,3.0,4.0,3.0,3.0,3.0,4.0
R0207,1,31,4.2,4.0,4.0,4.0,4.0,4.0,4.0,4.0,4.0,4.0,4.0,4.0,4.0,4.0,4.0,4.0,4.0,4.0,4.0,4.0,3.0,4.0,4.0,4.0,4.0,4.0,4.0,4.0,3.0,3.0,4.0,,4.0,4.0,4.0,4.0,4.0,4.0,4.0,4.0,4.0,4.0,4.0,4.0,4.0,4.0,4.0,3.0,4.0,4.0,4.0,4.0,4.0,4.0,4.0,4.0,4.0,4.0,4.0,4.0,4.0,4.0,4.0,4.0,4.0,4.0,3.0,4.0,4.0,4.0,4.0,4.0,4.0
R0208,2,32,13.0,4.0,3.0,5.0,4.0,4.0,2.0,4.0,4.0,4.0,3.0,2.0,3.0,2.0,4.0,3.0,3.0,5.0,4.0,3.0,4.0,2.0,2.0,3.0,2.0,3.0,4.0,4.0,3.0,2.0,2.0,2.0,2.0,2.0,3.0,2.0,4.0,3.0,4.0,3.0,4.0,4.0,2.0,3.0,3.0,2.0,3.0,4.0,4.0,4.0,5.0,5.0,4.0,4.0,3.0,2.0,3.0,5.0,4.0,4.0,4.0,3.0,3.0,4.0,5.0,5.0,4.0,5.0,5.0,4.0,4.0,5.0,3.0
R0210,1,32,4.0,3.0,2.0,3.0,2.0,1.0,5.0,2.0,3.0,3.0,3.0,2.0,3.0,4.0,4.0,3.0,3.0,2.0,3.0,3.0,3.0,3.0,2.0,4.0,4.0,2.0,3.0,3.0,3.0,5.0,3.0,3.0,3.0,3.0,3.0,3.0,3.0,2.0,2.0,2.0,3.0,3.0,3.0,4.0,2.0,2.0,2.0,3.0,4.0,3.0,3.0,3.0,3.0,3.0,4.0,2.0,2.0,5.0,3.0,3.0,4.0,2.0,2.0,3.0,2.0,3.0,2.0,2.0,2.0,5.0,3.0,4.0,4.0
R0211,2,20,2.4,3.0,1.0,3.0,2.0,3.0,4.0,2.0,3.0,2.0,3.0,3.0,3.0,3.0,4.0,4.0,3.0,3.0,4.0,2.0,3.0,5.0,4.0,4.0,3.0,3.0,3.0,3.0,2.0,2.0,3.0,3.0,2.0,4.0,4.0,3.0,4.0,3.0,3.0,3.0,3.0,3.0,3.0,4.0,3.0,4.0,4.0,2.0,3.0,3.0,3.0,3.0,2.0,3.0,3.0,2.0,4.0,4.0,4.0,4.0,4.0,3.0,3.0,2.0,3.0,3.0,2.0,2.0,2.0,3.0,3.0,3.0,4.0
R0212,1,24,2.0,5.0,4.0,4.0,4.0,4.0,2.0,4.0,4.0,3.0,3.0,3.0,4.0,3.0,3.0,4.0,2.0,3.0,3.0,3.0,4.0,4.0,3.0,4.0,3.0,3.0,4.0,3.0,3.0,4.0,3.0,3.0,3.0,4.0,5.0,4.0,4.0,4.0,5.0,5.0,5.0,5.0,5.0,5.0,5.0,5.0,4.0,2.0,5.0,5.0,4.0,5.0,4.0,3.0,3.0,4.0,4.0,5.0,4.0,5.0,4.0,3.0,3.0,4.0,3.0,4.0,3.0,4.0,3.0,2.0,2.0,3.0,3.0
R0213,1,30,1.2,2.0,4.0,3.0,3.0,3.0,2.0,3.0,4.0,3.0,4.0,4.0,4.0,2.0,3.0,2.0,3.0,4.0,4.0,4.0,4.0,3.0,2.0,1.0,2.0,4.0,4.0,4.0,4.0,3.0,4.0,4.0,3.0,4.0,5.0,4.0,4.0,5.0,4.0,3.0,4.0,3.0,2.0,5.0,5.0,5.0,5.0,1.0,4.0,4.0,4.0,5.0,5.0,5.0,3.0,4.0,4.0,3.0,3.0,3.0,3.0,4.0,4.0,5.0,5.0,3.0,3.0,4.0,3.0,2.0,2.0,4.0,2.0
R0214,1,26,4.9,3.0,2.0,4.0,3.0,3.0,2.0,3.0,2.0,3.0,3.0,3.0,3.0,2.0,4.0,4.0,3.0,4.0,4.0,2.0,3.0,4.0,2.0,5.0,5.0,3.0,2.0,5.0,3.0,2.0,1.0,2.0,2.0,3.0,4.0,3.0,3.0,1.0,5.0,5.0,5.0,5.0,4.0,5.0,5.0,5.0,5.0,1.0,,3.0,4.0,4.0,5.0,3.0,3.0,4.0,3.0,3.0,2.0,3.0,3.0,3.0,3.0,4.0,5.0,4.0,4.0,4.0,5.0,4.0,4.0,4.0,4.0
R0215,2,37,6.2,4.0,5.0,4.0,3.0,4.0,1.0,5.0,4.0,4.0,2.0,1.0,3.0,4.0,3.0,4.0,5.0,2.0,3.0,2.0,2.0,5.0,4.0,5.0,4.0,2.0,3.0,2.0,2.0,4.0,3.0,4.0,4.0,3.0,4.0,4.0,4.0,3.0,3.0,2.0,2.0,1.0,2.0,4.0,3.0,3.0,3.0,3.0,2.0,2.0,3.0,2.0,2.0,5.0,4.0,5.0,4.0,4.0,5.0,4.0,4.0,4.0,4.0,4.0,5.0,4.0,4.0,4.0,4.0,5.0,5.0,5.0,5.0
R0216,1,30,0.3,3.0,3.0,3.0,3.0,3.0,3.0,3.0,3.0,3.0,3.0,3.0,3.0,3.0,3.0,3.0,3.0,3.0,3.0,3.0,,3.0,3.0,3.0,3.0,3.0,3.0,3.0,3.0,3.0,3.0,3.0,3.0,3.0,3.0,3.0,3.0,3.0,3.0,3.0,3.0,3.0,3.0,3.0,3.0,3.0,3.0,3.0,3.0,3.0,3.0,3.0,3.0,3.0,3.0,3.0,3.0,3.0,3.0,3.0,3.0,3.0,3.0,3.0,3.0,3.0,3.0,3.0,3.0,3.0,3.0,3.0,3.0
R0217,2,31,3.7,1.0,1.0,1.0,2.0,2.0,4.0,1.0,1.0,2.0,1.0,,2.0,3.0,2.0,3.0,5.0,1.0,2.0,3.0,2.0,3.0,4.0,3.0,4.0,2.0,3.0,2.0,3.0,5.0,4.0,4.0,4.0,3.0,2.0,2.0,3.0,2.0,2.0,3.0,4.0,3.0,4.0,3.0,3.0,3.0,4.0,4.0,3.0,4.0,4.0,3.0,2.0,3.0,2.0,2.0,3.0,2.0,2.0,2.0,2.0,4.0,3.0,5.0,5.0,2.0,2.0,3.0,2.0,2.0,3.0,4.0,3.0
R0218,2,42,2.4,3.0,3.0,2.0,2.0,1.0,5.0,3.0,4.0,4.0,4.0,4.0,4.0,1.0,3.0,3.0,3.0,3.0,3.0,4.0,4.0,3.0,2.0,4.0,3.0,3.0,4.0,3.0,2.0,3.0,3.0,2.0,3.0,4.0,5.0,3.0,4.0,4.0,3.0,3.0,3.0,5.0,3.0,5.0,4.0,3.0,3.0,2.0,3.0,5.0,3.0,3.0,2.0,4.0,3.0,3.0,3.0,3.0,4.0,4.0,5.0,3.0,5.0,4.0,5.0,4.0,3.0,3.0,4.0,4.0,4.0,4.0,5.0
R0219,1,30,5.5,5.0,4.0,5.0,4.0,3.0,2.0,5.0,5.0,4.0,4.0,3.0,4.0,4.0,3.0,3.0,2.0,4.0,4.0,3.0,3.0,4.0,4.0,4.0,3.0,5.0,4.0,3.0,3.0,3.0,2.0,2.0,4.0,3.0,3.0,4.0,4.0,3.0,2.0,4.0,3.0,5.0,3.0,3.0,4.0,3.0,4.0,2.0,2.0,4.0,3.0,3.0,4.0,3.0,3.0,3.0,3.0,3.0,4.0,4.0,4.0,4.0,2.0,3.0,3.0,3.0,2.0,4.0,2.0,3.0,3.0,4.0,3.0
R0220,2,27,1.0,3.0,3.0,3.0,,3.0,3.0,3.0,3.0,3.0,3.0,3.0,3.0,3.0,3.0,3.0,3.0,3.0,3.0,3.0,3.0,3.0,3.0,3.0,3.0,3.0,3.0,3.0,3.0,3.0,3.0,3.0,3.0,3.0,3.0,3.0,3.0,3.0,3.0,3.0,3.0,3.0,3.0,3.0,3.0,3.0,3.0,3.0,3.0,3.0,3.0,3.0,3.0,3.0,3.0,3.0,3.0,3.0,3.0,3.0,3.0,3.0,3.0,3.0,3.0,3.0,3.0,3.0,3.0,3.0,3.0,3.0,3.0
R0221,1,31,5.3,2.0,3.0,3.0,,3.0,,2.0,4.0,4.0,4.0,3.0,4.0,2.0,2.0,2.0,2.0,3.0,3.0,2.0,2.0,4.0,3.0,3.0,4.0,3.0,3.0,3.0,4.0,3.0,2.0,3.0,3.0,1.0,4.0,4.0,3.0,3.0,2.0,4.0,2.0,3.0,4.0,3.0,3.0,3.0,3.0,3.0,2.0,3.0,2.0,3.0,3.0,4.0,3.0,3.0,4.0,5.0,5.0,4.0,3.0,4.0,3.0,4.0,4.0,4.0,4.0,5.0,4.0,3.0,3.0,3.0,3.0
R0222,2,35,1.9,3.0,2.0,3.0,3.0,2.0,4.0,3.0,3.0,4.0,4.0,4.0,4.0,3.0,3.0,1.0,3.0,4.0,4.0,3.0,3.0,3.0,4.0,5.0,4.0,4.0,4.0,4.0,3.0,3.0,3.0,4.0,4.0,5.0,4.0,4.0,4.0,3.0,4.0,5.0,5.0,5.0,3.0,5.0,4.0,3.0,4.0,2.0,3.0,3.0,4.0,4.0,3.0,4.0,3.0,4.0,4.0,3.0,5.0,3.0,3.0,2.0,2.0,2.0,2.0,3.0,2.0,2.0,3.0,2.0,3.0,3.0,3.0
R0224,1,33,3.6,5.0,4.0,3.0,4.0,2.0,2.0,3.0,4.0,3.0,4.0,4.0,5.0,3.0,3.0,3.0,3.0,3.0,3.0,4.0,3.0,2.0,1.0,2.0,1.0,3.0,4.0,4.0,4.0,3.0,3.0,3.0,4.0,2.0,4.0,3.0,3.0,3.0,3.0,3.0,4.0,4.0,4.0,2.0,2.0,3.0,2.0,2.0,4.0,4.0,3.0,4.0,2.0,1.0,4.0,3.0,3.0,3.0,3.0,3.0,4.0,3.0,4.0,3.0,4.0,3.0,2.0,1.0,2.0,3.0,2.0,2.0,3.0
R0225,2,32,6.1,3.0,3.0,3.0,4.0,3.0,3.0,3.0,4.0,3.0,3.0,2.0,2.0,4.0,3.0,3.0,5.0,3.0,3.0,3.0,2.0,3.0,2.0,4.0,3.0,3.0,3.0,2.0,3.0,3.0,4.0,5.0,4.0,4.0,3.0,2.0,3.0,2.0,2.0,2.0,4.0,3.0,2.0,3.0,3.0,3.0,2.0,4.0,4.0,4.0,4.0,3.0,4.0,4.0,4.0,4.0,4.0,5.0,5.0,5.0,5.0,3.0,4.0,3.0,4.0,4.0,3.0,2.0,4.0,3.0,3.0,4.0,3.0
R0226,2,24,4.1,4.0,3.0,4.0,5.0,4.0,1.0,4.0,4.0,4.0,3.0,5.0,3.0,2.0,2.0,3.0,3.0,3.0,4.0,4.0,3.0,3.0,3.0,3.0,4.0,3.0,3.0,2.0,2.0,2.0,3.0,4.0,2.0,4.0,4.0,4.0,4.0,4.0,3.0,4.0,3.0,3.0,3.0,4.0,4.0,3.0,3.0,3.0,5.0,5.0,4.0,4.0,3.0,5.0,5.0,5.0,5.0,4.0,2.0,2.0,3.0,5.0,4.0,3.0,5.0,5.0,4.0,5.0,5.0,4.0,5.0,5.0,4.0
R0227,1,31,3.5,3.0,3.0,2.0,1.0,3.0,3.0,3.0,3.0,3.0,2.0,3.0,3.0,3.0,4.0,3.0,4.0,3.0,3.0,3.0,4.0,2.0,4.0,3.0,3.0,3.0,4.0,3.0,4.0,4.0,4.0,4.0,2.0,2.0,2.0,2.0,3.0,2.0,3.0,4.0,4.0,3.0,5.0,,2.0,2.0,2.0,5.0,3.0,3.0,2.0,3.0,2.0,2.0,2.0,4.0,3.0,3.0,4.0,4.0,4.0,2.0,4.0,2.0,3.0,2.0,3.0,4.0,3.0,2.0,2.0,3.0,2.0
R0228,1,33,5.2,2.0,3.0,4.0,3.0,3.0,3.0,3.0,3.0,3.0,2.0,1.0,3.0,3.0,3.0,4.0,4.0,3.0,3.0,3.0,3.0,4.0,3.0,4.0,5.0,,4.0,5.0,4.0,5.0,4.0,5.0,4.0,4.0,3.0,4.0,3.0,3.0,3.0,3.0,4.0,3.0,3.0,3.0,3.0,2.0,4.0,3.0,3.0,4.0,4.0,4.0,3.0,2.0,3.0,4.0,3.0,2.0,4.0,2.0,4.0,5.0,4.0,4.0,4.0,4.0,2.0,4.0,3.0,4.0,5.0,4.0,4.0
R0229,1,37,0.4,2.0,4.0,3.0,4.0,3.0,2.0,3.0,3.0,4.0,4.0,3.0,5.0,2.0,2.0,3.0,2.0,4.0,4.0,4.0,3.0,3.0,2.0,2.0,3.0,3.0,5.0,4.0,3.0,2.0,2.0,2.0,2.0,4.0,4.0,4.0,4.0,4.0,4.0,4.0,5.0,4.0,3.0,3.0,4.0,4.0,4.0,2.0,5.0,4.0,5.0,5.0,4.0,3.0,3.0,4.0,5.0,4.0,5.0,5.0,5.0,4.0,4.0,4.0,4.0,5.0,4.0,5.0,5.0,4.0,4.0,4.0,4.0
R0230,1,29,1.0,2.0,3.0,3.0,2.0,3.0,3.0,2.0,3.0,4.0,5.0,5.0,4.0,1.0,2.0,2.0,3.0,4.0,4.0,3.0,4.0,3.0,2.0,2.0,2.0,5.0,4.0,5.0,3.0,2.0,2.0,3.0,3.0,3.0,5.0,4.0,4.0,4.0,5.0,5.0,4.0,5.0,5.0,4.0,,3.0,4.0,3.0,4.0,2.0,2.0,4.0,3.0,3.0,2.0,3.0,4.0,4.0,4.0,3.0,2.0,4.0,4.0,3.0,4.0,3.0,2.0,3.0,2.0,2.0,2.0,2.0,2.0
R0231,2,32,3.5,4.0,3.0,3.0,4.0,3.0,2.0,4.0,4.0,3.0,3.0,4.0,4.0,3.0,4.0,3.0,3.0,3.0,3.0,2.0,3.0,2.0,3.0,3.0,2.0,2.0,3.0,4.0,2.0,2.0,3.0,3.0,3.0,2.0,3.0,3.0,3.0,2.0,4.0,3.0,3.0,4.0,3.0,4.0,2.0,3.0,3.0,4.0,3.0,3.0,2.0,2.0,3.0,5.0,5.0,4.0,4.0,4.0,5.0,4.0,5.0,4.0,4.0,2.0,5.0,4.0,4.0,4.0,2.0,3.0,3.0,4.0,4.0
R0232,2,30,2.7,3.0,3.0,3.0,3.0,3.0,3.0,3.0,3.0,3.0,3.0,3.0,3.0,3.0,3.0,3.0,3.0,3.0,3.0,3.0,3.0,3.0,3.0,3.0,3.0,3.0,3.0,3.0,3.0,3.0,3.0,3.0,3.0,3.0,3.0,3.0,3.0,3.0,3.0,3.0,3.0,3.0,3.0,3.0,3.0,3.0,3.0,3.0,3.0,3.0,3.0,3.0,3.0,3.0,3.0,3.0,3.0,3.0,3.0,3.0,3.0,3.0,3.0,3.0,3.0,3.0,3.0,3.0,3.0,3.0,3.0,3.0,3.0
R0233,2,32,0.4,2.0,3.0,2.0,2.0,3.0,5.0,3.0,3.0,2.0,3.0,3.0,3.0,4.0,3.0,3.0,4.0,2.0,3.0,2.0,2.0,3.0,4.0,3.0,4.0,3.0,3.0,2.0,2.0,4.0,4.0,4.0,4.0,5.0,3.0,3.0,3.0,4.0,4.0,4.0,3.0,4.0,5.0,2.0,3.0,3.0,2.0,3.0,3.0,3.0,2.0,4.0,3.0,4.0,5.0,5.0,4.0,4.0,4.0,3.0,3.0,2.0,4.0,4.0,5.0,5.0,4.0,4.0,4.0,4.0,3.0,3.0,3.0
R0234,1,29,4.0,2.0,3.0,2.0,2.0,3.0,2.0,2.0,3.0,2.0,3.0,2.0,2.0,5.0,5.0,5.0,4.0,1.0,2.0,1.0,3.0,3.0,4.0,5.0,5.0,1.0,2.0,1.0,2.0,4.0,3.0,3.0,4.0,1.0,2.0,2.0,2.0,1.0,3.0,2.0,2.0,4.0,2.0,3.0,2.0,4.0,3.0,3.0,1.0,3.0,3.0,2.0,2.0,5.0,3.0,4.0,3.0,5.0,4.0,4.0,4.0,3.0,2.0,2.0,3.0,4.0,3.0,5.0,4.0,3.0,2.0,3.0,3.0
R0236,1,28,0.2,2.0,2.0,1.0,2.0,2.0,4.0,2.0,2.0,2.0,3.0,3.0,3.0,3.0,4.0,4.0,4.0,3.0,3.0,3.0,2.0,3.0,3.0,2.0,3.0,2.0,3.0,3.0,4.0,4.0,4.0,4.0,4.0,3.0,3.0,3.0,2.0,3.0,3.0,4.0,2.0,4.0,5.0,3.0,2.0,2.0,4.0,4.0,3.0,2.0,2.0,3.0,2.0,2.0,3.0,4.0,2.0,3.0,3.0,2.0,2.0,4.0,5.0,3.0,4.0,2.0,3.0,3.0,3.0,3.0,4.0,3.0,3.0
R0237,1,28,1.7,5.0,5.0,5.0,5.0,5.0,1.0,4.0,5.0,3.0,3.0,3.0,3.0,3.0,2.0,3.0,2.0,3.0,3.0,2.0,3.0,3.0,3.0,2.0,4.0,3.0,5.0,5.0,4.0,3.0,2.0,4.0,3.0,5.0,4.0,4.0,5.0,5.0,3.0,4.0,4.0,4.0,3.0,4.0,5.0,3.0,4.0,2.0,5.0,4.0,3.0,5.0,4.0,5.0,5.0,5.0,4.0,5.0,5.0,5.0,5.0,4.0,3.0,4.0,4.0,5.0,4.0,5.0,4.0,5.0,5.0,4.0,5.0
R0238,2,20,4.0,2.0,4.0,3.0,3.0,3.0,2.0,3.0,2.0,3.0,4.0,4.0,4.0,3.0,3.0,3.0,3.0,3.0,2.0,3.0,3.0,4.0,3.0,4.0,5.0,3.0,4.0,4.0,4.0,4.0,3.0,5.0,3.0,3.0,3.0,3.0,2.0,1.0,4.0,3.0,3.0,4.0,5.0,3.0,4.0,3.0,2.0,2.0,4.0,3.0,4.0,2.0,3.0,2.0,2.0,3.0,2.0,4.0,4.0,2.0,3.0,3.0,4.0,3.0,4.0,2.0,1.0,1.0,2.0,4.0,2.0,5.0,4.0
R0239,1,26,0.5,3.0,2.0,3.0,2.0,2.0,3.0,2.0,2.0,3.0,3.0,4.0,2.0,2.0,3.0,3.0,4.0,3.0,4.0,5.0,3.0,2.0,3.0,2.0,3.0,3.0,4.0,4.0,4.0,2.0,3.0,3.0,3.0,3.0,5.0,3.0,4.0,4.0,4.0,4.0,3.0,4.0,4.0,3.0,2.0,3.0,2.0,4.0,2.0,3.0,1.0,3.0,2.0,3.0,,,4.0,3.0,3.0,3.0,4.0,4.0,3.0,5.0,4.0,4.0,4.0,4.0,5.0,3.0,1.0,2.0,
R0240,2,38,0.5,3.0,3.0,3.0,3.0,3.0,3.0,3.0,3.0,3.0,3.0,3.0,3.0,3.0,3.0,3.0,3.0,3.0,3.0,3.0,3.0,3.0,3.0,3.0,3.0,3.0,3.0,3.0,3.0,3.0,3.0,3.0,3.0,3.0,3.0,3.0,3.0,3.0,3.0,3.0,3.0,3.0,3.0,3.0,3.0,3.0,3.0,3.0,3.0,3.0,3.0,3.0,3.0,3.0,3.0,3.0,3.0,3.0,3.0,3.0,3.0,3.0,3.0,3.0,3.0,3.0,3.0,3.0,3.0,3.0,3.0,3.0,3.0
R0241,2,35,6.0,3.0,5.0,5.0,4.0,4.0,2.0,4.0,4.0,4.0,3.0,3.0,3.0,2.0,4.0,3.0,3.0,4.0,4.0,4.0,4.0,2.0,2.0,1.0,2.0,4.0,4.0,2.0,3.0,2.0,2.0,2.0,3.0,4.0,3.0,4.0,3.0,3.0,2.0,3.0,3.0,3.0,4.0,3.0,3.0,3.0,2.0,3.0,3.0,3.0,3.0,3.0,3.0,3.0,3.0,4.0,3.0,3.0,4.0,3.0,4.0,4.0,3.0,4.0,5.0,4.0,,4.0,4.0,4.0,3.0,4.0,3.0
R0242,2,25,2.0,2.0,4.0,5.0,4.0,2.0,3.0,4.0,4.0,3.0,4.0,2.0,3.0,2.0,2.0,3.0,3.0,2.0,3.0,3.0,4.0,4.0,3.0,4.0,4.0,3.0,4.0,3.0,2.0,2.0,2.0,3.0,2.0,3.0,3.0,3.0,3.0,4.0,3.0,4.0,4.0,4.0,4.0,4.0,4.0,4.0,3.0,2.0,2.0,3.0,3.0,3.0,3.0,3.0,2.0,5.0,3.0,2.0,2.0,1.0,1.0,2.0,2.0,3.0,4.0,4.0,3.0,3.0,3.0,3.0,2.0,3.0,2.0
R0243,1,21,8.6,3.0,5.0,4.0,3.0,4.0,3.0,4.0,4.0,5.0,3.0,3.0,3.0,3.0,3.0,4.0,3.0,3.0,4.0,2.0,3.0,2.0,3.0,2.0,2.0,4.0,3.0,3.0,3.0,4.0,4.0,3.0,3.0,3.0,3.0,5.0,4.0,3.0,3.0,2.0,2.0,2.0,3.0,4.0,5.0,4.0,4.0,3.0,2.0,3.0,2.0,2.0,2.0,2.0,3.0,5.0,2.0,4.0,3.0,3.0,3.0,1.0,3.0,4.0,2.0,2.0,3.0,3.0,2.0,2.0,2.0,3.0,3.0
R0244,2,35,0.6,3.0,3.0,3.0,4.0,3.0,3.0,2.0,3.0,4.0,5.0,4.0,4.0,3.0,3.0,4.0,2.0,4.0,4.0,3.0,4.0,3.0,2.0,2.0,3.0,3.0,2.0,5.0,3.0,3.0,2.0,3.0,3.0,4.0,5.0,3.0,4.0,3.0,4.0,4.0,3.0,4.0,2.0,4.0,5.0,4.0,5.0,1.0,4.0,4.0,4.0,5.0,2.0,4.0,5.0,3.0,3.0,3.0,4.0,4.0,3.0,4.0,4.0,5.0,5.0,4.0,3.0,5.0,4.0,4.0,3.0,4.0,3.0
R0245,1,34,5.6,4.0,2.0,2.0,4.0,4.0,3.0,3.0,4.0,3.0,3.0,4.0,3.0,3.0,4.0,3.0,3.0,3.0,3.0,2.0,2.0,3.0,4.0,5.0,4.0,2.0,3.0,3.0,2.0,3.0,2.0,4.0,4.0,4.0,4.0,4.0,4.0,4.0,4.0,4.0,3.0,4.0,3.0,5.0,4.0,5.0,4.0,2.0,4.0,5.0,3.0,4.0,3.0,4.0,5.0,4.0,3.0,3.0,4.0,4.0,4.0,4.0,5.0,5.0,5.0,5.0,5.0,5.0,4.0,4.0,4.0,4.0,3.0
R0246,1,31,1.6,3.0,4.0,5.0,3.0,5.0,1.0,5.0,4.0,3.0,4.0,3.0,4.0,3.0,2.0,4.0,3.0,3.0,4.0,4.0,4.0,2.0,2.0,2.0,3.0,3.0,3.0,4.0,3.0,2.0,3.0,3.0,2.0,3.0,3.0,3.0,3.0,3.0,3.0,3.0,3.0,3.0,1.0,4.0,4.0,4.0,4.0,2.0,3.0,3.0,4.0,3.0,2.0,5.0,4.0,3.0,4.0,5.0,5.0,5.0,5.0,3.0,3.0,5.0,4.0,4.0,3.0,3.0,4.0,3.0,3.0,4.0,4.0
R0247,2,28,0.9,3.0,3.0,3.0,3.0,3.0,3.0,3.0,3.0,3.0,3.0,3.0,3.0,3.0,3.0,3.0,3.0,3.0,3.0,3.0,3.0,3.0,3.0,3.0,3.0,3.0,3.0,3.0,3.0,3.0,3.0,3.0,3.0,3.0,3.0,3.0,3.0,3.0,3.0,3.0,3.0,3.0,3.0,3.0,3.0,3.0,3.0,3.0,3.0,3.0,3.0,3.0,3.0,3.0,3.0,3.0,3.0,3.0,3.0,3.0,3.0,3.0,3.0,3.0,3.0,3.0,3.0,3.0,3.0,3.0,3.0,3.0,3.0
R0248,1,22,6.2,2.0,3.0,4.0,3.0,3.0,2.0,3.0,4.0,3.0,2.0,2.0,4.0,4.0,3.0,4.0,5.0,3.0,3.0,2.0,3.0,4.0,3.0,3.0,4.0,3.0,2.0,2.0,,3.0,4.0,4.0,3.0,2.0,3.0,4.0,3.0,3.0,4.0,2.0,3.0,3.0,5.0,4.0,3.0,3.0,4.0,1.0,4.0,3.0,4.0,5.0,4.0,1.0,2.0,2.0,2.0,3.0,5.0,3.0,4.0,4.0,3.0,4.0,4.0,4.0,3.0,3.0,3.0,3.0,5.0,5.0,4.0
R0249,1,34,1.8,5.0,3.0,2.0,4.0,4.0,3.0,3.0,3.0,4.0,2.0,3.0,2.0,2.0,4.0,3.0,4.0,2.0,3.0,2.0,3.0,4.0,4.0,5.0,3.0,2.0,2.0,2.0,2.0,3.0,3.0,4.0,3.0,3.0,4.0,4.0,3.0,3.0,3.0,2.0,2.0,4.0,3.0,5.0,5.0,4.0,4.0,3.0,3.0,3.0,2.0,4.0,2.0,3.0,3.0,4.0,5.0,3.0,2.0,2.0,2.0,2.0,3.0,3.0,3.0,4.0,2.0,3.0,4.0,3.0,2.0,2.0,2.0
R0250,1,33,1.9,2.0,2.0,3.0,3.0,3.0,5.0,2.0,3.0,2.0,3.0,1.0,2.0,3.0,4.0,3.0,5.0,3.0,3.0,3.0,2.0,5.0,4.0,5.0,5.0,1.0,3.0,4.0,3.0,4.0,5.0,4.0,4.0,2.0,3.0,2.0,4.0,3.0,3.0,4.0,4.0,3.0,3.0,3.0,3.0,3.0,4.0,3.0,2.0,3.0,1.0,2.0,2.0,2.0,2.0,2.0,3.0,3.0,3.0,2.0,3.0,3.0,2.0,3.0,2.0,2.0,2.0,2.0,1.0,2.0,2.0,2.0,3.0
R0251,2,36,1.8,3.0,3.0,5.0,5.0,4.0,2.0,4.0,5.0,4.0,5.0,4.0,4.0,2.0,3.0,2.0,2.0,5.0,4.0,4.0,3.0,3.0,2.0,3.0,4.0,5.0,3.0,3.0,3.0,2.0,3.0,2.0,3.0,4.0,3.0,4.0,4.0,5.0,4.0,4.0,3.0,3.0,5.0,5.0,5.0,4.0,5.0,2.0,4.0,4.0,4.0,5.0,5.0,3.0,4.0,4.0,3.0,5.0,5.0,4.0,5.0,3.0,5.0,4.0,5.0,4.0,2.0,5.0,3.0,2.0,3.0,3.0,3.0
R0252,1,28,2.9,2.0,2.0,2.0,1.0,3.0,3.0,2.0,3.0,2.0,4.0,3.0,3.0,4.0,3.0,3.0,4.0,3.0,4.0,3.0,3.0,4.0,4.0,3.0,3.0,3.0,2.0,4.0,4.0,4.0,4.0,2.0,3.0,2.0,4.0,3.0,2.0,2.0,2.0,2.0,2.0,3.0,2.0,2.0,2.0,1.0,2.0,4.0,3.0,3.0,2.0,3.0,3.0,3.0,4.0,4.0,4.0,3.0,4.0,2.0,3.0,3.0,2.0,3.0,3.0,4.0,3.0,2.0,2.0,4.0,4.0,4.0,4.0
R0253,2,34,0.6,4.0,3.0,3.0,4.0,3.0,4.0,2.0,5.0,4.0,3.0,3.0,3.0,3.0,2.0,3.0,3.0,3.0,4.0,4.0,3.0,2.0,3.0,3.0,3.0,3.0,3.0,4.0,3.0,3.0,1.0,3.0,2.0,4.0,4.0,4.0,3.0,4.0,3.0,2.0,2.0,2.0,2.0,3.0,4.0,4.0,3.0,2.0,4.0,4.0,4.0,3.0,3.0,5.0,4.0,5.0,3.0,5.0,4.0,4.0,3.0,3.0,3.0,3.0,4.0,4.0,3.0,5.0,5.0,4.0,4.0,4.0,4.0
R0254,1,37,10.5,4.0,4.0,4.0,3.0,3.0,4.0,2.0,2.0,3.0,2.0,4.0,5.0,2.0,3.0,4.0,3.0,4.0,4.0,2.0,3.0,4.0,2.0,3.0,3.0,3.0,4.0,5.0,5.0,3.0,2.0,2.0,3.0,4.0,5.0,5.0,4.0,4.0,5.0,4.0,5.0,3.0,4.0,3.0,4.0,3.0,4.0,4.0,3.0,3.0,3.0,3.0,4.0,4.0,3.0,5.0,2.0,4.0,3.0,3.0,3.0,4.0,3.0,5.0,5.0,4.0,3.0,4.0,4.0,3.0,3.0,3.0,3.0
R0255,1,33,2.0,3.0,3.0,3.0,2.0,3.0,2.0,2.0,2.0,4.0,3.0,3.0,3.0,4.0,4.0,3.0,5.0,3.0,3.0,4.0,2.0,5.0,4.0,4.0,3.0,3.0,3.0,5.0,4.0,4.0,4.0,4.0,4.0,3.0,4.0,5.0,4.0,4.0,4.0,3.0,4.0,,2.0,2.0,2.0,2.0,3.0,4.0,3.0,4.0,2.0,3.0,2.0,3.0,3.0,3.0,4.0,3.0,3.0,3.0,4.0,3.0,4.0,3.0,4.0,4.0,4.0,5.0,4.0,3.0,3.0,3.0,3.0
R0256,1,31,2.1,2.0,3.0,3.0,3.0,2.0,3.0,3.0,3.0,2.0,3.0,1.0,1.0,3.0,4.0,4.0,3.0,3.0,3.0,2.0,3.0,4.0,4.0,2.0,4.0,3.0,3.0,2.0,2.0,4.0,4.0,4.0,4.0,3.0,3.0,2.0,3.0,3.0,4.0,4.0,5.0,4.0,3.0,4.0,4.0,4.0,4.0,2.0,4.0,3.0,3.0,3.0,3.0,3.0,3.0,2.0,3.0,3.0,3.0,3.0,3.0,2.0,2.0,3.0,4.0,3.0,3.0,3.0,4.0,3.0,4.0,4.0,3.0
R0257,2,23,4.9,2.0,3.0,3.0,3.0,2.0,5.0,3.0,3.0,4.0,4.0,3.0,3.0,2.0,2.0,3.0,3.0,4.0,4.0,3.0,3.0,4.0,3.0,4.0,5.0,1.0,2.0,3.0,2.0,3.0,4.0,4.0,3.0,2.0,1.0,2.0,4.0,2.0,1.0,2.0,3.0,4.0,2.0,3.0,2.0,2.0,2.0,3.0,4.0,3.0,3.0,2.0,3.0,3.0,4.0,2.0,4.0,3.0,2.0,2.0,2.0,3.0,3.0,4.0,4.0,5.0,3.0,4.0,3.0,3.0,2.0,4.0,3.0
R0258,1,31,4.1,4.0,4.0,5.0,3.0,4.0,2.0,3.0,4.0,4.0,2.0,2.0,3.0,3.0,5.0,4.0,4.0,2.0,2.0,2.0,3.0,2.0,4.0,3.0,4.0,3.0,3.0,1.0,3.0,4.0,3.0,4.0,2.0,4.0,4.0,2.0,4.0,4.0,3.0,4.0,4.0,4.0,3.0,3.0,3.0,3.0,4.0,3.0,3.0,3.0,4.0,3.0,2.0,5.0,3.0,3.0,3.0,5.0,5.0,4.0,4.0,2.0,1.0,3.0,2.0,4.0,5.0,4.0,5.0,4.0,5.0,5.0,5.0
R0259,1,22,6.1,4.0,3.0,3.0,5.0,3.0,2.0,4.0,4.0,1.0,2.0,2.0,4.0,2.0,3.0,2.0,2.0,4.0,3.0,,3.0,4.0,4.0,3.0,4.0,2.0,3.0,3.0,4.0,5.0,4.0,4.0,3.0,3.0,4.0,3.0,3.0,3.0,3.0,3.0,3.0,4.0,3.0,4.0,3.0,3.0,4.0,3.0,3.0,3.0,4.0,3.0,3.0,5.0,3.0,5.0,4.0,4.0,4.0,3.0,3.0,5.0,4.0,4.0,5.0,4.0,4.0,5.0,4.0,5.0,5.0,4.0,5.0
R0260,1,39,1.7,3.0,2.0,1.0,2.0,3.0,5.0,2.0,3.0,3.0,2.0,2.0,2.0,3.0,5.0,3.0,3.0,2.0,4.0,3.0,4.0,4.0,4.0,4.0,3.0,3.0,3.0,5.0,4.0,3.0,3.0,3.0,4.0,3.0,3.0,2.0,3.0,1.0,2.0,2.0,1.0,2.0,3.0,2.0,3.0,2.0,2.0,4.0,3.0,3.0,3.0,1.0,1.0,3.0,2.0,3.0,1.0,4.0,3.0,3.0,3.0,3.0,2.0,2.0,3.0,2.0,3.0,1.0,2.0,2.0,2.0,3.0,
R0261,1,35,2.4,4.0,3.0,2.0,1.0,4.0,3.0,2.0,4.0,3.0,4.0,2.0,3.0,3.0,2.0,4.0,2.0,2.0,2.0,1.0,2.0,4.0,4.0,3.0,4.0,3.0,3.0,3.0,4.0,5.0,4.0,4.0,5.0,3.0,3.0,3.0,3.0,4.0,2.0,2.0,1.0,2.0,2.0,3.0,3.0,3.0,2.0,4.0,3.0,3.0,2.0,3.0,2.0,2.0,4.0,2.0,3.0,3.0,3.0,3.0,3.0,3.0,2.0,3.0,2.0,2.0,1.0,2.0,2.0,4.0,3.0,4.0,3.0
R0262,1,31,9.5,1.0,2.0,3.0,1.0,2.0,3.0,3.0,2.0,3.0,3.0,3.0,3.0,3.0,2.0,3.0,3.0,3.0,4.0,3.0,3.0,4.0,3.0,4.0,3.0,4.0,3.0,4.0,4.0,3.0,3.0,3.0,4.0,2.0,1.0,3.0,1.0,1.0,2.0,2.0,2.0,1.0,1.0,2.0,1.0,1.0,2.0,4.0,2.0,1.0,2.0,1.0,1.0,1.0,2.0,3.0,2.0,4.0,2.0,3.0,2.0,3.0,2.0,1.0,2.0,3.0,2.0,2.0,2.0,2.0,1.0,2.0,1.0
R0263,2,30,8.5,1.0,1.0,2.0,3.0,2.0,4.0,3.0,3.0,3.0,3.0,2.0,3.0,4.0,4.0,4.0,5.0,4.0,3.0,4.0,3.0,4.0,3.0,3.0,3.0,3.0,2.0,4.0,3.0,2.0,2.0,2.0,3.0,3.0,5.0,4.0,5.0,4.0,3.0,4.0,3.0,3.0,5.0,3.0,4.0,5.0,4.0,3.0,4.0,4.0,3.0,2.0,3.0,4.0,4.0,2.0,3.0,4.0,3.0,3.0,4.0,3.0,3.0,4.0,3.0,3.0,3.0,3.0,3.0,2.0,3.0,3.0,2.0
R0264,2,29,2.5,5.0,5.0,5.0,4.0,4.0,1.0,4.0,3.0,3.0,3.0,3.0,2.0,3.0,3.0,3.0,3.0,3.0,3.0,3.0,2.0,2.0,3.0,3.0,2.0,2.0,3.0,2.0,3.0,4.0,3.0,4.0,3.0,3.0,3.0,3.0,3.0,2.0,3.0,4.0,4.0,2.0,4.0,5.0,4.0,3.0,4.0,3.0,4.0,3.0,3.0,2.0,3.0,5.0,4.0,4.0,4.0,4.0,4.0,4.0,4.0,3.0,4.0,3.0,3.0,5.0,5.0,4.0,3.0,3.0,2.0,4.0,3.0
R0265,1,30,0.4,5.0,5.0,5.0,3.0,5.0,2.0,4.0,4.0,3.0,4.0,2.0,4.0,2.0,3.0,3.0,3.0,3.0,3.0,2.0,3.0,5.0,4.0,4.0,4.0,4.0,4.0,2.0,3.0,4.0,3.0,4.0,4.0,2.0,2.0,3.0,2.0,1.0,2.0,2.0,3.0,1.0,3.0,4.0,4.0,2.0,3.0,4.0,2.0,3.0,2.0,2.0,2.0,5.0,4.0,4.0,4.0,4.0,3.0,2.0,3.0,3.0,2.0,3.0,3.0,4.0,3.0,3.0,2.0,4.0,5.0,3.0,4.0
R0266,2,31,0.1,4.0,5.0,5.0,5.0,5.0,1.0,4.0,4.0,2.0,3.0,3.0,3.0,3.0,4.0,2.0,3.0,4.0,3.0,3.0,3.0,3.0,3.0,2.0,3.0,4.0,3.0,4.0,3.0,3.0,3.0,4.0,2.0,4.0,4.0,3.0,4.0,3.0,4.0,4.0,3.0,4.0,5.0,5.0,4.0,4.0,3.0,2.0,4.0,5.0,3.0,4.0,4.0,5.0,5.0,4.0,5.0,3.0,4.0,4.0,4.0,5.0,4.0,4.0,5.0,4.0,4.0,4.0,3.0,4.0,4.0,3.0,3.0
R0267,1,27,0.5,2.0,3.0,4.0,4.0,3.0,3.0,3.0,4.0,3.0,3.0,3.0,4.0,3.0,4.0,4.0,3.0,3.0,4.0,3.0,4.0,3.0,4.0,3.0,4.0,2.0,3.0,4.0,5.0,4.0,2.0,3.0,4.0,2.0,2.0,2.0,3.0,3.0,2.0,3.0,4.0,4.0,4.0,4.0,4.0,4.0,4.0,2.0,4.0,3.0,4.0,4.0,4.0,4.0,4.0,3.0,3.0,4.0,3.0,2.0,3.0,3.0,2.0,3.0,2.0,4.0,4.0,2.0,2.0,4.0,3.0,4.0,4.0
R0268,2,30,1.8,3.0,3.0,3.0,1.0,2.0,3.0,3.0,2.0,3.0,3.0,2.0,3.0,3.0,3.0,3.0,3.0,2.0,3.0,3.0,3.0,3.0,3.0,4.0,2.0,3.0,3.0,3.0,3.0,3.0,3.0,3.0,3.0,2.0,3.0,3.0,4.0,3.0,4.0,3.0,4.0,3.0,5.0,4.0,4.0,3.0,4.0,2.0,4.0,3.0,3.0,5.0,4.0,3.0,3.0,4.0,3.0,2.0,2.0,2.0,3.0,4.0,4.0,4.0,4.0,4.0,3.0,2.0,1.0,2.0,1.0,3.0,2.0
R0269,1,30,3.9,3.0,2.0,3.0,3.0,3.0,4.0,2.0,3.0,5.0,4.0,4.0,4.0,3.0,3.0,4.0,5.0,3.0,3.0,3.0,2.0,3.0,2.0,4.0,4.0,3.0,4.0,3.0,3.0,3.0,3.0,3.0,2.0,3.0,3.0,4.0,4.0,4.0,2.0,2.0,3.0,3.0,3.0,4.0,4.0,3.0,3.0,4.0,2.0,3.0,3.0,3.0,2.0,4.0,2.0,4.0,3.0,2.0,2.0,1.0,2.0,3.0,3.0,2.0,1.0,4.0,4.0,3.0,3.0,2.0,1.0,1.0,2.0
R0270,1,29,6.8,2.0,2.0,,1.0,2.0,4.0,3.0,2.0,4.0,4.0,5.0,4.0,3.0,4.0,4.0,4.0,4.0,4.0,4.0,3.0,4.0,2.0,4.0,4.0,4.0,4.0,2.0,3.0,3.0,4.0,3.0,5.0,4.0,3.0,4.0,4.0,3.0,3.0,4.0,3.0,3.0,3.0,3.0,4.0,2.0,3.0,3.0,3.0,4.0,4.0,5.0,4.0,3.0,3.0,4.0,3.0,4.0,4.0,4.0,4.0,4.0,3.0,3.0,2.0,4.0,4.0,5.0,5.0,5.0,5.0,5.0,5.0
R0272,1,34,1.7,4.0,4.0,5.0,5.0,4.0,2.0,3.0,5.0,4.0,4.0,3.0,4.0,2.0,2.0,3.0,3.0,4.0,4.0,3.0,4.0,3.0,2.0,3.0,3.0,4.0,4.0,3.0,2.0,3.0,3.0,4.0,2.0,4.0,5.0,5.0,5.0,5.0,4.0,5.0,5.0,4.0,5.0,4.0,4.0,5.0,3.0,3.0,5.0,5.0,5.0,5.0,4.0,3.0,3.0,2.0,4.0,4.0,4.0,3.0,3.0,3.0,3.0,3.0,3.0,4.0,2.0,5.0,,4.0,3.0,2.0,4.0
R0273,1,36,5.0,2.0,1.0,1.0,2.0,2.0,3.0,2.0,3.0,3.0,2.0,3.0,4.0,3.0,3.0,4.0,3.0,4.0,4.0,3.0,4.0,2.0,4.0,4.0,4.0,4.0,3.0,5.0,2.0,3.0,2.0,3.0,2.0,3.0,3.0,3.0,3.0,2.0,3.0,3.0,4.0,4.0,3.0,3.0,3.0,3.0,2.0,3.0,5.0,4.0,5.0,4.0,5.0,5.0,2.0,3.0,3.0,3.0,3.0,3.0,3.0,2.0,2.0,3.0,1.0,3.0,3.0,3.0,4.0,3.0,1.0,3.0,1.0
R0274,2,28,10.5,2.0,4.0,3.0,2.0,3.0,4.0,1.0,2.0,,3.0,3.0,2.0,4.0,4.0,3.0,3.0,2.0,3.0,3.0,3.0,4.0,3.0,4.0,3.0,4.0,4.0,4.0,4.0,3.0,3.0,4.0,4.0,3.0,3.0,2.0,3.0,3.0,3.0,4.0,4.0,3.0,2.0,3.0,3.0,3.0,3.0,3.0,3.0,3.0,4.0,2.0,4.0,3.0,4.0,3.0,4.0,2.0,3.0,2.0,2.0,2.0,2.0,4.0,2.0,3.0,2.0,2.0,2.0,3.0,4.0,5.0,3.0
R0275,2,38,1.6,5.0,3.0,5.0,4.0,4.0,1.0,4.0,5.0,3.0,3.0,3.0,4.0,2.0,2.0,3.0,3.0,4.0,4.0,4.0,4.0,3.0,1.0,2.0,3.0,4.0,3.0,4.0,3.0,3.0,3.0,3.0,3.0,4.0,4.0,4.0,4.0,5.0,2.0,3.0,3.0,3.0,3.0,4.0,5.0,5.0,4.0,2.0,5.0,4.0,3.0,3.0,4.0,4.0,4.0,3.0,4.0,4.0,3.0,3.0,3.0,3.0,3.0,2.0,3.0,3.0,3.0,3.0,3.0,3.0,5.0,4.0,4.0
R0276,1,24,4.3,3.0,4.0,4.0,3.0,4.0,3.0,3.0,3.0,3.0,5.0,4.0,3.0,1.0,3.0,3.0,2.0,3.0,4.0,3.0,3.0,2.0,2.0,3.0,4.0,4.0,5.0,4.0,5.0,3.0,3.0,3.0,4.0,3.0,3.0,4.0,4.0,3.0,3.0,3.0,3.0,3.0,3.0,4.0,4.0,4.0,4.0,3.0,4.0,4.0,4.0,4.0,3.0,4.0,3.0,3.0,3.0,3.0,4.0,4.0,4.0,4.0,4.0,4.0,4.0,4.0,4.0,3.0,4.0,2.0,3.0,4.0,3.0
R0277,2,28,3.3,4.0,4.0,3.0,3.0,3.0,3.0,3.0,4.0,4.0,4.0,3.0,3.0,3.0,3.0,2.0,3.0,5.0,3.0,3.0,4.0,3.0,4.0,4.0,5.0,4.0,3.0,3.0,3.0,4.0,4.0,4.0,4.0,2.0,3.0,2.0,2.0,3.0,1.0,1.0,2.0,3.0,1.0,2.0,3.0,3.0,2.0,2.0,2.0,4.0,2.0,2.0,1.0,5.0,5.0,5.0,4.0,4.0,3.0,3.0,3.0,5.0,5.0,4.0,5.0,3.0,4.0,5.0,4.0,3.0,3.0,3.0,4.0
R0278,1,39,3.4,3.0,2.0,2.0,3.0,3.0,4.0,2.0,3.0,2.0,2.0,3.0,2.0,4.0,4.0,4.0,4.0,2.0,2.0,2.0,2.0,4.0,5.0,5.0,5.0,2.0,3.0,1.0,2.0,3.0,3.0,5.0,4.0,1.0,2.0,3.0,3.0,2.0,2.0,2.0,2.0,2.0,2.0,2.0,2.0,3.0,3.0,3.0,3.0,2.0,3.0,3.0,3.0,3.0,3.0,3.0,3.0,3.0,3.0,3.0,2.0,2.0,2.0,2.0,2.0,2.0,2.0,4.0,1.0,3.0,3.0,3.0,3.0
R0279,1,31,11.1,4.0,3.0,4.0,3.0,3.0,3.0,2.0,4.0,4.0,4.0,2.0,3.0,4.0,2.0,4.0,2.0,3.0,2.0,2.0,2.0,4.0,3.0,3.0,5.0,1.0,3.0,1.0,2.0,5.0,4.0,4.0,3.0,3.0,2.0,3.0,3.0,3.0,3.0,1.0,2.0,1.0,4.0,2.0,2.0,3.0,1.0,4.0,3.0,2.0,3.0,2.0,3.0,3.0,2.0,2.0,2.0,2.0,3.0,2.0,3.0,3.0,3.0,3.0,2.0,3.0,2.0,3.0,3.0,3.0,4.0,4.0,2.0
R0280,2,30,1.9,2.0,2.0,2.0,3.0,3.0,3.0,2.0,1.0,3.0,3.0,3.0,3.0,4.0,4.0,4.0,4.0,2.0,3.0,2.0,3.0,4.0,3.0,4.0,4.0,2.0,3.0,1.0,2.0,4.0,3.0,4.0,3.0,3.0,3.0,4.0,2.0,2.0,3.0,3.0,1.0,3.0,2.0,2.0,2.0,2.0,4.0,4.0,3.0,3.0,2.0,2.0,2.0,3.0,3.0,3.0,3.0,4.0,3.0,5.0,3.0,3.0,4.0,3.0,3.0,3.0,3.0,3.0,3.0,2.0,3.0,2.0,3.0
R0281,2,32,5.6,3.0,2.0,3.0,3.0,3.0,2.0,3.0,3.0,2.0,3.0,2.0,2.0,3.0,2.0,4.0,3.0,3.0,3.0,3.0,3.0,3.0,1.0,3.0,4.0,4.0,3.0,4.0,4.0,3.0,3.0,3.0,,3.0,3.0,4.0,2.0,3.0,2.0,1.0,1.0,3.0,2.0,3.0,3.0,3.0,3.0,4.0,3.0,2.0,2.0,2.0,2.0,3.0,4.0,2.0,3.0,4.0,3.0,4.0,3.0,3.0,3.0,4.0,3.0,4.0,4.0,4.0,4.0,3.0,2.0,2.0,2.0
R0282,2,29,4.4,4.0,5.0,5.0,3.0,4.0,2.0,4.0,4.0,4.0,4.0,4.0,5.0,3.0,3.0,2.0,3.0,3.0,3.0,3.0,4.0,3.0,3.0,3.0,3.0,3.0,3.0,3.0,3.0,3.0,3.0,2.0,4.0,3.0,4.0,3.0,4.0,3.0,2.0,3.0,3.0,3.0,4.0,2.0,2.0,2.0,2.0,4.0,3.0,3.0,3.0,3.0,3.0,4.0,3.0,4.0,4.0,3.0,3.0,3.0,4.0,3.0,3.0,2.0,3.0,5.0,4.0,4.0,4.0,5.0,5.0,5.0,3.0
R0283,1,32,4.8,2.0,3.0,4.0,4.0,4.0,2.0,4.0,4.0,2.0,3.0,3.0,3.0,2.0,4.0,3.0,2.0,3.0,3.0,2.0,4.0,1.0,3.0,2.0,2.0,3.0,3.0,3.0,4.0,2.0,2.0,3.0,3.0,4.0,5.0,4.0,4.0,4.0,2.0,3.0,4.0,3.0,4.0,4.0,4.0,3.0,3.0,2.0,5.0,4.0,5.0,5.0,4.0,4.0,4.0,4.0,4.0,4.0,4.0,4.0,5.0,5.0,3.0,3.0,4.0,5.0,5.0,4.0,5.0,4.0,3.0,4.0,3.0
R0284,2,32,0.9,3.0,5.0,4.0,4.0,4.0,3.0,3.0,4.0,3.0,4.0,4.0,2.0,2.0,4.0,4.0,3.0,5.0,4.0,4.0,4.0,3.0,3.0,3.0,2.0,3.0,4.0,3.0,3.0,2.0,3.0,3.0,3.0,4.0,4.0,4.0,3.0,4.0,3.0,5.0,3.0,3.0,5.0,3.0,4.0,4.0,5.0,2.0,4.0,4.0,3.0,3.0,2.0,5.0,4.0,5.0,5.0,4.0,4.0,4.0,3.0,5.0,5.0,5.0,5.0,4.0,4.0,4.0,4.0,5.0,4.0,4.0,4.0
R0285,1,31,3.3,2.0,3.0,2.0,1.0,2.0,3.0,2.0,3.0,3.0,2.0,3.0,4.0,4.0,5.0,5.0,4.0,4.0,4.0,4.0,4.0,3.0,3.0,3.0,3.0,4.0,2.0,3.0,2.0,4.0,2.0,4.0,3.0,4.0,3.0,4.0,3.0,4.0,4.0,3.0,4.0,4.0,3.0,3.0,3.0,3.0,3.0,3.0,3.0,2.0,3.0,3.0,4.0,4.0,4.0,4.0,4.0,4.0,2.0,3.0,3.0,3.0,3.0,4.0,4.0,4.0,3.0,5.0,3.0,4.0,3.0,4.0,2.0
R0286,1,24,1.8,4.0,3.0,3.0,3.0,3.0,4.0,3.0,4.0,4.0,3.0,3.0,3.0,4.0,5.0,3.0,3.0,3.0,3.0,2.0,2.0,2.0,3.0,2.0,4.0,3.0,3.0,3.0,3.0,5.0,4.0,3.0,4.0,3.0,2.0,3.0,3.0,3.0,2.0,2.0,2.0,3.0,3.0,2.0,1.0,1.0,2.0,5.0,3.0,3.0,2.0,2.0,3.0,2.0,4.0,3.0,3.0,2.0,2.0,1.0,1.0,3.0,2.0,4.0,3.0,3.0,2.0,4.0,1.0,3.0,3.0,2.0,3.0
R0287,1,28,2.8,3.0,4.0,4.0,4.0,3.0,4.0,3.0,4.0,5.0,4.0,3.0,3.0,3.0,3.0,4.0,5.0,3.0,5.0,4.0,4.0,3.0,3.0,3.0,3.0,5.0,3.0,2.0,3.0,4.0,4.0,4.0,3.0,2.0,3.0,2.0,3.0,3.0,1.0,2.0,3.0,1.0,3.0,3.0,1.0,2.0,1.0,3.0,3.0,3.0,2.0,2.0,1.0,3.0,4.0,3.0,4.0,3.0,3.0,3.0,3.0,4.0,2.0,3.0,3.0,3.0,2.0,3.0,2.0,3.0,2.0,3.0,2.0
R0288,2,32,2.4,2.0,3.0,2.0,5.0,4.0,3.0,3.0,3.0,4.0,2.0,3.0,3.0,3.0,4.0,4.0,3.0,2.0,3.0,4.0,3.0,3.0,3.0,3.0,3.0,3.0,3.0,4.0,3.0,3.0,3.0,5.0,4.0,3.0,3.0,3.0,3.0,3.0,3.0,3.0,3.0,3.0,2.0,4.0,3.0,3.0,3.0,2.0,4.0,2.0,4.0,5.0,4.0,3.0,2.0,3.0,2.0,1.0,2.0,1.0,2.0,1.0,1.0,2.0,2.0,1.0,1.0,1.0,2.0,3.0,3.0,3.0,2.0
R0289,2,26,5.8,4.0,4.0,3.0,3.0,3.0,2.0,4.0,4.0,5.0,4.0,4.0,4.0,2.0,3.0,2.0,2.0,5.0,4.0,2.0,4.0,3.0,3.0,4.0,3.0,3.0,5.0,4.0,2.0,3.0,3.0,3.0,2.0,5.0,5.0,3.0,4.0,4.0,4.0,4.0,4.0,4.0,3.0,4.0,3.0,3.0,3.0,3.0,4.0,3.0,3.0,3.0,4.0,4.0,4.0,5.0,3.0,4.0,4.0,4.0,5.0,3.0,4.0,4.0,3.0,4.0,2.0,3.0,4.0,5.0,4.0,4.0,5.0
R0290,1,26,0.5,4.0,3.0,4.0,5.0,4.0,2.0,3.0,3.0,3.0,2.0,2.0,3.0,2.0,3.0,4.0,3.0,3.0,2.0,3.0,2.0,3.0,2.0,3.0,3.0,3.0,3.0,1.0,3.0,4.0,3.0,4.0,3.0,4.0,3.0,2.0,3.0,3.0,3.0,3.0,3.0,1.0,2.0,3.0,3.0,3.0,3.0,3.0,3.0,3.0,2.0,3.0,2.0,4.0,3.0,2.0,3.0,3.0,3.0,4.0,4.0,4.0,4.0,5.0,4.0,4.0,3.0,,3.0,5.0,4.0,4.0,4.0
R0291,1,27,0.4,3.0,3.0,3.0,3.0,3.0,3.0,3.0,3.0,3.0,3.0,3.0,3.0,3.0,3.0,3.0,3.0,3.0,3.0,3.0,3.0,3.0,3.0,3.0,3.0,3.0,3.0,3.0,3.0,3.0,3.0,3.0,3.0,3.0,3.0,3.0,3.0,3.0,3.0,3.0,3.0,3.0,3.0,3.0,3.0,3.0,3.0,3.0,3.0,3.0,3.0,3.0,3.0,3.0,3.0,3.0,3.0,3.0,3.0,3.0,3.0,3.0,3.0,3.0,3.0,3.0,3.0,3.0,3.0,3.0,3.0,3.0,3.0
R0292,1,30,1.2,4.0,3.0,5.0,5.0,5.0,2.0,4.0,4.0,3.0,3.0,3.0,4.0,3.0,4.0,4.0,4.0,4.0,4.0,3.0,4.0,3.0,3.0,3.0,4.0,4.0,3.0,4.0,3.0,2.0,2.0,2.0,2.0,,3.0,2.0,3.0,3.0,2.0,3.0,2.0,2.0,3.0,2.0,3.0,4.0,3.0,4.0,2.0,3.0,4.0,3.0,2.0,4.0,3.0,5.0,3.0,5.0,4.0,3.0,4.0,5.0,4.0,5.0,5.0,5.0,4.0,5.0,5.0,3.0,4.0,4.0,3.0
R0293,2,33,1.3,4.0,2.0,3.0,2.0,4.0,5.0,4.0,2.0,3.0,2.0,3.0,2.0,2.0,3.0,4.0,4.0,3.0,4.0,3.0,3.0,5.0,4.0,4.0,5.0,2.0,2.0,2.0,3.0,4.0,4.0,3.0,3.0,3.0,4.0,4.0,4.0,3.0,1.0,3.0,2.0,2.0,2.0,3.0,,2.0,3.0,3.0,3.0,4.0,4.0,4.0,3.0,2.0,3.0,3.0,2.0,4.0,4.0,2.0,3.0,3.0,3.0,4.0,2.0,3.0,3.0,3.0,2.0,3.0,2.0,3.0,3.0
R0294,1,32,2.0,5.0,3.0,5.0,4.0,5.0,3.0,3.0,3.0,5.0,3.0,3.0,3.0,4.0,4.0,4.0,3.0,2.0,2.0,3.0,3.0,4.0,3.0,3.0,3.0,3.0,3.0,3.0,4.0,4.0,4.0,3.0,3.0,4.0,3.0,3.0,4.0,4.0,3.0,3.0,3.0,3.0,4.0,3.0,3.0,3.0,2.0,3.0,2.0,3.0,3.0,3.0,2.0,5.0,4.0,5.0,4.0,4.0,3.0,4.0,3.0,3.0,4.0,3.0,3.0,3.0,4.0,4.0,4.0,4.0,2.0,3.0,2.0
R0295,1,35,5.6,3.0,3.0,4.0,4.0,3.0,2.0,3.0,3.0,4.0,3.0,3.0,4.0,2.0,3.0,2.0,3.0,5.0,5.0,4.0,4.0,3.0,3.0,5.0,4.0,2.0,3.0,2.0,3.0,2.0,2.0,4.0,3.0,2.0,2.0,3.0,3.0,2.0,2.0,3.0,3.0,2.0,3.0,3.0,2.0,2.0,3.0,3.0,3.0,2.0,2.0,2.0,2.0,2.0,1.0,2.0,2.0,4.0,4.0,3.0,3.0,3.0,2.0,3.0,3.0,2.0,3.0,4.0,2.0,3.0,3.0,,4.0
R0296,2,32,5.5,3.0,2.0,5.0,3.0,3.0,4.0,2.0,4.0,3.0,3.0,4.0,3.0,3.0,4.0,4.0,3.0,3.0,3.0,3.0,3.0,4.0,4.0,5.0,3.0,2.0,3.0,4.0,4.0,4.0,4.0,5.0,4.0,2.0,2.0,2.0,2.0,1.0,2.0,1.0,1.0,1.0,3.0,3.0,2.0,3.0,3.0,3.0,2.0,2.0,3.0,3.0,3.0,5.0,3.0,4.0,4.0,4.0,3.0,2.0,3.0,3.0,3.0,3.0,2.0,3.0,5.0,4.0,3.0,3.0,3.0,3.0,3.0
R0297,2,27,6.3,3.0,3.0,3.0,3.0,2.0,2.0,4.0,3.0,4.0,4.0,4.0,2.0,1.0,2.0,2.0,3.0,3.0,3.0,5.0,2.0,3.0,3.0,3.0,2.0,3.0,4.0,1.0,4.0,4.0,2.0,3.0,3.0,4.0,4.0,4.0,4.0,1.0,4.0,5.0,5.0,4.0,4.0,5.0,3.0,3.0,4.0,3.0,4.0,4.0,3.0,3.0,2.0,5.0,3.0,4.0,4.0,4.0,4.0,4.0,4.0,3.0,2.0,4.0,3.0,4.0,4.0,2.0,4.0,5.0,5.0,5.0,4.0
R0298,2,34,7.3,3.0,1.0,2.0,2.0,3.0,4.0,2.0,2.0,2.0,3.0,4.0,2.0,2.0,3.0,4.0,4.0,4.0,3.0,2.0,2.0,3.0,3.0,3.0,3.0,3.0,3.0,2.0,3.0,4.0,3.0,3.0,4.0,4.0,3.0,4.0,3.0,3.0,4.0,4.0,5.0,3.0,3.0,2.0,3.0,3.0,2.0,4.0,3.0,3.0,3.0,2.0,2.0,1.0,1.0,4.0,2.0,3.0,3.0,3.0,2.0,2.0,2.0,2.0,1.0,4.0,2.0,4.0,3.0,3.0,2.0,2.0,3.0
R0299,2,36,2.1,5.0,5.0,5.0,4.0,4.0,2.0,4.0,5.0,2.0,3.0,2.0,4.0,2.0,3.0,3.0,3.0,2.0,3.0,3.0,2.0,4.0,4.0,3.0,4.0,2.0,3.0,4.0,4.0,4.0,4.0,3.0,2.0,2.0,2.0,2.0,3.0,3.0,2.0,3.0,2.0,,3.0,1.0,2.0,2.0,2.0,4.0,1.0,2.0,2.0,1.0,2.0,4.0,3.0,3.0,4.0,3.0,2.0,2.0,3.0,3.0,4.0,4.0,3.0,3.0,2.0,3.0,2.0,3.0,2.0,3.0,2.0
R0300,1,29,1.7,3.0,4.0,3.0,3.0,4.0,3.0,4.0,4.0,3.0,5.0,4.0,5.0,3.0,4.0,3.0,2.0,4.0,4.0,5.0,3.0,3.0,3.0,3.0,4.0,4.0,2.0,3.0,3.0,4.0,3.0,3.0,5.0,4.0,3.0,4.0,3.0,3.0,4.0,3.0,3.0,4.0,4.0,3.0,2.0,3.0,2.0,5.0,3.0,5.0,2.0,3.0,1.0,3.0,3.0,4.0,3.0,3.0,3.0,2.0,3.0,3.0,2.0,2.0,4.0,4.0,3.0,5.0,3.0,3.0,2.0,3.0,2.0
R0301,2,39,2.5,5.0,4.0,4.0,3.0,4.0,2.0,3.0,4.0,3.0,3.0,3.0,3.0,5.0,4.0,4.0,4.0,3.0,3.0,2.0,3.0,3.0,4.0,4.0,3.0,1.0,3.0,3.0,2.0,3.0,3.0,3.0,4.0,3.0,2.0,3.0,5.0,3.0,3.0,4.0,4.0,3.0,2.0,4.0,3.0,3.0,4.0,2.0,3.0,5.0,4.0,4.0,3.0,4.0,5.0,4.0,4.0,4.0,4.0,4.0,5.0,3.0,3.0,4.0,3.0,3.0,3.0,4.0,4.0,3.0,4.0,4.0,4.0
R0302,1,36,3.7,2.0,2.0,2.0,1.0,2.0,4.0,2.0,3.0,2.0,2.0,2.0,2.0,4.0,4.0,3.0,4.0,3.0,3.0,1.0,2.0,3.0,4.0,4.0,3.0,3.0,3.0,3.0,1.0,5.0,5.0,5.0,5.0,2.0,3.0,4.0,1.0,3.0,2.0,1.0,2.0,1.0,2.0,4.0,3.0,3.0,3.0,3.0,3.0,3.0,2.0,3.0,3.0,1.0,1.0,1.0,2.0,1.0,2.0,2.0,1.0,1.0,2.0,2.0,1.0,3.0,2.0,1.0,1.0,3.0,2.0,3.0,3.0
R0303,1,33,2.3,3.0,2.0,2.0,3.0,3.0,2.0,3.0,2.0,1.0,3.0,3.0,3.0,2.0,3.0,1.0,2.0,4.0,4.0,3.0,3.0,4.0,4.0,4.0,4.0,4.0,3.0,3.0,3.0,5.0,4.0,4.0,4.0,2.0,2.0,2.0,2.0,2.0,2.0,1.0,2.0,4.0,2.0,4.0,3.0,2.0,3.0,4.0,2.0,1.0,2.0,2.0,2.0,4.0,2.0,3.0,4.0,4.0,4.0,4.0,3.0,3.0,3.0,3.0,4.0,4.0,3.0,3.0,3.0,3.0,4.0,3.0,3.0
R0304,2,31,4.7,3.0,2.0,3.0,4.0,3.0,4.0,3.0,4.0,4.0,4.0,3.0,3.0,4.0,4.0,5.0,4.0,4.0,3.0,4.0,2.0,4.0,3.0,3.0,4.0,4.0,3.0,3.0,4.0,3.0,4.0,4.0,3.0,4.0,5.0,3.0,4.0,3.0,3.0,4.0,3.0,4.0,3.0,4.0,4.0,5.0,4.0,2.0,4.0,4.0,2.0,4.0,4.0,5.0,4.0,3.0,4.0,3.0,3.0,3.0,2.0,3.0,3.0,3.0,2.0,4.0,3.0,4.0,4.0,3.0,3.0,4.0,
R0305,2,32,1.5,1.0,3.0,3.0,3.0,2.0,3.0,3.0,2.0,2.0,2.0,2.0,4.0,4.0,5.0,4.0,4.0,3.0,2.0,5.0,3.0,4.0,5.0,4.0,5.0,2.0,1.0,2.0,2.0,4.0,4.0,4.0,4.0,2.0,3.0,3.0,3.0,3.0,3.0,3.0,2.0,4.0,3.0,3.0,2.0,2.0,3.0,3.0,2.0,1.0,3.0,2.0,2.0,2.0,3.0,3.0,3.0,3.0,3.0,2.0,3.0,2.0,2.0,3.0,2.0,2.0,2.0,2.0,2.0,1.0,1.0,1.0,1.0
R0306,2,33,4.9,2.0,2.0,1.0,1.0,3.0,5.0,1.0,2.0,2.0,2.0,3.0,2.0,3.0,,4.0,5.0,3.0,2.0,4.0,2.0,5.0,5.0,5.0,5.0,3.0,2.0,2.0,2.0,4.0,5.0,4.0,3.0,4.0,3.0,3.0,3.0,3.0,1.0,1.0,2.0,2.0,2.0,2.0,2.0,1.0,2.0,4.0,1.0,1.0,1.0,1.0,1.0,2.0,1.0,3.0,3.0,2.0,2.0,2.0,2.0,4.0,2.0,3.0,3.0,3.0,2.0,4.0,3.0,4.0,4.0,3.0,3.0
R0307,2,35,5.9,3.0,3.0,3.0,3.0,2.0,3.0,3.0,3.0,4.0,4.0,4.0,5.0,3.0,3.0,4.0,3.0,3.0,3.0,2.0,3.0,3.0,3.0,3.0,4.0,4.0,4.0,4.0,4.0,4.0,3.0,5.0,3.0,3.0,4.0,4.0,4.0,2.0,3.0,4.0,3.0,4.0,5.0,4.0,3.0,3.0,4.0,3.0,2.0,2.0,2.0,3.0,3.0,2.0,3.0,4.0,3.0,3.0,3.0,3.0,3.0,4.0,4.0,4.0,4.0,5.0,5.0,4.0,4.0,5.0,4.0,4.0,5.0
R0308,2,32,8.7,5.0,5.0,5.0,5.0,5.0,1.0,3.0,5.0,5.0,3.0,4.0,4.0,3.0,4.0,3.0,3.0,4.0,4.0,4.0,3.0,4.0,3.0,5.0,4.0,4.0,4.0,5.0,4.0,3.0,2.0,1.0,2.0,4.0,3.0,2.0,3.0,2.0,3.0,4.0,4.0,4.0,4.0,1.0,2.0,2.0,2.0,4.0,3.0,3.0,2.0,2.0,1.0,5.0,4.0,4.0,4.0,4.0,4.0,3.0,2.0,5.0,3.0,3.0,4.0,3.0,4.0,3.0,4.0,3.0,4.0,4.0,2.0
R0309,2,27,1.0,5.0,3.0,5.0,4.0,4.0,2.0,4.0,3.0,3.0,3.0,3.0,3.0,2.0,3.0,3.0,3.0,2.0,3.0,4.0,2.0,3.0,3.0,3.0,4.0,3.0,3.0,3.0,2.0,5.0,4.0,4.0,5.0,3.0,4.0,3.0,4.0,3.0,3.0,2.0,3.0,4.0,4.0,3.0,5.0,5.0,4.0,2.0,3.0,3.0,3.0,3.0,3.0,3.0,2.0,2.0,2.0,5.0,4.0,4.0,3.0,2.0,3.0,3.0,4.0,2.0,2.0,4.0,1.0,3.0,3.0,3.0,2.0
R0310,1,30,9.5,4.0,3.0,3.0,2.0,4.0,3.0,5.0,2.0,4.0,3.0,4.0,4.0,3.0,2.0,3.0,3.0,4.0,4.0,4.0,3.0,4.0,3.0,3.0,2.0,3.0,2.0,3.0,3.0,3.0,2.0,2.0,3.0,3.0,3.0,3.0,3.0,4.0,3.0,3.0,4.0,2.0,3.0,3.0,3.0,3.0,3.0,3.0,3.0,3.0,3.0,3.0,3.0,2.0,3.0,3.0,3.0,2.0,2.0,1.0,2.0,5.0,4.0,4.0,5.0,2.0,2.0,2.0,2.0,3.0,3.0,3.0,3.0
R0311,2,28,0.3,4.0,4.0,5.0,5.0,4.0,2.0,4.0,4.0,5.0,5.0,4.0,5.0,2.0,1.0,2.0,3.0,5.0,5.0,4.0,4.0,1.0,3.0,3.0,4.0,5.0,4.0,2.0,3.0,3.0,3.0,2.0,3.0,5.0,4.0,4.0,4.0,3.0,4.0,5.0,4.0,5.0,5.0,5.0,4.0,3.0,4.0,2.0,5.0,5.0,5.0,5.0,5.0,5.0,4.0,4.0,3.0,4.0,4.0,4.0,4.0,3.0,3.0,4.0,4.0,5.0,3.0,4.0,4.0,5.0,5.0,5.0,4.0
R0312,2,20,1.4,2.0,4.0,4.0,4.0,3.0,3.0,3.0,3.0,4.0,5.0,4.0,4.0,3.0,2.0,3.0,2.0,3.0,4.0,3.0,5.0,2.0,3.0,3.0,2.0,4.0,4.0,5.0,3.0,3.0,2.0,3.0,3.0,4.0,3.0,3.0,3.0,3.0,2.0,1.0,2.0,2.0,3.0,4.0,4.0,4.0,4.0,1.0,3.0,5.0,4.0,4.0,4.0,2.0,3.0,5.0,4.0,3.0,3.0,3.0,3.0,4.0,4.0,4.0,2.0,4.0,3.0,5.0,2.0,5.0,4.0,5.0,5.0
R0313,2,34,3.4,4.0,4.0,5.0,4.0,4.0,2.0,5.0,5.0,3.0,3.0,3.0,3.0,3.0,3.0,3.0,5.0,3.0,3.0,2.0,3.0,4.0,,5.0,4.0,5.0,3.0,3.0,3.0,3.0,3.0,3.0,3.0,4.0,4.0,4.0,5.0,5.0,4.0,4.0,5.0,4.0,5.0,5.0,5.0,4.0,5.0,1.0,5.0,4.0,4.0,4.0,4.0,4.0,2.0,4.0,3.0,3.0,4.0,3.0,4.0,4.0,4.0,4.0,4.0,5.0,4.0,4.0,4.0,4.0,4.0,4.0,5.0
R0314,1,29,1.5,1.0,3.0,3.0,2.0,4.0,4.0,3.0,2.0,2.0,2.0,3.0,1.0,5.0,4.0,4.0,4.0,2.0,3.0,2.0,2.0,4.0,3.0,4.0,5.0,3.0,2.0,3.0,2.0,5.0,4.0,4.0,5.0,1.0,2.0,2.0,1.0,1.0,2.0,2.0,2.0,3.0,3.0,2.0,2.0,2.0,1.0,5.0,4.0,5.0,2.0,2.0,1.0,3.0,3.0,3.0,1.0,5.0,4.0,4.0,3.0,4.0,2.0,1.0,2.0,2.0,1.0,2.0,1.0,4.0,4.0,2.0,3.0
R0315,2,30,1.4,2.0,3.0,3.0,3.0,2.0,3.0,3.0,3.0,3.0,3.0,2.0,3.0,2.0,3.0,2.0,3.0,3.0,4.0,4.0,2.0,2.0,3.0,3.0,2.0,3.0,3.0,4.0,3.0,3.0,2.0,4.0,3.0,2.0,4.0,3.0,3.0,4.0,4.0,3.0,2.0,3.0,5.0,3.0,4.0,3.0,2.0,3.0,3.0,3.0,3.0,3.0,4.0,3.0,3.0,1.0,3.0,1.0,1.0,1.0,2.0,5.0,3.0,4.0,3.0,1.0,2.0,1.0,3.0,3.0,2.0,4.0,2.0
R0316,1,30,1.5,3.0,3.0,4.0,3.0,3.0,2.0,3.0,5.0,4.0,4.0,3.0,4.0,2.0,3.0,3.0,4.0,3.0,2.0,2.0,2.0,3.0,3.0,3.0,3.0,4.0,4.0,3.0,2.0,3.0,3.0,3.0,3.0,3.0,4.0,3.0,3.0,2.0,4.0,3.0,3.0,3.0,3.0,3.0,3.0,3.0,3.0,3.0,5.0,5.0,3.0,3.0,5.0,3.0,3.0,1.0,3.0,3.0,2.0,3.0,3.0,3.0,2.0,3.0,2.0,3.0,3.0,3.0,1.0,1.0,1.0,2.0,1.0
R0317,2,27,3.0,5.0,4.0,4.0,5.0,5.0,2.0,4.0,5.0,4.0,3.0,3.0,3.0,3.0,3.0,3.0,3.0,4.0,4.0,4.0,4.0,3.0,2.0,3.0,4.0,3.0,4.0,3.0,4.0,1.0,2.0,2.0,2.0,4.0,4.0,5.0,4.0,5.0,4.0,5.0,4.0,5.0,3.0,3.0,5.0,3.0,5.0,3.0,4.0,4.0,5.0,5.0,4.0,3.0,3.0,4.0,4.0,4.0,4.0,4.0,4.0,4.0,4.0,4.0,5.0,5.0,4.0,5.0,4.0,3.0,4.0,5.0,3.0
R0318,1,29,3.8,4.0,3.0,4.0,2.0,4.0,3.0,2.0,4.0,3.0,3.0,3.0,4.0,3.0,2.0,4.0,4.0,4.0,3.0,1.0,3.0,3.0,3.0,3.0,3.0,4.0,4.0,4.0,5.0,3.0,2.0,3.0,2.0,5.0,5.0,4.0,4.0,3.0,4.0,5.0,3.0,4.0,5.0,5.0,4.0,3.0,4.0,3.0,4.0,4.0,3.0,5.0,4.0,3.0,2.0,4.0,2.0,1.0,3.0,2.0,2.0,3.0,1.0,3.0,2.0,3.0,2.0,3.0,3.0,3.0,3.0,4.0,4.0
R0319,1,37,0.4,2.0,4.0,3.0,3.0,2.0,2.0,3.0,4.0,3.0,3.0,4.0,3.0,3.0,3.0,4.0,3.0,1.0,2.0,2.0,2.0,3.0,4.0,4.0,3.0,3.0,2.0,1.0,3.0,4.0,3.0,5.0,4.0,4.0,4.0,3.0,4.0,4.0,4.0,3.0,3.0,4.0,4.0,5.0,5.0,5.0,5.0,2.0,3.0,,2.0,3.0,3.0,3.0,3.0,3.0,2.0,4.0,3.0,3.0,3.0,3.0,3.0,3.0,3.0,4.0,2.0,3.0,2.0,3.0,3.0,4.0,3.0
R0320,2,36,9.8,4.0,3.0,5.0,2.0,4.0,3.0,3.0,5.0,2.0,4.0,3.0,4.0,2.0,4.0,4.0,3.0,2.0,3.0,3.0,,2.0,3.0,1.0,3.0,3.0,3.0,4.0,2.0,3.0,3.0,3.0,3.0,3.0,4.0,4.0,3.0,3.0,4.0,2.0,4.0,4.0,3.0,4.0,3.0,4.0,4.0,2.0,3.0,3.0,2.0,2.0,3.0,4.0,3.0,5.0,5.0,4.0,5.0,5.0,4.0,4.0,2.0,5.0,2.0,3.0,3.0,4.0,3.0,4.0,,,3.0
R0321,2,22,1.1,4.0,3.0,4.0,4.0,3.0,3.0,4.0,5.0,4.0,3.0,3.0,4.0,2.0,3.0,3.0,4.0,4.0,3.0,3.0,4.0,4.0,3.0,4.0,4.0,5.0,3.0,5.0,5.0,4.0,3.0,3.0,2.0,3.0,4.0,4.0,3.0,3.0,4.0,4.0,3.0,2.0,4.0,4.0,4.0,4.0,4.0,3.0,2.0,2.0,3.0,3.0,2.0,3.0,2.0,3.0,3.0,2.0,3.0,1.0,3.0,2.0,2.0,4.0,2.0,2.0,2.0,3.0,2.0,3.0,2.0,3.0,2.0
R0322,1,34,0.6,3.0,3.0,2.0,3.0,2.0,3.0,2.0,3.0,4.0,5.0,2.0,4.0,2.0,3.0,2.0,2.0,4.0,4.0,5.0,4.0,2.0,1.0,2.0,2.0,5.0,4.0,5.0,4.0,3.0,3.0,4.0,4.0,4.0,5.0,4.0,4.0,4.0,4.0,3.0,5.0,3.0,3.0,3.0,4.0,3.0,3.0,3.0,2.0,3.0,3.0,4.0,4.0,3.0,3.0,4.0,4.0,3.0,4.0,3.0,4.0,3.0,3.0,2.0,2.0,4.0,2.0,4.0,4.0,3.0,3.0,4.0,3.0
R0323,2,25,7.9,4.0,4.0,5.0,5.0,3.0,3.0,3.0,3.0,4.0,3.0,2.0,3.0,4.0,4.0,3.0,4.0,2.0,3.0,4.0,3.0,4.0,5.0,3.0,3.0,2.0,2.0,3.0,3.0,4.0,4.0,4.0,4.0,4.0,4.0,3.0,4.0,4.0,3.0,5.0,5.0,3.0,4.0,4.0,4.0,4.0,5.0,2.0,3.0,3.0,3.0,2.0,3.0,4.0,3.0,4.0,3.0,4.0,4.0,5.0,4.0,3.0,2.0,3.0,2.0,3.0,3.0,3.0,4.0,2.0,2.0,3.0,3.0
R0324,1,30,2.0,4.0,5.0,4.0,3.0,4.0,2.0,4.0,4.0,3.0,3.0,5.0,4.0,3.0,3.0,3.0,4.0,3.0,3.0,3.0,2.0,3.0,3.0,3.0,2.0,3.0,5.0,4.0,4.0,3.0,3.0,5.0,4.0,3.0,4.0,3.0,4.0,3.0,3.0,3.0,4.0,3.0,3.0,3.0,4.0,3.0,4.0,2.0,3.0,4.0,2.0,3.0,3.0,5.0,4.0,3.0,5.0,5.0,4.0,4.0,5.0,3.0,4.0,3.0,3.0,4.0,4.0,3.0,4.0,4.0,3.0,4.0,3.0
R0325,1,36,2.8,3.0,2.0,4.0,4.0,3.0,4.0,4.0,3.0,3.0,4.0,3.0,4.0,2.0,3.0,3.0,3.0,4.0,3.0,2.0,3.0,3.0,3.0,4.0,3.0,3.0,3.0,3.0,3.0,3.0,2.0,3.0,3.0,3.0,2.0,3.0,3.0,4.0,3.0,4.0,3.0,3.0,4.0,3.0,4.0,4.0,4.0,4.0,2.0,3.0,4.0,2.0,2.0,2.0,2.0,3.0,3.0,2.0,4.0,2.0,2.0,3.0,4.0,4.0,3.0,3.0,2.0,3.0,3.0,2.0,2.0,1.0,1.0
R0326,1,27,0.4,4.0,4.0,4.0,4.0,4.0,4.0,4.0,4.0,4.0,4.0,4.0,4.0,4.0,4.0,4.0,4.0,4.0,4.0,4.0,4.0,4.0,4.0,4.0,4.0,4.0,4.0,3.0,4.0,4.0,4.0,4.0,4.0,4.0,4.0,4.0,4.0,4.0,4.0,4.0,4.0,4.0,4.0,4.0,4.0,4.0,4.0,4.0,4.0,4.0,4.0,4.0,4.0,4.0,4.0,4.0,4.0,4.0,4.0,4.0,4.0,4.0,4.0,4.0,4.0,4.0,4.0,4.0,4.0,4.0,4.0,4.0,4.0
R0327,2,23,0.2,4.0,4.0,3.0,4.0,4.0,2.0,4.0,4.0,4.0,2.0,3.0,3.0,3.0,2.0,3.0,3.0,4.0,5.0,4.0,4.0,4.0,4.0,4.0,4.0,5.0,3.0,4.0,3.0,3.0,2.0,2.0,2.0,3.0,2.0,2.0,3.0,3.0,3.0,2.0,3.0,3.0,3.0,4.0,3.0,1.0,4.0,2.0,4.0,2.0,3.0,2.0,3.0,3.0,1.0,3.0,3.0,3.0,2.0,3.0,3.0,3.0,2.0,2.0,3.0,3.0,3.0,1.0,3.0,2.0,3.0,3.0,3.0
R0329,1,22,0.5,3.0,2.0,3.0,3.0,3.0,3.0,3.0,3.0,2.0,3.0,3.0,3.0,3.0,3.0,3.0,3.0,3.0,3.0,3.0,3.0,3.0,4.0,4.0,3.0,3.0,3.0,3.0,3.0,3.0,3.0,3.0,3.0,3.0,3.0,3.0,3.0,3.0,3.0,3.0,3.0,3.0,3.0,3.0,3.0,3.0,3.0,3.0,3.0,3.0,3.0,3.0,3.0,3.0,3.0,4.0,3.0,3.0,3.0,3.0,3.0,3.0,3.0,3.0,3.0,3.0,3.0,3.0,3.0,3.0,3.0,3.0,3.0
R0330,1,32,3.9,3.0,2.0,3.0,4.0,3.0,2.0,3.0,2.0,3.0,2.0,3.0,2.0,3.0,4.0,3.0,3.0,4.0,2.0,3.0,3.0,3.0,3.0,4.0,3.0,3.0,3.0,3.0,2.0,4.0,4.0,4.0,3.0,3.0,3.0,4.0,4.0,2.0,2.0,5.0,4.0,2.0,4.0,4.0,3.0,4.0,4.0,4.0,2.0,3.0,3.0,3.0,2.0,5.0,3.0,5.0,5.0,3.0,5.0,3.0,4.0,5.0,5.0,3.0,5.0,5.0,4.0,5.0,5.0,4.0,5.0,4.0,4.0
R0331,2,38,2.3,3.0,3.0,4.0,2.0,5.0,4.0,3.0,3.0,2.0,4.0,3.0,4.0,2.0,3.0,3.0,2.0,3.0,3.0,5.0,2.0,2.0,2.0,2.0,2.0,3.0,5.0,3.0,3.0,2.0,3.0,3.0,3.0,3.0,5.0,4.0,4.0,4.0,3.0,4.0,4.0,5.0,4.0,5.0,3.0,4.0,3.0,3.0,3.0,4.0,4.0,3.0,3.0,3.0,3.0,4.0,3.0,4.0,1.0,3.0,2.0,5.0,5.0,5.0,4.0,1.0,1.0,1.0,1.0,4.0,3.0,3.0,4.0
R0332,1,36,5.2,3.0,3.0,3.0,3.0,3.0,3.0,3.0,3.0,3.0,3.0,3.0,3.0,3.0,3.0,3.0,3.0,3.0,3.0,3.0,3.0,3.0,3.0,3.0,3.0,3.0,3.0,3.0,3.0,3.0,3.0,3.0,3.0,3.0,3.0,3.0,3.0,3.0,3.0,3.0,3.0,3.0,3.0,3.0,3.0,3.0,3.0,3.0,3.0,3.0,3.0,3.0,3.0,3.0,3.0,3.0,3.0,3.0,3.0,3.0,3.0,3.0,3.0,3.0,3.0,3.0,3.0,3.0,3.0,3.0,3.0,3.0,3.0
R0333,2,23,2.6,5.0,4.0,4.0,4.0,5.0,3.0,3.0,2.0,4.0,4.0,3.0,3.0,3.0,2.0,3.0,4.0,5.0,4.0,3.0,3.0,1.0,2.0,2.0,3.0,5.0,5.0,4.0,4.0,3.0,3.0,3.0,2.0,5.0,5.0,4.0,4.0,4.0,4.0,5.0,4.0,4.0,3.0,5.0,5.0,5.0,5.0,1.0,4.0,4.0,3.0,3.0,3.0,5.0,4.0,5.0,4.0,5.0,5.0,5.0,5.0,5.0,3.0,4.0,4.0,4.0,4.0,5.0,3.0,4.0,4.0,5.0,4.0
R0334,2,30,2.1,4.0,3.0,3.0,3.0,3.0,4.0,3.0,4.0,3.0,4.0,5.0,4.0,3.0,3.0,4.0,3.0,3.0,4.0,3.0,3.0,3.0,3.0,3.0,2.0,3.0,3.0,3.0,3.0,3.0,3.0,4.0,4.0,3.0,3.0,5.0,3.0,3.0,3.0,1.0,2.0,2.0,3.0,4.0,3.0,3.0,3.0,2.0,3.0,3.0,2.0,2.0,3.0,4.0,3.0,3.0,3.0,4.0,4.0,4.0,3.0,4.0,3.0,3.0,3.0,4.0,3.0,3.0,3.0,3.0,4.0,4.0,3.0
R0335,2,30,8.3,3.0,3.0,3.0,3.0,3.0,3.0,3.0,3.0,3.0,3.0,3.0,3.0,3.0,3.0,3.0,3.0,3.0,3.0,3.0,3.0,3.0,3.0,3.0,3.0,3.0,3.0,3.0,3.0,3.0,3.0,3.0,3.0,3.0,3.0,3.0,3.0,3.0,3.0,3.0,3.0,3.0,3.0,3.0,3.0,3.0,3.0,3.0,3.0,3.0,3.0,3.0,3.0,3.0,3.0,3.0,3.0,3.0,3.0,3.0,3.0,3.0,3.0,3.0,3.0,3.0,3.0,3.0,3.0,3.0,3.0,3.0,3.0
R0336,2,31,4.4,3.0,3.0,4.0,3.0,3.0,1.0,4.0,5.0,5.0,4.0,5.0,5.0,1.0,2.0,2.0,2.0,5.0,5.0,4.0,5.0,2.0,1.0,2.0,1.0,5.0,4.0,5.0,3.0,2.0,2.0,2.0,2.0,3.0,5.0,5.0,3.0,5.0,4.0,5.0,4.0,5.0,4.0,5.0,4.0,4.0,5.0,2.0,3.0,3.0,3.0,4.0,4.0,3.0,3.0,3.0,4.0,5.0,5.0,4.0,5.0,3.0,3.0,4.0,4.0,2.0,3.0,3.0,3.0,3.0,3.0,4.0,4.0
R0337,2,32,2.4,3.0,3.0,3.0,3.0,3.0,3.0,3.0,3.0,3.0,3.0,3.0,3.0,3.0,3.0,3.0,3.0,3.0,3.0,3.0,3.0,3.0,3.0,3.0,3.0,3.0,3.0,3.0,3.0,3.0,3.0,3.0,3.0,3.0,3.0,3.0,3.0,3.0,3.0,3.0,3.0,3.0,3.0,3.0,3.0,3.0,3.0,3.0,3.0,3.0,3.0,3.0,3.0,3.0,3.0,3.0,3.0,3.0,3.0,3.0,3.0,3.0,3.0,3.0,3.0,3.0,3.0,3.0,3.0,3.0,3.0,3.0,3.0
R0338,1,34,3.3,2.0,2.0,2.0,3.0,3.0,4.0,4.0,2.0,3.0,3.0,4.0,4.0,3.0,4.0,4.0,3.0,2.0,3.0,1.0,2.0,3.0,4.0,4.0,3.0,3.0,3.0,4.0,2.0,3.0,3.0,5.0,4.0,3.0,2.0,3.0,3.0,4.0,2.0,3.0,3.0,3.0,2.0,3.0,3.0,2.0,1.0,3.0,3.0,4.0,3.0,3.0,3.0,3.0,3.0,4.0,3.0,3.0,3.0,3.0,3.0,1.0,2.0,4.0,3.0,3.0,3.0,3.0,2.0,5.0,4.0,4.0,4.0
R0339,1,29,0.1,4.0,4.0,5.0,4.0,5.0,1.0,4.0,4.0,4.0,4.0,3.0,3.0,4.0,4.0,4.0,4.0,4.0,4.0,4.0,4.0,3.0,5.0,5.0,4.0,4.0,2.0,3.0,3.0,2.0,3.0,4.0,4.0,3.0,3.0,3.0,4.0,2.0,4.0,3.0,4.0,4.0,5.0,4.0,4.0,2.0,4.0,1.0,5.0,4.0,3.0,3.0,4.0,5.0,4.0,4.0,3.0,5.0,5.0,5.0,4.0,5.0,4.0,5.0,4.0,5.0,5.0,5.0,4.0,5.0,4.0,5.0,5.0
R0340,2,42,5.7,3.0,2.0,4.0,4.0,3.0,3.0,2.0,3.0,2.0,3.0,3.0,2.0,4.0,4.0,3.0,5.0,3.0,3.0,2.0,2.0,3.0,2.0,3.0,3.0,2.0,3.0,3.0,2.0,3.0,3.0,2.0,3.0,2.0,4.0,2.0,3.0,3.0,3.0,2.0,3.0,3.0,2.0,2.0,2.0,2.0,1.0,4.0,4.0,4.0,4.0,3.0,4.0,5.0,2.0,2.0,4.0,3.0,2.0,3.0,3.0,2.0,2.0,3.0,3.0,3.0,2.0,4.0,3.0,3.0,2.0,2.0,3.0
R0341,2,26,0.5,4.0,5.0,5.0,3.0,4.0,3.0,4.0,5.0,3.0,4.0,3.0,4.0,3.0,3.0,2.0,3.0,4.0,3.0,2.0,3.0,2.0,3.0,3.0,3.0,4.0,4.0,4.0,3.0,3.0,3.0,4.0,4.0,3.0,3.0,4.0,4.0,4.0,3.0,3.0,4.0,4.0,4.0,4.0,5.0,3.0,4.0,2.0,5.0,3.0,4.0,4.0,5.0,2.0,2.0,4.0,3.0,3.0,3.0,3.0,2.0,3.0,3.0,2.0,2.0,4.0,4.0,3.0,3.0,5.0,4.0,3.0,4.0
R0342,1,30,7.4,3.0,3.0,2.0,3.0,3.0,4.0,3.0,3.0,4.0,4.0,4.0,3.0,2.0,3.0,3.0,2.0,4.0,4.0,3.0,2.0,3.0,3.0,3.0,4.0,3.0,4.0,5.0,3.0,4.0,4.0,3.0,3.0,2.0,3.0,5.0,2.0,2.0,3.0,4.0,2.0,2.0,3.0,2.0,3.0,2.0,3.0,4.0,3.0,2.0,2.0,3.0,3.0,4.0,3.0,4.0,4.0,4.0,3.0,3.0,3.0,3.0,4.0,4.0,3.0,4.0,3.0,4.0,3.0,4.0,3.0,3.0,4.0
R0343,2,34,9.0,1.0,2.0,2.0,2.0,1.0,5.0,1.0,2.0,3.0,3.0,2.0,2.0,4.0,4.0,4.0,5.0,1.0,2.0,3.0,1.0,4.0,5.0,4.0,5.0,3.0,,2.0,2.0,4.0,4.0,4.0,3.0,3.0,3.0,3.0,2.0,1.0,2.0,2.0,2.0,3.0,4.0,3.0,2.0,3.0,4.0,4.0,3.0,4.0,2.0,3.0,3.0,2.0,2.0,3.0,3.0,4.0,2.0,2.0,2.0,2.0,2.0,2.0,3.0,3.0,4.0,4.0,3.0,3.0,2.0,4.0,3.0
R0344,2,28,6.5,3.0,2.0,3.0,3.0,2.0,3.0,2.0,3.0,3.0,2.0,2.0,1.0,3.0,4.0,4.0,4.0,4.0,3.0,3.0,3.0,4.0,3.0,4.0,4.0,1.0,1.0,2.0,2.0,3.0,3.0,3.0,3.0,3.0,3.0,3.0,4.0,2.0,3.0,3.0,2.0,4.0,2.0,3.0,3.0,4.0,3.0,3.0,4.0,2.0,2.0,2.0,2.0,3.0,2.0,3.0,2.0,3.0,4.0,4.0,4.0,4.0,3.0,2.0,2.0,3.0,2.0,2.0,3.0,4.0,2.0,3.0,3.0
R0345,1,28,3.5,3.0,5.0,3.0,2.0,3.0,3.0,2.0,3.0,2.0,3.0,3.0,5.0,3.0,3.0,2.0,3.0,3.0,3.0,1.0,3.0,3.0,4.0,4.0,5.0,2.0,2.0,2.0,2.0,2.0,2.0,2.0,4.0,3.0,3.0,2.0,3.0,4.0,4.0,3.0,4.0,4.0,3.0,4.0,3.0,2.0,2.0,3.0,3.0,5.0,3.0,4.0,4.0,4.0,5.0,4.0,3.0,3.0,3.0,4.0,3.0,2.0,3.0,4.0,,4.0,3.0,3.0,4.0,2.0,2.0,3.0,2.0
R0347,2,25,3.1,5.0,5.0,5.0,5.0,5.0,3.0,,5.0,4.0,3.0,,3.0,2.0,4.0,2.0,3.0,3.0,2.0,2.0,2.0,2.0,3.0,2.0,4.0,2.0,2.0,3.0,2.0,3.0,3.0,3.0,3.0,2.0,3.0,4.0,3.0,2.0,2.0,1.0,2.0,2.0,2.0,4.0,3.0,4.0,4.0,2.0,2.0,3.0,1.0,2.0,2.0,2.0,2.0,3.0,3.0,3.0,3.0,4.0,2.0,4.0,4.0,4.0,4.0,4.0,4.0,3.0,3.0,3.0,3.0,2.0,3.0
R0348,2,26,5.1,3.0,3.0,3.0,,4.0,4.0,3.0,3.0,3.0,3.0,3.0,4.0,3.0,3.0,3.0,3.0,4.0,3.0,5.0,3.0,3.0,3.0,3.0,3.0,4.0,3.0,2.0,3.0,2.0,3.0,2.0,3.0,4.0,4.0,3.0,3.0,,2.0,3.0,3.0,4.0,3.0,4.0,4.0,3.0,3.0,2.0,4.0,3.0,2.0,3.0,3.0,4.0,4.0,5.0,5.0,3.0,3.0,4.0,2.0,2.0,2.0,3.0,3.0,3.0,3.0,4.0,3.0,3.0,4.0,5.0,3.0
R0349,2,27,1.2,3.0,1.0,2.0,2.0,3.0,3.0,3.0,4.0,4.0,2.0,4.0,3.0,3.0,3.0,2.0,4.0,3.0,2.0,2.0,3.0,3.0,4.0,4.0,4.0,3.0,3.0,1.0,3.0,5.0,5.0,3.0,4.0,1.0,2.0,2.0,2.0,1.0,2.0,2.0,2.0,2.0,2.0,2.0,2.0,2.0,2.0,4.0,3.0,4.0,3.0,3.0,2.0,3.0,3.0,3.0,2.0,2.0,3.0,2.0,2.0,1.0,1.0,2.0,2.0,1.0,2.0,1.0,1.0,3.0,1.0,1.0,2.0
R0350,1,41,5.1,3.0,3.0,2.0,3.0,3.0,4.0,2.0,3.0,3.0,3.0,3.0,4.0,3.0,2.0,4.0,3.0,2.0,3.0,2.0,2.0,4.0,5.0,5.0,4.0,4.0,3.0,3.0,3.0,3.0,2.0,4.0,3.0,4.0,5.0,4.0,4.0,5.0,5.0,5.0,4.0,4.0,4.0,4.0,3.0,4.0,4.0,3.0,2.0,3.0,2.0,3.0,4.0,2.0,2.0,2.0,3.0,4.0,5.0,4.0,4.0,5.0,5.0,5.0,4.0,3.0,3.0,3.0,2.0,3.0,3.0,4.0,3.0
R0351,2,32,1.9,2.0,3.0,4.0,3.0,3.0,4.0,3.0,4.0,4.0,4.0,3.0,3.0,2.0,3.0,3.0,4.0,4.0,3.0,3.0,3.0,2.0,2.0,2.0,3.0,3.0,3.0,3.0,3.0,3.0,5.0,4.0,4.0,3.0,3.0,3.0,3.0,3.0,4.0,3.0,4.0,4.0,4.0,3.0,3.0,2.0,4.0,4.0,3.0,4.0,3.0,3.0,2.0,2.0,2.0,4.0,2.0,4.0,3.0,3.0,3.0,4.0,3.0,3.0,3.0,3.0,2.0,2.0,2.0,4.0,4.0,4.0,4.0
R0352,2,34,0.5,3.0,4.0,4.0,4.0,4.0,2.0,4.0,4.0,3.0,2.0,3.0,3.0,2.0,3.0,3.0,3.0,3.0,3.0,2.0,4.0,3.0,5.0,4.0,4.0,2.0,3.0,2.0,4.0,4.0,4.0,4.0,5.0,2.0,2.0,2.0,2.0,3.0,1.0,1.0,1.0,2.0,3.0,3.0,2.0,3.0,3.0,4.0,1.0,3.0,2.0,1.0,2.0,3.0,3.0,3.0,2.0,3.0,3.0,2.0,3.0,3.0,3.0,2.0,3.0,2.0,2.0,3.0,2.0,3.0,3.0,3.0,3.0
R0353,2,29,0.1,4.0,3.0,3.0,4.0,3.0,3.0,3.0,2.0,2.0,2.0,2.0,3.0,5.0,4.0,5.0,4.0,3.0,3.0,1.0,4.0,4.0,4.0,5.0,4.0,3.0,2.0,2.0,3.0,5.0,4.0,5.0,4.0,2.0,1.0,1.0,2.0,1.0,3.0,3.0,3.0,3.0,2.0,2.0,2.0,1.0,2.0,4.0,2.0,3.0,1.0,2.0,2.0,3.0,3.0,2.0,2.0,2.0,1.0,2.0,1.0,4.0,3.0,4.0,4.0,2.0,3.0,5.0,3.0,4.0,3.0,3.0,3.0
R0354,1,25,5.6,3.0,3.0,3.0,3.0,3.0,3.0,2.0,4.0,3.0,3.0,3.0,2.0,3.0,4.0,4.0,3.0,2.0,3.0,2.0,1.0,4.0,4.0,4.0,4.0,3.0,1.0,1.0,2.0,4.0,3.0,3.0,3.0,3.0,3.0,3.0,3.0,2.0,2.0,3.0,5.0,4.0,3.0,4.0,3.0,3.0,2.0,5.0,2.0,2.0,3.0,3.0,2.0,3.0,2.0,4.0,3.0,3.0,3.0,3.0,3.0,3.0,2.0,4.0,3.0,3.0,3.0,3.0,2.0,4.0,3.0,4.0,3.0
R0356,2,31,12.6,2.0,4.0,2.0,3.0,2.0,2.0,3.0,4.0,3.0,2.0,2.0,3.0,4.0,4.0,5.0,5.0,2.0,2.0,4.0,2.0,4.0,4.0,4.0,5.0,4.0,2.0,3.0,2.0,4.0,4.0,3.0,3.0,2.0,3.0,1.0,4.0,3.0,3.0,4.0,2.0,3.0,3.0,1.0,2.0,2.0,1.0,3.0,3.0,3.0,3.0,2.0,2.0,2.0,3.0,2.0,2.0,3.0,4.0,2.0,2.0,1.0,2.0,3.0,3.0,3.0,3.0,3.0,2.0,4.0,3.0,4.0,3.0
R0357,2,28,1.8,4.0,3.0,3.0,2.0,4.0,2.0,3.0,3.0,2.0,3.0,3.0,3.0,4.0,4.0,2.0,5.0,3.0,3.0,4.0,4.0,3.0,4.0,4.0,5.0,4.0,4.0,3.0,4.0,2.0,3.0,3.0,5.0,3.0,3.0,3.0,3.0,3.0,3.0,3.0,3.0,3.0,4.0,4.0,4.0,3.0,4.0,3.0,3.0,4.0,3.0,3.0,4.0,3.0,4.0,3.0,4.0,3.0,4.0,3.0,3.0,3.0,3.0,3.0,3.0,2.0,2.0,3.0,3.0,4.0,3.0,4.0,4.0
R0358,2,36,1.8,4.0,2.0,4.0,2.0,3.0,4.0,2.0,3.0,3.0,3.0,3.0,4.0,5.0,4.0,4.0,5.0,3.0,3.0,2.0,3.0,2.0,3.0,3.0,3.0,3.0,4.0,4.0,3.0,3.0,4.0,3.0,3.0,2.0,2.0,3.0,3.0,2.0,3.0,3.0,3.0,5.0,3.0,3.0,2.0,2.0,2.0,4.0,3.0,4.0,2.0,2.0,2.0,2.0,2.0,3.0,2.0,4.0,3.0,2.0,2.0,2.0,2.0,2.0,2.0,3.0,3.0,,2.0,3.0,3.0,4.0,3.0
R0359,2,28,0.6,3.0,3.0,3.0,3.0,3.0,3.0,3.0,3.0,3.0,3.0,3.0,3.0,3.0,3.0,3.0,3.0,3.0,3.0,3.0,3.0,3.0,3.0,3.0,3.0,3.0,3.0,3.0,3.0,3.0,3.0,3.0,3.0,3.0,3.0,3.0,3.0,3.0,3.0,3.0,3.0,3.0,3.0,3.0,3.0,3.0,3.0,3.0,3.0,3.0,3.0,3.0,3.0,3.0,3.0,3.0,3.0,3.0,3.0,3.0,3.0,3.0,3.0,3.0,3.0,3.0,3.0,3.0,3.0,3.0,3.0,3.0,3.0
R0361,2,32,1.4,4.0,4.0,4.0,5.0,3.0,3.0,5.0,4.0,4.0,4.0,3.0,4.0,3.0,3.0,3.0,3.0,5.0,4.0,4.0,3.0,3.0,2.0,2.0,3.0,4.0,4.0,3.0,4.0,4.0,4.0,4.0,4.0,3.0,4.0,3.0,4.0,2.0,5.0,5.0,5.0,5.0,4.0,5.0,5.0,4.0,5.0,2.0,4.0,4.0,4.0,3.0,4.0,4.0,3.0,3.0,3.0,5.0,4.0,5.0,4.0,4.0,5.0,4.0,5.0,3.0,3.0,4.0,3.0,3.0,3.0,4.0,4.0
R0362,2,42,3.9,4.0,5.0,5.0,4.0,4.0,1.0,5.0,5.0,4.0,4.0,5.0,5.0,2.0,4.0,2.0,3.0,5.0,5.0,5.0,4.0,2.0,1.0,2.0,3.0,3.0,4.0,4.0,3.0,2.0,2.0,1.0,2.0,5.0,4.0,5.0,5.0,4.0,5.0,5.0,5.0,5.0,5.0,5.0,4.0,5.0,5.0,2.0,4.0,5.0,3.0,5.0,5.0,4.0,4.0,4.0,3.0,3.0,3.0,4.0,3.0,3.0,3.0,4.0,3.0,3.0,4.0,5.0,2.0,4.0,4.0,4.0,4.0
R0363,1,34,3.1,5.0,5.0,5.0,3.0,5.0,2.0,3.0,3.0,3.0,2.0,3.0,4.0,4.0,4.0,3.0,3.0,4.0,3.0,3.0,4.0,3.0,4.0,3.0,3.0,3.0,3.0,4.0,4.0,3.0,3.0,3.0,4.0,4.0,3.0,4.0,3.0,4.0,3.0,4.0,5.0,3.0,3.0,5.0,4.0,4.0,4.0,3.0,3.0,4.0,4.0,4.0,4.0,3.0,3.0,4.0,3.0,3.0,3.0,3.0,5.0,3.0,4.0,4.0,3.0,3.0,3.0,3.0,2.0,5.0,4.0,5.0,4.0
R0365,1,32,5.9,2.0,3.0,3.0,3.0,4.0,3.0,4.0,4.0,3.0,3.0,4.0,4.0,3.0,4.0,4.0,3.0,,4.0,3.0,4.0,3.0,3.0,4.0,3.0,2.0,3.0,4.0,4.0,4.0,3.0,5.0,4.0,3.0,3.0,3.0,3.0,3.0,4.0,3.0,3.0,3.0,5.0,3.0,4.0,3.0,3.0,3.0,3.0,3.0,3.0,4.0,2.0,2.0,2.0,4.0,3.0,3.0,3.0,3.0,3.0,3.0,3.0,3.0,2.0,4.0,4.0,3.0,4.0,2.0,3.0,2.0,3.0
R0366,2,36,5.5,2.0,3.0,4.0,3.0,2.0,3.0,3.0,4.0,3.0,4.0,3.0,4.0,3.0,3.0,4.0,4.0,4.0,3.0,1.0,2.0,3.0,2.0,4.0,3.0,3.0,3.0,2.0,2.0,3.0,3.0,2.0,3.0,3.0,5.0,4.0,4.0,3.0,4.0,3.0,2.0,5.0,3.0,5.0,4.0,3.0,5.0,3.0,5.0,4.0,5.0,5.0,5.0,3.0,2.0,3.0,3.0,3.0,2.0,2.0,2.0,2.0,2.0,2.0,1.0,1.0,1.0,2.0,1.0,3.0,3.0,3.0,3.0
R0367,1,36,1.3,4.0,4.0,5.0,3.0,4.0,2.0,5.0,4.0,4.0,3.0,3.0,4.0,2.0,4.0,3.0,4.0,3.0,3.0,4.0,3.0,4.0,4.0,4.0,5.0,4.0,2.0,4.0,3.0,5.0,3.0,2.0,3.0,4.0,5.0,4.0,3.0,4.0,5.0,5.0,4.0,4.0,5.0,4.0,4.0,3.0,5.0,3.0,4.0,5.0,3.0,4.0,4.0,4.0,3.0,5.0,4.0,4.0,4.0,3.0,3.0,3.0,3.0,2.0,2.0,3.0,3.0,3.0,3.0,4.0,4.0,3.0,4.0
R0368,2,36,5.5,3.0,3.0,5.0,3.0,4.0,3.0,3.0,3.0,2.0,3.0,5.0,4.0,3.0,2.0,3.0,4.0,3.0,4.0,2.0,3.0,3.0,4.0,3.0,3.0,4.0,4.0,4.0,3.0,3.0,3.0,3.0,2.0,4.0,3.0,4.0,4.0,4.0,4.0,4.0,4.0,5.0,5.0,3.0,3.0,4.0,3.0,4.0,3.0,4.0,4.0,4.0,4.0,4.0,4.0,4.0,4.0,5.0,5.0,4.0,4.0,4.0,4.0,5.0,4.0,3.0,2.0,2.0,3.0,4.0,4.0,4.0,4.0
R0369,2,27,4.5,3.0,3.0,3.0,3.0,3.0,3.0,3.0,3.0,3.0,3.0,3.0,3.0,3.0,3.0,3.0,,3.0,3.0,3.0,3.0,3.0,3.0,3.0,3.0,3.0,,3.0,3.0,3.0,3.0,3.0,3.0,3.0,3.0,3.0,3.0,3.0,3.0,3.0,3.0,3.0,3.0,3.0,3.0,3.0,3.0,3.0,3.0,3.0,3.0,3.0,3.0,3.0,3.0,3.0,3.0,3.0,3.0,3.0,3.0,3.0,3.0,3.0,3.0,3.0,3.0,3.0,3.0,3.0,3.0,3.0,3.0
R0370,1,40,1.5,3.0,2.0,5.0,3.0,3.0,3.0,4.0,4.0,5.0,3.0,3.0,3.0,2.0,2.0,3.0,2.0,4.0,4.0,4.0,4.0,2.0,3.0,3.0,3.0,3.0,4.0,3.0,4.0,2.0,3.0,2.0,3.0,4.0,4.0,3.0,5.0,4.0,3.0,3.0,5.0,4.0,4.0,3.0,4.0,3.0,2.0,4.0,4.0,5.0,4.0,4.0,4.0,3.0,3.0,4.0,2.0,4.0,4.0,4.0,4.0,3.0,4.0,3.0,4.0,5.0,4.0,5.0,4.0,5.0,5.0,4.0,4.0
R0371,2,28,0.5,3.0,4.0,4.0,4.0,4.0,3.0,4.0,4.0,4.0,4.0,3.0,4.0,1.0,2.0,2.0,3.0,5.0,4.0,4.0,4.0,3.0,3.0,4.0,3.0,5.0,3.0,4.0,5.0,3.0,3.0,3.0,3.0,2.0,3.0,3.0,3.0,3.0,3.0,3.0,4.0,3.0,4.0,4.0,3.0,1.0,2.0,3.0,4.0,3.0,3.0,4.0,3.0,4.0,3.0,4.0,2.0,2.0,2.0,4.0,2.0,3.0,3.0,3.0,4.0,3.0,4.0,3.0,4.0,4.0,4.0,3.0,5.0
R0372,2,30,1.7,3.0,3.0,2.0,3.0,3.0,3.0,3.0,3.0,3.0,4.0,4.0,3.0,3.0,4.0,3.0,3.0,3.0,4.0,3.0,3.0,3.0,2.0,3.0,2.0,3.0,3.0,4.0,3.0,3.0,2.0,3.0,3.0,3.0,3.0,4.0,3.0,2.0,3.0,4.0,4.0,4.0,3.0,4.0,4.0,4.0,5.0,3.0,3.0,5.0,3.0,2.0,3.0,4.0,4.0,3.0,4.0,4.0,3.0,3.0,3.0,3.0,3.0,3.0,3.0,4.0,3.0,3.0,2.0,3.0,3.0,4.0,3.0
R0373,1,27,2.4,3.0,3.0,4.0,3.0,2.0,4.0,3.0,4.0,4.0,4.0,4.0,4.0,3.0,2.0,3.0,2.0,3.0,4.0,4.0,4.0,2.0,3.0,3.0,3.0,4.0,4.0,4.0,4.0,2.0,3.0,4.0,3.0,4.0,4.0,3.0,4.0,3.0,2.0,3.0,3.0,4.0,3.0,4.0,4.0,2.0,4.0,3.0,4.0,2.0,4.0,3.0,3.0,3.0,2.0,3.0,4.0,4.0,5.0,4.0,2.0,5.0,3.0,4.0,3.0,3.0,3.0,3.0,3.0,1.0,1.0,2.0,2.0
R0374,2,32,3.1,4.0,4.0,4.0,5.0,4.0,2.0,4.0,5.0,3.0,3.0,4.0,3.0,3.0,3.0,4.0,4.0,3.0,3.0,3.0,2.0,3.0,4.0,3.0,5.0,4.0,4.0,3.0,3.0,4.0,4.0,4.0,3.0,4.0,5.0,5.0,5.0,4.0,4.0,3.0,5.0,5.0,3.0,3.0,4.0,3.0,4.0,2.0,5.0,5.0,4.0,5.0,4.0,3.0,4.0,4.0,3.0,2.0,4.0,3.0,3.0,3.0,3.0,2.0,2.0,4.0,4.0,3.0,3.0,4.0,5.0,4.0,5.0
R0375,2,40,2.6,2.0,3.0,3.0,4.0,4.0,3.0,3.0,3.0,3.0,3.0,3.0,3.0,4.0,4.0,3.0,4.0,3.0,4.0,2.0,4.0,2.0,2.0,3.0,2.0,2.0,2.0,2.0,1.0,3.0,4.0,4.0,4.0,2.0,3.0,2.0,2.0,3.0,1.0,2.0,4.0,1.0,1.0,4.0,3.0,3.0,3.0,2.0,2.0,4.0,2.0,3.0,2.0,3.0,3.0,3.0,3.0,4.0,4.0,4.0,4.0,2.0,3.0,2.0,3.0,2.0,1.0,3.0,4.0,2.0,2.0,2.0,3.0
R0376,1,31,10.1,4.0,3.0,4.0,4.0,4.0,2.0,2.0,4.0,3.0,3.0,4.0,2.0,4.0,3.0,4.0,4.0,3.0,3.0,3.0,2.0,2.0,3.0,4.0,3.0,2.0,2.0,3.0,2.0,3.0,4.0,3.0,4.0,4.0,4.0,4.0,4.0,4.0,4.0,4.0,4.0,3.0,4.0,4.0,4.0,5.0,4.0,1.0,4.0,5.0,3.0,4.0,3.0,5.0,4.0,3.0,3.0,5.0,5.0,4.0,4.0,5.0,3.0,4.0,4.0,3.0,3.0,3.0,3.0,4.0,5.0,5.0,5.0
R0378,2,34,2.1,3.0,3.0,3.0,2.0,3.0,4.0,3.0,2.0,2.0,3.0,3.0,3.0,1.0,2.0,2.0,4.0,4.0,4.0,4.0,5.0,2.0,2.0,3.0,3.0,3.0,4.0,4.0,1.0,3.0,3.0,3.0,3.0,4.0,3.0,4.0,4.0,3.0,3.0,4.0,4.0,4.0,4.0,3.0,3.0,1.0,2.0,3.0,3.0,4.0,5.0,4.0,4.0,3.0,3.0,4.0,4.0,4.0,3.0,3.0,3.0,3.0,3.0,3.0,4.0,2.0,2.0,2.0,3.0,3.0,2.0,2.0,2.0
R0380,2,27,2.3,2.0,1.0,2.0,3.0,1.0,3.0,3.0,2.0,3.0,3.0,3.0,3.0,3.0,5.0,4.0,5.0,3.0,3.0,3.0,4.0,3.0,2.0,3.0,3.0,3.0,3.0,3.0,4.0,3.0,2.0,3.0,4.0,4.0,3.0,2.0,2.0,3.0,3.0,3.0,3.0,3.0,3.0,3.0,3.0,3.0,4.0,4.0,4.0,3.0,3.0,3.0,3.0,3.0,2.0,4.0,3.0,1.0,2.0,1.0,1.0,3.0,3.0,2.0,3.0,3.0,2.0,3.0,1.0,2.0,3.0,4.0,3.0
R0381,1,28,1.8,4.0,2.0,3.0,3.0,4.0,2.0,3.0,3.0,1.0,3.0,1.0,2.0,4.0,3.0,4.0,4.0,4.0,4.0,4.0,3.0,3.0,3.0,2.0,3.0,3.0,1.0,,4.0,3.0,3.0,4.0,3.0,4.0,4.0,4.0,4.0,4.0,4.0,4.0,4.0,3.0,3.0,4.0,2.0,4.0,3.0,2.0,4.0,4.0,3.0,3.0,4.0,3.0,4.0,3.0,2.0,3.0,5.0,3.0,3.0,3.0,3.0,3.0,4.0,2.0,2.0,3.0,1.0,3.0,3.0,4.0,3.0
R0382,1,32,1.0,3.0,3.0,4.0,5.0,4.0,2.0,3.0,4.0,4.0,4.0,2.0,3.0,4.0,4.0,3.0,4.0,4.0,3.0,4.0,3.0,4.0,3.0,4.0,4.0,3.0,3.0,1.0,2.0,3.0,3.0,2.0,2.0,4.0,4.0,4.0,3.0,4.0,4.0,4.0,3.0,4.0,3.0,4.0,3.0,3.0,3.0,4.0,5.0,5.0,4.0,4.0,4.0,5.0,3.0,4.0,3.0,3.0,4.0,3.0,3.0,3.0,2.0,3.0,3.0,3.0,3.0,2.0,3.0,3.0,3.0,2.0,2.0
R0383,1,35,6.6,3.0,3.0,3.0,3.0,3.0,2.0,3.0,3.0,3.0,3.0,3.0,2.0,3.0,5.0,4.0,4.0,3.0,2.0,3.0,2.0,4.0,3.0,4.0,3.0,3.0,3.0,2.0,3.0,3.0,3.0,4.0,4.0,4.0,4.0,4.0,4.0,5.0,3.0,4.0,5.0,5.0,4.0,3.0,4.0,2.0,2.0,3.0,4.0,3.0,3.0,4.0,4.0,4.0,4.0,3.0,3.0,4.0,3.0,3.0,2.0,4.0,3.0,5.0,4.0,4.0,3.0,4.0,3.0,5.0,4.0,5.0,5.0
R0384,2,27,1.6,3.0,3.0,4.0,4.0,4.0,2.0,3.0,5.0,4.0,3.0,5.0,4.0,3.0,3.0,3.0,3.0,3.0,4.0,4.0,4.0,3.0,3.0,3.0,3.0,3.0,1.0,3.0,2.0,3.0,3.0,3.0,3.0,2.0,3.0,1.0,3.0,2.0,3.0,2.0,4.0,3.0,3.0,3.0,3.0,3.0,3.0,4.0,4.0,2.0,4.0,4.0,2.0,4.0,4.0,4.0,5.0,4.0,4.0,4.0,3.0,3.0,2.0,3.0,4.0,4.0,3.0,3.0,3.0,3.0,3.0,2.0,2.0
R0385,2,28,1.0,2.0,4.0,3.0,3.0,2.0,4.0,3.0,3.0,5.0,4.0,3.0,4.0,3.0,2.0,2.0,2.0,4.0,3.0,2.0,3.0,3.0,3.0,3.0,3.0,3.0,4.0,3.0,3.0,4.0,3.0,4.0,4.0,,3.0,4.0,3.0,2.0,2.0,3.0,1.0,2.0,3.0,2.0,3.0,3.0,3.0,3.0,3.0,4.0,2.0,,3.0,4.0,3.0,4.0,4.0,2.0,,3.0,2.0,3.0,4.0,4.0,4.0,4.0,2.0,3.0,1.0,4.0,3.0,4.0,4.0
R0387,2,27,4.6,5.0,4.0,4.0,3.0,5.0,3.0,5.0,5.0,4.0,4.0,3.0,3.0,2.0,2.0,2.0,3.0,4.0,4.0,5.0,4.0,3.0,4.0,3.0,3.0,4.0,4.0,3.0,4.0,2.0,2.0,2.0,2.0,5.0,4.0,4.0,4.0,4.0,5.0,5.0,5.0,4.0,3.0,4.0,3.0,4.0,4.0,3.0,4.0,4.0,3.0,5.0,4.0,5.0,4.0,5.0,4.0,5.0,4.0,5.0,5.0,4.0,5.0,4.0,4.0,4.0,3.0,4.0,4.0,4.0,3.0,4.0,4.0
R0388,2,34,0.5,3.0,3.0,2.0,3.0,3.0,3.0,3.0,3.0,2.0,2.0,3.0,3.0,5.0,5.0,5.0,5.0,2.0,3.0,3.0,3.0,5.0,4.0,5.0,5.0,3.0,3.0,2.0,2.0,5.0,5.0,5.0,4.0,4.0,4.0,3.0,4.0,5.0,3.0,3.0,3.0,2.0,3.0,3.0,3.0,4.0,3.0,3.0,5.0,5.0,4.0,4.0,4.0,4.0,3.0,2.0,4.0,3.0,3.0,3.0,3.0,3.0,3.0,3.0,3.0,3.0,3.0,4.0,3.0,3.0,2.0,2.0,3.0
R0389,2,28,1.1,3.0,3.0,4.0,4.0,4.0,2.0,2.0,4.0,5.0,5.0,3.0,5.0,2.0,3.0,3.0,4.0,5.0,4.0,4.0,4.0,2.0,4.0,4.0,3.0,4.0,4.0,4.0,4.0,2.0,2.0,2.0,2.0,3.0,2.0,4.0,3.0,3.0,4.0,3.0,2.0,3.0,2.0,3.0,3.0,3.0,3.0,3.0,3.0,5.0,3.0,4.0,4.0,5.0,4.0,5.0,5.0,3.0,4.0,4.0,2.0,4.0,4.0,4.0,4.0,4.0,3.0,4.0,3.0,4.0,4.0,3.0,4.0
R0390,1,29,7.6,4.0,5.0,4.0,3.0,4.0,1.0,4.0,4.0,4.0,4.0,3.0,4.0,2.0,4.0,3.0,3.0,3.0,3.0,4.0,3.0,2.0,2.0,2.0,3.0,3.0,4.0,3.0,4.0,3.0,3.0,4.0,4.0,4.0,5.0,4.0,4.0,4.0,4.0,5.0,5.0,5.0,4.0,5.0,5.0,5.0,4.0,1.0,5.0,5.0,5.0,4.0,4.0,4.0,4.0,4.0,4.0,4.0,4.0,4.0,3.0,5.0,5.0,5.0,5.0,4.0,3.0,4.0,4.0,4.0,3.0,4.0,3.0
R0392,1,37,2.7,2.0,3.0,4.0,4.0,4.0,2.0,2.0,3.0,4.0,4.0,4.0,5.0,3.0,3.0,4.0,3.0,2.0,3.0,3.0,4.0,3.0,3.0,4.0,3.0,4.0,4.0,2.0,2.0,3.0,3.0,3.0,4.0,3.0,2.0,3.0,2.0,3.0,3.0,2.0,2.0,3.0,3.0,3.0,3.0,3.0,4.0,2.0,2.0,2.0,3.0,2.0,2.0,2.0,1.0,3.0,3.0,2.0,2.0,2.0,3.0,2.0,2.0,3.0,1.0,2.0,1.0,2.0,2.0,3.0,2.0,2.0,3.0
R0393,2,30,6.8,3.0,3.0,3.0,3.0,3.0,4.0,4.0,3.0,3.0,4.0,3.0,4.0,3.0,5.0,3.0,4.0,3.0,3.0,2.0,3.0,3.0,3.0,4.0,3.0,2.0,2.0,1.0,3.0,3.0,4.0,4.0,4.0,2.0,2.0,2.0,2.0,2.0,2.0,2.0,2.0,3.0,3.0,3.0,2.0,2.0,3.0,4.0,2.0,3.0,3.0,2.0,3.0,1.0,2.0,2.0,2.0,2.0,2.0,2.0,3.0,2.0,3.0,2.0,3.0,3.0,3.0,4.0,4.0,3.0,4.0,4.0,3.0
R0394,2,32,8.6,2.0,1.0,4.0,3.0,3.0,3.0,2.0,3.0,3.0,3.0,3.0,3.0,2.0,2.0,3.0,3.0,2.0,3.0,,3.0,4.0,4.0,4.0,5.0,4.0,3.0,5.0,3.0,3.0,3.0,3.0,2.0,2.0,2.0,4.0,3.0,2.0,2.0,4.0,3.0,4.0,3.0,3.0,3.0,4.0,3.0,4.0,2.0,4.0,1.0,3.0,2.0,3.0,3.0,3.0,2.0,3.0,4.0,3.0,3.0,3.0,3.0,3.0,3.0,4.0,2.0,3.0,2.0,3.0,2.0,4.0,3.0
R0395,1,30,2.3,3.0,3.0,5.0,3.0,3.0,3.0,3.0,3.0,3.0,4.0,3.0,4.0,4.0,4.0,,3.0,3.0,3.0,3.0,4.0,3.0,4.0,3.0,3.0,2.0,3.0,3.0,3.0,3.0,3.0,4.0,3.0,3.0,4.0,3.0,3.0,3.0,4.0,4.0,3.0,3.0,3.0,3.0,4.0,4.0,3.0,2.0,4.0,4.0,3.0,4.0,4.0,4.0,4.0,4.0,2.0,3.0,4.0,4.0,5.0,4.0,3.0,4.0,4.0,3.0,4.0,5.0,3.0,4.0,2.0,2.0,3.0
R0397,1,35,6.2,3.0,2.0,3.0,3.0,2.0,4.0,3.0,3.0,3.0,4.0,4.0,3.0,4.0,3.0,4.0,4.0,3.0,4.0,2.0,3.0,2.0,3.0,2.0,2.0,3.0,3.0,3.0,3.0,3.0,3.0,3.0,4.0,3.0,4.0,4.0,3.0,1.0,3.0,4.0,4.0,5.0,3.0,3.0,2.0,3.0,4.0,2.0,4.0,5.0,3.0,3.0,2.0,4.0,3.0,1.0,2.0,5.0,4.0,4.0,4.0,3.0,3.0,3.0,3.0,3.0,3.0,4.0,4.0,3.0,1.0,3.0,3.0
R0398,1,29,2.5,3.0,3.0,3.0,3.0,3.0,3.0,3.0,3.0,3.0,3.0,3.0,3.0,3.0,3.0,3.0,3.0,3.0,3.0,3.0,3.0,3.0,3.0,3.0,3.0,3.0,3.0,3.0,3.0,3.0,3.0,3.0,3.0,3.0,3.0,3.0,3.0,3.0,3.0,3.0,3.0,3.0,3.0,3.0,3.0,3.0,3.0,3.0,3.0,3.0,3.0,3.0,3.0,3.0,3.0,3.0,3.0,3.0,3.0,3.0,3.0,3.0,3.0,3.0,3.0,3.0,3.0,3.0,3.0,3.0,3.0,3.0,3.0
R0399,1,34,4.4,4.0,3.0,4.0,2.0,4.0,4.0,4.0,4.0,4.0,3.0,4.0,4.0,4.0,4.0,5.0,4.0,3.0,3.0,3.0,3.0,4.0,4.0,4.0,4.0,3.0,3.0,3.0,3.0,4.0,4.0,4.0,4.0,3.0,3.0,2.0,2.0,2.0,2.0,3.0,2.0,2.0,3.0,3.0,3.0,2.0,4.0,2.0,2.0,3.0,2.0,2.0,2.0,3.0,3.0,4.0,4.0,3.0,4.0,3.0,3.0,3.0,3.0,3.0,4.0,3.0,2.0,3.0,3.0,4.0,4.0,3.0,3.0
R0400,2,24,4.5,4.0,3.0,4.0,4.0,3.0,2.0,2.0,3.0,4.0,3.0,3.0,4.0,3.0,2.0,3.0,3.0,3.0,4.0,4.0,4.0,4.0,3.0,4.0,3.0,2.0,4.0,4.0,4.0,4.0,4.0,3.0,3.0,3.0,4.0,3.0,3.0,3.0,4.0,4.0,3.0,4.0,4.0,3.0,3.0,4.0,3.0,3.0,4.0,3.0,5.0,4.0,5.0,4.0,4.0,3.0,4.0,4.0,5.0,4.0,4.0,2.0,3.0,3.0,3.0,4.0,4.0,3.0,5.0,3.0,4.0,3.0,4.0
R0401,1,29,3.6,3.0,,3.0,2.0,3.0,4.0,2.0,3.0,3.0,5.0,3.0,4.0,3.0,4.0,3.0,3.0,3.0,3.0,3.0,2.0,3.0,4.0,4.0,4.0,1.0,3.0,3.0,4.0,2.0,2.0,2.0,3.0,3.0,4.0,3.0,3.0,3.0,4.0,5.0,5.0,5.0,4.0,4.0,4.0,4.0,3.0,3.0,3.0,4.0,3.0,3.0,3.0,2.0,4.0,2.0,2.0,2.0,3.0,2.0,3.0,3.0,3.0,3.0,4.0,3.0,2.0,4.0,4.0,3.0,2.0,3.0,5.0
R0402,2,28,7.1,4.0,3.0,4.0,3.0,4.0,2.0,3.0,3.0,3.0,1.0,4.0,3.0,4.0,3.0,3.0,3.0,1.0,3.0,2.0,2.0,3.0,4.0,4.0,5.0,3.0,3.0,4.0,2.0,1.0,2.0,2.0,3.0,5.0,5.0,3.0,5.0,4.0,3.0,4.0,4.0,4.0,4.0,4.0,3.0,3.0,4.0,3.0,4.0,5.0,3.0,4.0,3.0,2.0,1.0,3.0,2.0,5.0,4.0,4.0,4.0,4.0,4.0,5.0,4.0,3.0,3.0,3.0,3.0,4.0,4.0,5.0,4.0
R0403,2,29,2.7,3.0,3.0,3.0,3.0,3.0,3.0,3.0,3.0,3.0,4.0,3.0,3.0,4.0,3.0,3.0,3.0,3.0,3.0,4.0,3.0,3.0,2.0,3.0,3.0,3.0,3.0,4.0,2.0,3.0,3.0,,3.0,3.0,2.0,4.0,3.0,3.0,5.0,3.0,3.0,4.0,4.0,5.0,5.0,4.0,4.0,1.0,4.0,3.0,3.0,5.0,3.0,5.0,4.0,5.0,4.0,4.0,4.0,4.0,5.0,3.0,2.0,3.0,4.0,5.0,4.0,4.0,5.0,3.0,1.0,2.0,3.0
R0404,2,34,1.9,4.0,2.0,4.0,2.0,4.0,3.0,5.0,3.0,4.0,4.0,3.0,4.0,3.0,4.0,3.0,3.0,3.0,4.0,4.0,2.0,4.0,3.0,3.0,3.0,3.0,4.0,4.0,3.0,4.0,4.0,2.0,3.0,3.0,3.0,3.0,4.0,4.0,4.0,4.0,3.0,3.0,2.0,3.0,3.0,3.0,3.0,3.0,4.0,3.0,3.0,4.0,3.0,5.0,4.0,4.0,4.0,4.0,4.0,2.0,3.0,4.0,4.0,3.0,4.0,4.0,4.0,4.0,5.0,3.0,3.0,3.0,3.0
R0405,2,29,0.8,3.0,2.0,2.0,3.0,2.0,3.0,1.0,2.0,3.0,3.0,4.0,4.0,4.0,3.0,5.0,3.0,3.0,3.0,2.0,2.0,3.0,4.0,4.0,4.0,3.0,2.0,2.0,1.0,4.0,4.0,3.0,5.0,4.0,4.0,2.0,3.0,4.0,1.0,1.0,2.0,2.0,2.0,3.0,3.0,2.0,3.0,4.0,4.0,3.0,3.0,4.0,3.0,2.0,1.0,2.0,2.0,3.0,2.0,2.0,2.0,2.0,3.0,2.0,3.0,4.0,3.0,4.0,2.0,1.0,2.0,2.0,2.0
R0407,2,27,1.0,4.0,3.0,3.0,4.0,3.0,3.0,5.0,4.0,3.0,4.0,4.0,4.0,2.0,2.0,3.0,2.0,3.0,4.0,5.0,3.0,2.0,2.0,2.0,2.0,4.0,5.0,4.0,4.0,3.0,3.0,3.0,4.0,4.0,4.0,3.0,4.0,4.0,5.0,5.0,4.0,3.0,5.0,4.0,4.0,3.0,4.0,2.0,5.0,4.0,4.0,4.0,4.0,4.0,3.0,4.0,5.0,4.0,4.0,4.0,4.0,4.0,2.0,3.0,3.0,5.0,4.0,5.0,5.0,5.0,5.0,5.0,5.0
R0408,1,27,0.5,3.0,3.0,3.0,3.0,3.0,3.0,3.0,3.0,3.0,3.0,3.0,3.0,3.0,3.0,3.0,3.0,3.0,3.0,3.0,3.0,3.0,3.0,3.0,3.0,3.0,3.0,3.0,3.0,3.0,3.0,3.0,3.0,3.0,3.0,3.0,3.0,3.0,3.0,3.0,3.0,3.0,3.0,3.0,3.0,3.0,3.0,3.0,3.0,3.0,3.0,3.0,3.0,3.0,3.0,3.0,3.0,3.0,3.0,3.0,3.0,3.0,3.0,3.0,3.0,3.0,3.0,3.0,3.0,3.0,3.0,3.0,3.0
R0409,2,27,1.8,3.0,4.0,3.0,2.0,3.0,3.0,4.0,3.0,3.0,5.0,3.0,5.0,2.0,2.0,3.0,3.0,4.0,3.0,3.0,4.0,2.0,2.0,4.0,3.0,3.0,4.0,5.0,4.0,2.0,3.0,3.0,4.0,2.0,2.0,3.0,2.0,3.0,4.0,3.0,3.0,3.0,2.0,3.0,3.0,2.0,2.0,3.0,3.0,3.0,3.0,3.0,3.0,3.0,4.0,3.0,3.0,4.0,4.0,3.0,3.0,3.0,4.0,3.0,3.0,2.0,2.0,4.0,1.0,2.0,2.0,3.0,2.0
R0410,2,28,3.0,3.0,3.0,4.0,3.0,4.0,2.0,1.0,5.0,4.0,4.0,2.0,3.0,2.0,3.0,2.0,3.0,3.0,3.0,3.0,2.0,3.0,3.0,5.0,3.0,2.0,3.0,4.0,2.0,3.0,3.0,3.0,3.0,4.0,4.0,4.0,3.0,4.0,4.0,4.0,3.0,2.0,4.0,4.0,4.0,3.0,3.0,3.0,4.0,4.0,3.0,2.0,3.0,2.0,3.0,2.0,3.0,3.0,4.0,3.0,3.0,3.0,3.0,4.0,4.0,3.0,4.0,5.0,4.0,4.0,5.0,5.0,4.0
R0411,1,23,1.5,5.0,2.0,3.0,4.0,3.0,4.0,4.0,4.0,1.0,2.0,2.0,4.0,3.0,3.0,3.0,3.0,3.0,3.0,3.0,3.0,4.0,4.0,4.0,3.0,4.0,4.0,4.0,3.0,3.0,2.0,3.0,4.0,5.0,4.0,5.0,3.0,3.0,4.0,5.0,5.0,3.0,5.0,4.0,4.0,4.0,4.0,2.0,,3.0,4.0,3.0,3.0,5.0,4.0,5.0,5.0,4.0,4.0,4.0,5.0,5.0,4.0,5.0,5.0,5.0,5.0,5.0,5.0,4.0,3.0,4.0,4.0
R0412,1,44,1.3,2.0,2.0,2.0,2.0,4.0,4.0,2.0,4.0,4.0,4.0,4.0,3.0,3.0,5.0,4.0,4.0,3.0,3.0,3.0,3.0,2.0,3.0,4.0,4.0,4.0,3.0,3.0,4.0,3.0,3.0,3.0,4.0,3.0,5.0,3.0,2.0,3.0,3.0,3.0,4.0,4.0,2.0,3.0,4.0,4.0,4.0,3.0,3.0,4.0,3.0,2.0,,4.0,2.0,3.0,3.0,4.0,4.0,4.0,4.0,4.0,2.0,3.0,3.0,2.0,3.0,3.0,4.0,2.0,2.0,2.0,3.0
R0413,2,36,0.2,3.0,2.0,3.0,3.0,4.0,3.0,2.0,3.0,4.0,4.0,4.0,3.0,3.0,4.0,4.0,4.0,3.0,4.0,1.0,3.0,3.0,2.0,3.0,2.0,3.0,3.0,4.0,2.0,5.0,4.0,4.0,,5.0,5.0,5.0,5.0,5.0,4.0,4.0,4.0,4.0,4.0,5.0,5.0,4.0,5.0,1.0,5.0,4.0,4.0,4.0,4.0,3.0,3.0,4.0,2.0,4.0,4.0,4.0,5.0,4.0,4.0,4.0,3.0,4.0,2.0,3.0,5.0,3.0,3.0,3.0,4.0
R0414,2,23,1.2,4.0,4.0,5.0,5.0,5.0,3.0,4.0,4.0,1.0,2.0,1.0,2.0,4.0,3.0,3.0,3.0,2.0,3.0,2.0,2.0,3.0,3.0,1.0,3.0,4.0,5.0,3.0,4.0,4.0,3.0,3.0,5.0,5.0,4.0,3.0,4.0,4.0,2.0,4.0,2.0,4.0,2.0,3.0,3.0,4.0,3.0,3.0,3.0,2.0,3.0,3.0,3.0,2.0,2.0,3.0,1.0,4.0,4.0,4.0,3.0,4.0,4.0,4.0,4.0,4.0,3.0,2.0,3.0,4.0,2.0,3.0,2.0
R0415,1,25,1.9,4.0,4.0,4.0,4.0,3.0,3.0,3.0,4.0,2.0,3.0,3.0,3.0,2.0,4.0,4.0,2.0,,2.0,2.0,3.0,3.0,4.0,4.0,4.0,3.0,3.0,4.0,2.0,4.0,4.0,3.0,5.0,1.0,3.0,3.0,1.0,2.0,2.0,2.0,2.0,2.0,2.0,2.0,2.0,1.0,2.0,3.0,2.0,3.0,3.0,3.0,3.0,2.0,3.0,2.0,2.0,4.0,4.0,2.0,3.0,2.0,1.0,2.0,1.0,2.0,2.0,2.0,2.0,3.0,3.0,4.0,3.0
R0416,1,32,2.6,4.0,3.0,4.0,4.0,4.0,4.0,4.0,3.0,3.0,4.0,3.0,3.0,3.0,4.0,2.0,4.0,3.0,3.0,2.0,4.0,3.0,2.0,4.0,3.0,3.0,3.0,3.0,2.0,3.0,1.0,2.0,1.0,3.0,3.0,2.0,3.0,3.0,2.0,3.0,4.0,3.0,4.0,4.0,3.0,4.0,2.0,2.0,2.0,3.0,3.0,2.0,2.0,5.0,4.0,4.0,4.0,3.0,3.0,5.0,4.0,3.0,3.0,3.0,3.0,4.0,3.0,4.0,4.0,4.0,3.0,3.0,4.0
R0417,1,28,11.3,3.0,3.0,4.0,2.0,3.0,4.0,3.0,4.0,4.0,4.0,2.0,4.0,3.0,3.0,3.0,3.0,3.0,3.0,4.0,3.0,2.0,2.0,3.0,1.0,4.0,1.0,2.0,3.0,4.0,3.0,4.0,3.0,3.0,3.0,4.0,4.0,4.0,4.0,4.0,4.0,4.0,4.0,4.0,5.0,3.0,5.0,2.0,3.0,3.0,4.0,3.0,3.0,4.0,4.0,4.0,4.0,4.0,4.0,4.0,4.0,4.0,4.0,4.0,4.0,4.0,4.0,3.0,3.0,3.0,5.0,3.0,4.0
R0419,2,23,0.7,4.0,5.0,4.0,2.0,2.0,4.0,4.0,3.0,4.0,4.0,3.0,4.0,2.0,2.0,3.0,2.0,3.0,3.0,3.0,3.0,2.0,2.0,3.0,3.0,4.0,4.0,4.0,3.0,3.0,3.0,4.0,3.0,3.0,4.0,4.0,4.0,4.0,3.0,4.0,5.0,5.0,4.0,3.0,3.0,3.0,4.0,2.0,3.0,3.0,3.0,4.0,3.0,5.0,4.0,5.0,4.0,4.0,3.0,5.0,4.0,4.0,3.0,4.0,4.0,5.0,5.0,5.0,3.0,5.0,4.0,4.0,
R0420,1,27,0.4,2.0,3.0,4.0,2.0,1.0,5.0,3.0,2.0,2.0,3.0,2.0,3.0,4.0,3.0,4.0,4.0,3.0,3.0,3.0,3.0,3.0,4.0,5.0,3.0,3.0,2.0,3.0,1.0,3.0,3.0,4.0,3.0,3.0,3.0,3.0,3.0,3.0,3.0,3.0,4.0,4.0,3.0,1.0,3.0,3.0,2.0,4.0,3.0,3.0,3.0,3.0,2.0,4.0,4.0,4.0,4.0,4.0,4.0,4.0,3.0,2.0,4.0,4.0,3.0,3.0,3.0,2.0,3.0,4.0,3.0,2.0,3.0
R0421,1,33,6.7,3.0,4.0,4.0,4.0,4.0,3.0,3.0,3.0,3.0,3.0,3.0,3.0,4.0,5.0,5.0,5.0,3.0,4.0,3.0,2.0,5.0,4.0,4.0,5.0,3.0,2.0,2.0,3.0,3.0,3.0,3.0,3.0,4.0,4.0,4.0,4.0,4.0,3.0,2.0,3.0,3.0,2.0,3.0,4.0,5.0,3.0,2.0,4.0,3.0,,4.0,4.0,4.0,3.0,4.0,3.0,3.0,3.0,3.0,3.0,4.0,4.0,3.0,3.0,4.0,2.0,2.0,2.0,2.0,2.0,3.0,2.0
R0422,2,35,8.3,4.0,5.0,4.0,4.0,5.0,2.0,3.0,3.0,4.0,3.0,3.0,3.0,3.0,3.0,3.0,3.0,2.0,3.0,1.0,2.0,3.0,4.0,4.0,3.0,4.0,3.0,3.0,3.0,4.0,4.0,4.0,4.0,3.0,4.0,3.0,4.0,3.0,3.0,4.0,3.0,4.0,4.0,3.0,3.0,5.0,3.0,2.0,4.0,4.0,4.0,4.0,4.0,3.0,5.0,5.0,5.0,,3.0,3.0,3.0,4.0,4.0,4.0,4.0,3.0,2.0,4.0,2.0,4.0,3.0,4.0,5.0
R0423,2,34,2.1,4.0,2.0,3.0,2.0,3.0,,2.0,3.0,2.0,3.0,2.0,3.0,3.0,3.0,3.0,4.0,3.0,4.0,3.0,3.0,3.0,4.0,3.0,2.0,2.0,2.0,2.0,2.0,4.0,4.0,5.0,4.0,3.0,3.0,2.0,4.0,2.0,3.0,4.0,4.0,4.0,3.0,4.0,4.0,4.0,3.0,2.0,4.0,5.0,4.0,4.0,5.0,4.0,3.0,3.0,3.0,4.0,5.0,4.0,4.0,3.0,3.0,2.0,3.0,3.0,3.0,4.0,4.0,4.0,3.0,4.0,3.0
R0425,2,43,5.9,3.0,4.0,3.0,2.0,1.0,4.0,2.0,3.0,5.0,3.0,3.0,4.0,3.0,3.0,4.0,4.0,3.0,3.0,4.0,4.0,2.0,3.0,4.0,3.0,3.0,3.0,4.0,4.0,5.0,5.0,4.0,5.0,2.0,2.0,3.0,2.0,3.0,2.0,4.0,3.0,2.0,2.0,3.0,3.0,4.0,3.0,3.0,4.0,3.0,4.0,4.0,3.0,2.0,3.0,4.0,2.0,4.0,4.0,2.0,3.0,4.0,3.0,3.0,4.0,4.0,3.0,3.0,2.0,3.0,3.0,4.0,3.0
R0426,1,29,4.5,4.0,5.0,5.0,3.0,5.0,2.0,4.0,4.0,4.0,4.0,4.0,4.0,2.0,2.0,2.0,3.0,5.0,5.0,5.0,5.0,3.0,3.0,2.0,1.0,4.0,3.0,4.0,2.0,2.0,1.0,3.0,2.0,4.0,4.0,3.0,4.0,4.0,3.0,3.0,4.0,4.0,3.0,3.0,3.0,4.0,4.0,2.0,4.0,2.0,4.0,4.0,3.0,5.0,3.0,4.0,3.0,4.0,5.0,4.0,4.0,5.0,5.0,4.0,4.0,5.0,4.0,5.0,5.0,5.0,3.0,5.0,4.0
R0427,2,29,1.2,3.0,2.0,3.0,2.0,3.0,3.0,1.0,2.0,4.0,4.0,2.0,2.0,3.0,4.0,5.0,3.0,3.0,4.0,2.0,3.0,4.0,4.0,4.0,,2.0,2.0,2.0,2.0,4.0,5.0,5.0,4.0,1.0,3.0,2.0,2.0,3.0,4.0,2.0,2.0,3.0,3.0,3.0,3.0,3.0,3.0,2.0,1.0,3.0,3.0,3.0,2.0,3.0,3.0,2.0,3.0,2.0,4.0,3.0,2.0,3.0,3.0,3.0,3.0,3.0,2.0,3.0,2.0,4.0,2.0,4.0,3.0
R0428,2,32,3.2,4.0,3.0,3.0,5.0,3.0,3.0,2.0,3.0,5.0,4.0,2.0,4.0,3.0,4.0,,3.0,3.0,3.0,3.0,3.0,3.0,3.0,3.0,2.0,3.0,4.0,3.0,3.0,3.0,2.0,4.0,3.0,2.0,3.0,3.0,2.0,2.0,2.0,2.0,4.0,3.0,3.0,2.0,1.0,3.0,4.0,4.0,4.0,3.0,1.0,3.0,4.0,2.0,3.0,3.0,4.0,3.0,1.0,2.0,2.0,2.0,2.0,2.0,3.0,1.0,1.0,1.0,1.0,2.0,2.0,2.0,2.0
R0430,2,31,3.2,2.0,1.0,1.0,2.0,3.0,3.0,2.0,3.0,4.0,3.0,3.0,3.0,4.0,5.0,5.0,4.0,2.0,2.0,1.0,1.0,4.0,4.0,4.0,4.0,3.0,2.0,1.0,3.0,3.0,3.0,4.0,4.0,2.0,2.0,3.0,2.0,2.0,2.0,2.0,2.0,2.0,3.0,2.0,3.0,2.0,2.0,3.0,3.0,3.0,3.0,3.0,3.0,3.0,2.0,4.0,3.0,1.0,2.0,3.0,2.0,3.0,3.0,2.0,3.0,3.0,3.0,4.0,4.0,3.0,3.0,4.0,4.0
R0431,1,22,7.0,3.0,3.0,3.0,3.0,3.0,4.0,2.0,5.0,2.0,3.0,4.0,3.0,4.0,3.0,4.0,3.0,4.0,4.0,4.0,4.0,3.0,4.0,5.0,4.0,4.0,3.0,2.0,3.0,2.0,3.0,2.0,2.0,4.0,3.0,3.0,4.0,3.0,3.0,4.0,4.0,5.0,4.0,4.0,5.0,5.0,4.0,1.0,4.0,4.0,3.0,4.0,4.0,4.0,4.0,4.0,4.0,3.0,3.0,4.0,3.0,2.0,2.0,3.0,3.0,3.0,3.0,4.0,3.0,2.0,2.0,2.0,2.0
R0432,1,30,3.0,4.0,3.0,3.0,3.0,3.0,3.0,3.0,3.0,3.0,3.0,3.0,3.0,3.0,3.0,3.0,3.0,4.0,3.0,3.0,3.0,3.0,3.0,3.0,3.0,3.0,3.0,3.0,3.0,3.0,3.0,3.0,3.0,3.0,3.0,3.0,4.0,3.0,3.0,3.0,3.0,3.0,3.0,3.0,3.0,3.0,3.0,3.0,3.0,3.0,3.0,3.0,3.0,3.0,3.0,3.0,3.0,3.0,3.0,3.0,3.0,3.0,3.0,3.0,4.0,3.0,3.0,3.0,3.0,2.0,2.0,3.0,3.0
R0433,1,35,6.8,4.0,2.0,3.0,3.0,4.0,3.0,4.0,2.0,2.0,3.0,4.0,3.0,3.0,4.0,4.0,3.0,3.0,3.0,3.0,3.0,2.0,4.0,4.0,4.0,3.0,3.0,1.0,3.0,3.0,3.0,4.0,5.0,3.0,2.0,3.0,3.0,2.0,3.0,3.0,3.0,3.0,3.0,4.0,4.0,4.0,4.0,3.0,4.0,3.0,3.0,3.0,3.0,2.0,4.0,3.0,2.0,4.0,5.0,4.0,5.0,3.0,3.0,3.0,3.0,3.0,2.0,3.0,3.0,4.0,4.0,4.0,5.0
R0434,2,27,3.7,3.0,3.0,2.0,3.0,3.0,3.0,2.0,3.0,3.0,4.0,3.0,4.0,3.0,4.0,4.0,4.0,2.0,5.0,5.0,3.0,2.0,3.0,3.0,2.0,3.0,3.0,2.0,3.0,3.0,4.0,3.0,4.0,4.0,3.0,4.0,4.0,3.0,3.0,2.0,4.0,3.0,3.0,3.0,3.0,3.0,4.0,3.0,2.0,3.0,2.0,3.0,1.0,4.0,4.0,3.0,3.0,3.0,4.0,3.0,4.0,5.0,4.0,4.0,4.0,3.0,3.0,3.0,4.0,5.0,4.0,2.0,3.0
R0435,2,30,1.8,3.0,2.0,3.0,2.0,2.0,4.0,2.0,2.0,4.0,4.0,3.0,4.0,1.0,2.0,2.0,3.0,3.0,3.0,2.0,3.0,2.0,2.0,2.0,3.0,3.0,4.0,5.0,4.0,2.0,4.0,3.0,3.0,3.0,3.0,1.0,2.0,1.0,1.0,3.0,3.0,3.0,2.0,2.0,2.0,2.0,3.0,3.0,2.0,4.0,3.0,1.0,2.0,2.0,3.0,3.0,3.0,2.0,3.0,4.0,2.0,2.0,2.0,3.0,4.0,2.0,3.0,3.0,2.0,1.0,1.0,1.0,1.0
R0436,1,41,3.6,3.0,3.0,4.0,3.0,,4.0,3.0,3.0,3.0,4.0,4.0,4.0,1.0,2.0,2.0,2.0,4.0,4.0,2.0,4.0,3.0,3.0,4.0,3.0,4.0,4.0,3.0,3.0,3.0,3.0,3.0,3.0,1.0,3.0,2.0,2.0,2.0,3.0,3.0,2.0,3.0,4.0,3.0,3.0,2.0,3.0,4.0,3.0,3.0,3.0,3.0,3.0,4.0,2.0,3.0,4.0,2.0,3.0,2.0,2.0,4.0,3.0,5.0,5.0,5.0,3.0,4.0,2.0,4.0,3.0,4.0,3.0
R0437,2,29,0.0,1.0,2.0,2.0,1.0,2.0,5.0,3.0,2.0,5.0,4.0,4.0,4.0,2.0,3.0,3.0,3.0,2.0,3.0,3.0,3.0,2.0,2.0,2.0,2.0,3.0,3.0,3.0,3.0,2.0,2.0,2.0,2.0,3.0,3.0,2.0,4.0,3.0,3.0,4.0,2.0,2.0,3.0,2.0,3.0,3.0,3.0,2.0,2.0,1.0,1.0,2.0,2.0,2.0,2.0,4.0,4.0,3.0,3.0,4.0,3.0,2.0,4.0,3.0,3.0,4.0,3.0,3.0,3.0,2.0,3.0,3.0,2.0
R0439,2,29,3.3,5.0,4.0,5.0,4.0,5.0,1.0,5.0,4.0,5.0,4.0,3.0,5.0,4.0,3.0,3.0,1.0,5.0,5.0,4.0,4.0,2.0,2.0,1.0,2.0,4.0,5.0,4.0,5.0,2.0,3.0,3.0,3.0,,4.0,4.0,5.0,5.0,4.0,5.0,5.0,5.0,4.0,4.0,4.0,5.0,5.0,2.0,5.0,5.0,4.0,5.0,5.0,5.0,3.0,4.0,5.0,5.0,3.0,5.0,4.0,4.0,5.0,5.0,5.0,5.0,5.0,5.0,5.0,5.0,5.0,4.0,5.0
R0440,2,26,3.6,5.0,5.0,4.0,5.0,5.0,1.0,4.0,4.0,4.0,3.0,3.0,3.0,3.0,4.0,4.0,3.0,3.0,4.0,2.0,3.0,2.0,1.0,3.0,4.0,3.0,3.0,3.0,4.0,4.0,3.0,2.0,4.0,4.0,5.0,4.0,5.0,4.0,4.0,4.0,5.0,3.0,4.0,4.0,,4.0,5.0,3.0,5.0,4.0,4.0,5.0,5.0,2.0,3.0,3.0,3.0,5.0,5.0,4.0,4.0,3.0,2.0,3.0,4.0,3.0,4.0,3.0,3.0,3.0,3.0,3.0,3.0
R0441,1,22,1.4,3.0,3.0,3.0,3.0,3.0,3.0,3.0,2.0,4.0,4.0,4.0,5.0,3.0,3.0,3.0,4.0,4.0,4.0,3.0,3.0,2.0,2.0,3.0,3.0,4.0,3.0,4.0,3.0,4.0,4.0,4.0,4.0,5.0,4.0,3.0,4.0,3.0,5.0,4.0,4.0,4.0,4.0,4.0,4.0,5.0,4.0,4.0,3.0,3.0,4.0,2.0,4.0,3.0,3.0,3.0,4.0,4.0,2.0,3.0,4.0,3.0,3.0,3.0,3.0,3.0,3.0,3.0,4.0,3.0,3.0,4.0,3.0
R0442,2,30,1.4,1.0,3.0,1.0,3.0,2.0,4.0,2.0,3.0,2.0,3.0,2.0,2.0,4.0,4.0,4.0,4.0,4.0,3.0,3.0,3.0,3.0,3.0,2.0,4.0,2.0,1.0,2.0,3.0,3.0,3.0,3.0,2.0,2.0,2.0,2.0,3.0,2.0,,3.0,4.0,3.0,3.0,2.0,2.0,2.0,2.0,3.0,3.0,3.0,2.0,2.0,2.0,2.0,3.0,4.0,2.0,1.0,3.0,3.0,1.0,3.0,1.0,2.0,2.0,1.0,1.0,2.0,2.0,3.0,1.0,3.0,2.0
R0443,2,25,1.2,5.0,5.0,5.0,4.0,5.0,1.0,5.0,4.0,3.0,3.0,3.0,3.0,2.0,3.0,2.0,4.0,4.0,3.0,3.0,4.0,3.0,3.0,2.0,3.0,4.0,4.0,4.0,3.0,3.0,2.0,2.0,3.0,3.0,4.0,2.0,4.0,4.0,4.0,4.0,3.0,5.0,3.0,5.0,5.0,5.0,4.0,1.0,5.0,3.0,4.0,5.0,5.0,3.0,4.0,5.0,4.0,4.0,4.0,4.0,4.0,4.0,3.0,5.0,5.0,4.0,5.0,5.0,4.0,5.0,5.0,5.0,4.0
R0445,2,22,0.4,5.0,3.0,4.0,4.0,2.0,2.0,3.0,4.0,4.0,4.0,3.0,4.0,4.0,4.0,4.0,3.0,4.0,5.0,4.0,4.0,2.0,2.0,3.0,2.0,5.0,4.0,4.0,4.0,2.0,2.0,2.0,3.0,5.0,4.0,4.0,4.0,4.0,3.0,4.0,3.0,4.0,4.0,5.0,4.0,4.0,4.0,2.0,4.0,3.0,3.0,4.0,4.0,2.0,1.0,2.0,3.0,4.0,4.0,4.0,3.0,3.0,4.0,3.0,3.0,3.0,3.0,4.0,3.0,4.0,4.0,5.0,5.0
R0446,2,31,2.2,2.0,2.0,3.0,2.0,2.0,3.0,3.0,3.0,3.0,3.0,3.0,4.0,2.0,3.0,3.0,4.0,4.0,4.0,4.0,3.0,4.0,3.0,4.0,3.0,2.0,3.0,1.0,3.0,3.0,2.0,4.0,2.0,2.0,3.0,2.0,3.0,2.0,1.0,1.0,2.0,2.0,2.0,3.0,3.0,4.0,2.0,3.0,2.0,2.0,3.0,2.0,3.0,4.0,3.0,4.0,4.0,3.0,2.0,2.0,2.0,3.0,3.0,3.0,2.0,1.0,2.0,3.0,2.0,3.0,3.0,,3.0
R0447,2,32,2.4,2.0,2.0,4.0,3.0,3.0,4.0,2.0,1.0,3.0,3.0,3.0,3.0,4.0,4.0,4.0,3.0,4.0,4.0,2.0,3.0,3.0,2.0,2.0,4.0,2.0,3.0,3.0,3.0,3.0,3.0,4.0,3.0,2.0,3.0,3.0,2.0,2.0,3.0,3.0,3.0,2.0,3.0,2.0,2.0,3.0,2.0,4.0,2.0,5.0,3.0,3.0,3.0,4.0,3.0,3.0,4.0,3.0,2.0,1.0,2.0,3.0,2.0,2.0,3.0,3.0,2.0,2.0,2.0,3.0,2.0,2.0,1.0
R0448,1,24,3.2,3.0,2.0,2.0,3.0,2.0,2.0,3.0,3.0,4.0,2.0,2.0,3.0,3.0,4.0,5.0,3.0,2.0,2.0,2.0,3.0,3.0,3.0,3.0,3.0,5.0,5.0,5.0,4.0,4.0,3.0,3.0,3.0,3.0,2.0,4.0,4.0,3.0,2.0,3.0,2.0,4.0,4.0,5.0,5.0,4.0,4.0,3.0,5.0,4.0,4.0,3.0,1.0,3.0,3.0,4.0,3.0,2.0,2.0,1.0,1.0,3.0,4.0,3.0,4.0,3.0,3.0,4.0,4.0,3.0,2.0,3.0,4.0
R0449,1,37,4.4,2.0,2.0,3.0,3.0,3.0,4.0,2.0,4.0,4.0,4.0,3.0,5.0,4.0,5.0,5.0,5.0,2.0,3.0,4.0,2.0,5.0,4.0,4.0,5.0,4.0,3.0,3.0,2.0,5.0,4.0,3.0,3.0,2.0,2.0,1.0,2.0,1.0,2.0,1.0,2.0,3.0,2.0,2.0,2.0,2.0,2.0,5.0,3.0,3.0,3.0,2.0,2.0,4.0,3.0,2.0,2.0,4.0,5.0,3.0,4.0,3.0,3.0,3.0,3.0,3.0,3.0,2.0,,3.0,3.0,3.0,3.0
R0450,1,31,0.7,2.0,3.0,4.0,2.0,3.0,2.0,2.0,4.0,5.0,4.0,5.0,4.0,2.0,2.0,2.0,3.0,4.0,3.0,3.0,3.0,3.0,4.0,1.0,2.0,4.0,4.0,3.0,3.0,3.0,4.0,4.0,3.0,3.0,2.0,2.0,4.0,3.0,4.0,3.0,5.0,5.0,4.0,4.0,3.0,2.0,4.0,2.0,4.0,5.0,3.0,3.0,3.0,5.0,4.0,3.0,3.0,5.0,4.0,4.0,4.0,3.0,3.0,5.0,4.0,4.0,4.0,4.0,5.0,5.0,5.0,4.0,5.0
R0451,2,24,3.9,3.0,3.0,2.0,3.0,3.0,3.0,2.0,4.0,3.0,5.0,3.0,4.0,3.0,2.0,3.0,4.0,4.0,3.0,4.0,3.0,3.0,4.0,4.0,3.0,3.0,3.0,3.0,2.0,4.0,3.0,3.0,3.0,1.0,4.0,2.0,2.0,2.0,1.0,3.0,3.0,3.0,3.0,2.0,2.0,2.0,3.0,3.0,1.0,2.0,1.0,2.0,2.0,3.0,3.0,4.0,2.0,2.0,3.0,2.0,3.0,4.0,3.0,4.0,3.0,4.0,3.0,3.0,2.0,3.0,2.0,2.0,3.0
R0452,1,41,5.0,3.0,3.0,4.0,4.0,4.0,3.0,4.0,4.0,4.0,3.0,3.0,3.0,3.0,3.0,4.0,3.0,2.0,3.0,1.0,3.0,4.0,2.0,3.0,2.0,3.0,3.0,3.0,3.0,3.0,3.0,4.0,3.0,4.0,4.0,4.0,4.0,4.0,5.0,4.0,5.0,3.0,5.0,4.0,4.0,3.0,3.0,3.0,4.0,4.0,3.0,3.0,3.0,4.0,5.0,3.0,3.0,3.0,4.0,3.0,3.0,4.0,3.0,3.0,2.0,4.0,4.0,3.0,4.0,3.0,2.0,4.0,3.0
R0453,1,35,3.5,2.0,4.0,2.0,,3.0,4.0,2.0,4.0,3.0,3.0,2.0,4.0,2.0,3.0,2.0,2.0,5.0,3.0,3.0,3.0,3.0,3.0,3.0,3.0,5.0,4.0,4.0,4.0,4.0,4.0,3.0,4.0,4.0,4.0,4.0,5.0,4.0,3.0,4.0,3.0,4.0,3.0,5.0,3.0,4.0,2.0,3.0,2.0,3.0,2.0,3.0,2.0,3.0,3.0,3.0,3.0,2.0,2.0,2.0,1.0,3.0,2.0,3.0,3.0,2.0,2.0,1.0,2.0,3.0,3.0,3.0,3.0
R0454,1,36,7.7,4.0,3.0,4.0,3.0,4.0,1.0,3.0,3.0,4.0,3.0,3.0,3.0,1.0,1.0,2.0,2.0,5.0,5.0,3.0,2.0,3.0,2.0,3.0,2.0,5.0,4.0,5.0,3.0,3.0,3.0,2.0,3.0,4.0,4.0,4.0,5.0,4.0,3.0,3.0,3.0,4.0,3.0,3.0,2.0,3.0,3.0,4.0,3.0,3.0,3.0,3.0,2.0,2.0,2.0,3.0,4.0,2.0,3.0,2.0,3.0,2.0,2.0,2.0,2.0,3.0,3.0,3.0,3.0,3.0,2.0,2.0,3.0
R0455,2,36,2.3,3.0,2.0,3.0,2.0,3.0,3.0,2.0,3.0,5.0,4.0,4.0,3.0,2.0,3.0,3.0,3.0,4.0,4.0,5.0,3.0,3.0,4.0,2.0,3.0,3.0,4.0,5.0,3.0,4.0,3.0,4.0,2.0,4.0,4.0,5.0,5.0,4.0,4.0,4.0,5.0,5.0,5.0,5.0,4.0,5.0,4.0,2.0,3.0,3.0,2.0,3.0,2.0,2.0,3.0,4.0,3.0,4.0,5.0,4.0,4.0,3.0,3.0,3.0,4.0,5.0,5.0,5.0,5.0,5.0,5.0,5.0,5.0
R0456,2,32,0.7,4.0,4.0,4.0,4.0,5.0,2.0,4.0,5.0,3.0,4.0,3.0,3.0,3.0,3.0,3.0,4.0,2.0,2.0,3.0,3.0,3.0,5.0,4.0,5.0,4.0,3.0,3.0,3.0,3.0,4.0,3.0,3.0,3.0,3.0,3.0,3.0,3.0,3.0,3.0,3.0,2.0,2.0,4.0,3.0,3.0,3.0,4.0,2.0,4.0,2.0,3.0,2.0,3.0,4.0,4.0,4.0,4.0,5.0,5.0,5.0,4.0,4.0,3.0,3.0,4.0,4.0,5.0,3.0,5.0,4.0,3.0,4.0
R0457,1,33,2.2,2.0,5.0,4.0,2.0,3.0,5.0,2.0,3.0,3.0,3.0,3.0,3.0,3.0,3.0,3.0,3.0,3.0,4.0,3.0,5.0,2.0,4.0,4.0,3.0,3.0,3.0,5.0,3.0,4.0,3.0,3.0,3.0,4.0,3.0,3.0,4.0,3.0,3.0,5.0,4.0,4.0,4.0,3.0,3.0,3.0,2.0,4.0,5.0,3.0,3.0,4.0,5.0,4.0,3.0,4.0,3.0,3.0,3.0,3.0,2.0,2.0,3.0,3.0,3.0,4.0,3.0,3.0,4.0,3.0,4.0,3.0,3.0
R0458,2,36,5.7,3.0,2.0,3.0,3.0,3.0,3.0,3.0,4.0,2.0,3.0,3.0,3.0,4.0,4.0,3.0,3.0,3.0,3.0,2.0,2.0,3.0,2.0,4.0,3.0,2.0,3.0,3.0,3.0,2.0,3.0,3.0,3.0,2.0,2.0,2.0,2.0,1.0,2.0,2.0,2.0,2.0,3.0,3.0,3.0,3.0,4.0,3.0,1.0,3.0,2.0,2.0,2.0,3.0,3.0,4.0,2.0,3.0,3.0,2.0,3.0,3.0,3.0,3.0,3.0,4.0,3.0,3.0,2.0,3.0,3.0,3.0,4.0
R0459,1,29,0.8,4.0,4.0,4.0,4.0,4.0,3.0,3.0,5.0,2.0,4.0,3.0,4.0,4.0,3.0,4.0,,3.0,4.0,4.0,3.0,3.0,3.0,3.0,4.0,3.0,2.0,4.0,4.0,3.0,2.0,3.0,2.0,3.0,4.0,4.0,4.0,3.0,4.0,4.0,5.0,4.0,3.0,3.0,4.0,3.0,4.0,2.0,4.0,4.0,3.0,4.0,3.0,4.0,3.0,4.0,4.0,4.0,3.0,4.0,4.0,3.0,3.0,1.0,2.0,4.0,3.0,4.0,3.0,3.0,3.0,3.0,2.0
R0460,1,28,0.2,2.0,2.0,3.0,3.0,4.0,4.0,2.0,4.0,3.0,4.0,2.0,3.0,3.0,5.0,4.0,5.0,3.0,4.0,3.0,3.0,3.0,4.0,4.0,3.0,4.0,3.0,2.0,3.0,4.0,4.0,3.0,4.0,2.0,4.0,3.0,3.0,2.0,3.0,3.0,4.0,2.0,3.0,4.0,4.0,4.0,4.0,2.0,2.0,3.0,3.0,2.0,3.0,4.0,4.0,3.0,4.0,3.0,3.0,3.0,2.0,4.0,3.0,4.0,3.0,3.0,4.0,3.0,2.0,4.0,3.0,4.0,2.0
R0462,1,39,1.8,4.0,4.0,4.0,4.0,4.0,4.0,4.0,4.0,4.0,4.0,4.0,4.0,4.0,4.0,4.0,4.0,4.0,4.0,4.0,4.0,4.0,4.0,4.0,4.0,4.0,4.0,4.0,4.0,4.0,4.0,4.0,4.0,4.0,4.0,4.0,4.0,4.0,4.0,,4.0,4.0,4.0,4.0,4.0,4.0,4.0,4.0,4.0,4.0,4.0,4.0,4.0,4.0,4.0,4.0,4.0,4.0,4.0,4.0,4.0,4.0,4.0,4.0,4.0,4.0,4.0,4.0,4.0,4.0,4.0,4.0,4.0
R0463,1,30,2.2,3.0,3.0,3.0,3.0,3.0,4.0,2.0,4.0,5.0,5.0,4.0,4.0,3.0,3.0,3.0,3.0,3.0,4.0,4.0,3.0,4.0,3.0,4.0,4.0,4.0,3.0,4.0,3.0,3.0,3.0,2.0,3.0,2.0,3.0,4.0,2.0,1.0,3.0,3.0,4.0,4.0,3.0,4.0,4.0,3.0,3.0,2.0,4.0,4.0,4.0,3.0,3.0,4.0,3.0,4.0,4.0,4.0,3.0,4.0,3.0,3.0,4.0,4.0,4.0,4.0,4.0,4.0,3.0,2.0,1.0,3.0,2.0
R0464,1,32,3.8,5.0,4.0,4.0,5.0,4.0,3.0,3.0,5.0,4.0,4.0,3.0,4.0,3.0,3.0,3.0,3.0,5.0,3.0,3.0,4.0,2.0,3.0,3.0,3.0,4.0,3.0,4.0,3.0,4.0,3.0,4.0,4.0,5.0,5.0,5.0,5.0,4.0,4.0,4.0,5.0,5.0,4.0,5.0,5.0,5.0,5.0,1.0,4.0,3.0,4.0,4.0,5.0,5.0,3.0,5.0,5.0,4.0,4.0,5.0,4.0,3.0,4.0,2.0,2.0,4.0,3.0,4.0,4.0,4.0,4.0,5.0,5.0
R0465,2,33,3.9,3.0,2.0,3.0,2.0,3.0,,3.0,3.0,4.0,2.0,3.0,3.0,5.0,5.0,3.0,4.0,4.0,4.0,3.0,3.0,4.0,3.0,3.0,4.0,3.0,3.0,3.0,2.0,3.0,4.0,2.0,3.0,1.0,2.0,2.0,2.0,2.0,2.0,2.0,3.0,4.0,3.0,2.0,3.0,3.0,3.0,2.0,2.0,1.0,2.0,3.0,1.0,4.0,4.0,2.0,4.0,3.0,3.0,3.0,3.0,3.0,3.0,3.0,3.0,4.0,3.0,4.0,2.0,3.0,3.0,3.0,3.0
R0466,1,31,7.9,2.0,4.0,3.0,2.0,1.0,4.0,1.0,2.0,3.0,2.0,3.0,3.0,2.0,2.0,3.0,2.0,4.0,4.0,4.0,4.0,4.0,3.0,4.0,4.0,4.0,3.0,3.0,4.0,2.0,3.0,4.0,2.0,3.0,2.0,2.0,3.0,3.0,1.0,2.0,2.0,3.0,2.0,3.0,2.0,3.0,3.0,4.0,3.0,2.0,3.0,3.0,3.0,3.0,4.0,2.0,2.0,3.0,4.0,4.0,3.0,2.0,3.0,2.0,3.0,3.0,2.0,3.0,3.0,3.0,3.0,3.0,3.0
R0467,1,30,1.1,5.0,5.0,4.0,4.0,4.0,2.0,3.0,4.0,4.0,4.0,4.0,4.0,4.0,3.0,4.0,3.0,4.0,5.0,4.0,4.0,2.0,3.0,2.0,2.0,5.0,4.0,2.0,4.0,4.0,3.0,3.0,4.0,3.0,1.0,3.0,4.0,3.0,3.0,2.0,5.0,5.0,2.0,3.0,4.0,3.0,3.0,2.0,3.0,5.0,3.0,4.0,4.0,4.0,3.0,4.0,4.0,4.0,4.0,5.0,3.0,5.0,5.0,5.0,5.0,5.0,5.0,4.0,5.0,4.0,5.0,5.0,4.0
R0468,1,38,8.7,3.0,2.0,2.0,3.0,3.0,2.0,3.0,4.0,3.0,4.0,3.0,4.0,4.0,5.0,5.0,4.0,4.0,3.0,4.0,3.0,3.0,4.0,4.0,5.0,3.0,3.0,3.0,2.0,3.0,4.0,4.0,3.0,3.0,3.0,5.0,4.0,3.0,3.0,2.0,4.0,3.0,4.0,5.0,4.0,3.0,4.0,2.0,2.0,3.0,2.0,3.0,2.0,2.0,2.0,2.0,3.0,2.0,2.0,2.0,1.0,2.0,2.0,3.0,1.0,1.0,2.0,1.0,1.0,2.0,2.0,3.0,2.0
